avg_monthly_income,income_consistency,avg_monthly_txn_count,txn_consistency,utility_ontime_rate,platform_tenure_months,customer_rating,cancellation_rate,savings_rate,debt_to_income,is_good
2036,0.832233363906698,6.333333333333333,0.7093326048108615,1,33,3.7,0.126,0,0.6971260132645541,1
5452,0.6325197555539409,16.583333333333332,0.7978050297615004,0.4883720930232558,16,4.9,0.252,0.008790024292085226,0.27201027146001466,0
1827,0.8793898524552564,9.25,0.7135475117912676,0.8048780487804879,1,3.8,0.166,0,0.5517241379310345,1
22860,0.9553586862200135,7.583333333333333,0.8631879165056183,0.4782608695652174,21,4.5,0,0,0.2975503062117235,1
10912,0.7550127808664685,9.666666666666666,0.6746903057911515,0.35714285714285715,32,4.3,0.186,0,0.8792155425219942,0
21767,0.7893896916540026,95.75,0.8854244943836622,0.5833333333333334,14,4.4,0.072,0,0.5726558551936417,1
7761,0.6126050309972423,18.166666666666668,0.8082151838498453,0.75,1,3.9,0.115,0,0.6571318129107074,0
17448,0.8271482748369858,103.41666666666667,0.8716901415277557,0.6111111111111112,11,3.6,0.1,0.11486606267357807,0,1
7924,0.872084191535023,9,0.5817929707171772,0.55,24,3.5,0.221,0,0.34593298416103996,0
12385,0.8699744637202738,11.083333333333334,0.7516519614298686,1,38,3.3,0.184,0,0.5942912511607251,1
33744,0.7118519375680128,18.083333333333332,0.7324409517604649,0.8723404255319149,8,4.1,0.096,0,0.5075051491398344,1
17146,0.7877816266776168,6.75,0.8173006347290279,0.9761904761904762,55,3.7,0.145,0,0.5737198180333606,1
11051,0.7869405678043349,100.16666666666667,0.8925660668395479,0.6410256410256411,8,2.9,0.012,0.0007369347223565253,0.28667088951226133,1
8642,0.962693503063354,6.833333333333333,0.8327889121853403,0.8292682926829268,34,4.7,0.101,0,0.8042119879657487,1
7083,0.9017740685703973,91.75,0.8788665647749286,0.3953488372093023,1,3.6,0,0.01884685009788987,0.07709142252029651,1
13699,0.8287201170256705,6.333333333333333,0.803070663854003,0.5909090909090909,32,4,0.048,0,0.4801985618863379,1
5338,0.7828872047241247,103.33333333333333,0.8493855802589838,0.43902439024390244,23,3.9,0.07,0.08278874949970509,0.09985013113525665,1
12239,0.7432160854880918,10,0.6488115415715754,0.7608695652173914,5,4.1,0.178,0.03469649863507327,0,1
8599,0.7041331164793491,19.5,0.7389312077042519,0.6153846153846154,13,3.2,0.351,0.058775407678186925,0,1
8230,0.8628039077154344,6.833333333333333,0.8327889121853403,0.6739130434782609,29,3.5,0.119,0.00108429402090592,0.28226002430133657,1
2784,0.7371738764205864,16,0.7397917500667335,0.75,73,3.7,0.118,0.006727229092298008,0.39985629603017786,1
36778,0.6017931396628731,15.666666666666666,0.6669685990957759,0.4782608695652174,30,3.2,0.086,0,0.6772527054217196,0
13725,0.805217562799609,105.16666666666667,0.8860385648916209,0.43243243243243246,15,3.5,0.168,0.0365296910068262,0.2422674778680462,1
17810,0.6101546190934265,17,0.7380315840022081,0.7560975609756098,16,3.5,0.161,0.0892300183923511,0.09775407074677148,1
15711,0.5732122121660115,16.333333333333332,0.7704648596081226,1,96,4,0.085,0,1.0724333269683661,1
10829,0.6593120344298187,10.666666666666666,0.6634271995540935,0.918918918918919,12,3.4,0,0.03388619088997299,0,1
14999,0.6818607615768493,20.25,0.8423809217925469,0.5238095238095238,17,3.5,0,0.008773296549872047,0.343034303430343,1
2642,0.7719856652236023,6.333333333333333,0.7316305519161692,0.5365853658536586,13,4.2,0.015,0,0.0987887963663891,1
8620,0.8060317595236406,96.5,0.8543374727790967,0.925,32,4.6,0.201,0.05410733244288083,0.14153132250580047,1
15188,0.6843196836252521,18.916666666666668,0.7804858589726698,0.8571428571428571,21,3.8,0.06,0.00696717403264682,0.10330524097972084,1
25227,0.8110081768357824,6.583333333333333,0.8092845674263371,0.6976744186046512,67,3.3,0.176,0,0.5057380135968129,1
5607,0.814176653399665,101.83333333333333,0.8744455750310267,0.6744186046511628,1,3.7,0.175,0.10438670963395465,0,1
12769,0.4459199749712518,16.25,0.6973489911860615,0.42105263157894735,64,3.9,0.013,0.01579736744557488,0.47607486882293054,1
24368,0.824916552012881,10.75,0.6819815271819223,0.7105263157894737,51,4.2,0.085,0,0.3612934996717006,1
8643,0.6051368789083758,6.833333333333333,0.8033595671146695,0.6428571428571429,54,3.8,0.098,0,0.460862019091698,1
20040,0.7334790540923299,20.166666666666668,0.839533158355805,0.7073170731707317,28,4.2,0.208,0.017538822051519173,0.14141716566866266,1
16245,0.6799793007486417,11.5,0.7171127348414039,0.7674418604651163,25,3.6,0.165,0,0.6323370987103327,1
8913,0.8047782473359536,98.83333333333333,0.9046508941434929,0.5333333333333333,1,4.3,0.109,0.0006037837112572119,0.6594861438348479,1
13991,0.5906669774036262,6.75,0.8173006347290279,0.6666666666666666,11,4.3,0.056,0,1.001572439425345,0
13929,0.7392545600567813,6.583333333333333,0.7900870385851013,0.45,40,4.6,0.101,0,0.6756650034102739,1
1779,0.735521649069776,6,0.7546733092686709,1,41,4.9,0.18,0,0.65654862282181,1
7728,0.8006210625302875,100.66666666666667,0.8678812096472848,0.2857142857142857,1,4.1,0.159,0,0.9091614906832298,0
25024,0.7458813525016741,12.25,0.7570942711379983,0.6585365853658537,72,4.3,0.116,0.002458222618308134,0.056586808400103904,1
21674,0.8766009673318901,12.083333333333334,0.7932184227508283,0.6136363636363636,37,3.4,0.08,0,0.533739359125199,1
5886,0.8477178317087477,6.25,0.6997778600213946,1,24,4.9,0.136,0,0.5729334805878855,1
2152,0.7233655295080501,92.83333333333333,0.8706737632786212,0.7619047619047619,18,4.8,0.256,0.014623982403619845,0.11945154543341854,1
15211,0.688142734954331,20.5,0.8503093281339678,0.6666666666666666,72,4.3,0.085,0,0.7370981526526855,1
16153,0.6294564044857266,15.666666666666666,0.7238137237075071,0.7954545454545454,7,3.4,0.018,0.02973838117605367,0,1
6857,0.8427642117023614,95.75,0.8620958351247985,0.6216216216216216,16,5,0.117,0.004358816030214781,0.2759425362794429,1
20561,0.5565689655040615,19.333333333333332,0.7617193972226681,0.8780487804878049,56,4.3,0.139,0,1.0432139296223342,0
16136,0.7179446940866642,5.583333333333333,0.6692758237886516,0.7380952380952381,13,4.7,0.163,0.0035648657152177955,0.04623346038238666,1
12386,0.8297643369378394,95.41666666666667,0.8502826471323393,1,7,4,0.161,0.09835160533001265,0,1
2041,0.7590990152098342,6.333333333333333,0.7165702733087103,0.6904761904761905,28,3.9,0.181,0,1.0313571778539932,0
8389,0.6161621489099671,5.666666666666667,0.7469904333222757,0.7073170731707317,57,4.2,0.171,0,0.7226560171663587,0
3865,0.8723429435016734,10,0.6890873648970395,0.7555555555555555,43,3.2,0.056,0.007164937179128411,0.1951093285030405,1
13648,0.8524151933458249,6.083333333333333,0.7538054691012133,1,91,4.4,0.179,0,0.7967026928008792,1
11636,0.7292272537898885,9.916666666666666,0.6669256944099762,0.7021276595744681,8,4,0.139,0,1.0520390185209059,0
8763,0.6926884000566779,96.25,0.9044828959009684,0.9791666666666666,11,4,0.187,0,0.4585449358059914,1
15426,0.6379677145110063,18.416666666666668,0.7926930101546551,0.7555555555555555,53,3.8,0.144,0,0.5417476986905225,1
26687,0.8599336296466795,11.25,0.6314861344049556,0.6744186046511628,38,3.8,0.092,0.006140819406670751,0.3275752238917825,1
14840,0.6934500947113486,10.666666666666666,0.6591027464176339,0.5526315789473685,27,4.7,0.267,0,1.1674528301886793,0
13008,0.7832857810737748,102.33333333333333,0.8861564682911968,0.9782608695652174,3,3.7,0,0.011932354926908766,0.21126273303863155,1
10870,0.6166274633305002,16.25,0.72927156484481,0.8108108108108109,63,3.6,0.341,0.008457224321918424,0.5685372585096596,0
5747,0.716889619669909,6,0.736476861652635,0.43902439024390244,33,5,0.043,0,0.40320194901244233,1
10405,0.626662629653167,16.083333333333332,0.7533003967436805,0.6428571428571429,46,3,0.127,0.002187707004148799,0.1372417107160019,0
22079,0.6776923282610067,19.083333333333332,0.7298569811664359,0.8461538461538461,13,4.2,0.141,0.060946349834336944,0,1
7716,0.6566667054953701,19.833333333333332,0.7892447696809336,0.37209302325581395,1,3.6,0.345,0,0.6709869742725683,0
19502,0.7918064846588435,100.41666666666667,0.8795021889967736,0.7,16,5,0.075,0.008516078985603534,0.25371756742898166,1
17455,0.7595174208275459,6.75,0.7893984924786175,1,71,3.9,0.013,0,0.41363506158693786,1
26778,0.7052419823140683,100.08333333333333,0.8991337099118591,0.9069767441860465,20,4.5,0,0,0.6713472131453646,1
15753,0.5735369828937339,19.666666666666668,0.8186361478048076,0.7446808510638298,62,4.5,0,0.030355345613011547,0.2953182034597683,1
10241,0.873860050216468,98.58333333333333,0.8516995365650495,0.34146341463414637,7,4.7,0.152,0,0.20554633336588224,1
8779,0.6875160691109332,104.16666666666667,0.8870327481081354,0.6842105263157895,19,5,0.167,0,0.7439343888825607,1
18624,0.736370020021335,11,0.7173521499063995,0.5909090909090909,21,4.4,0,0,0.8401213520551991,1
8733,0.8125099210512585,100.83333333333333,0.8670166010875326,0.7333333333333333,53,4.6,0.144,0,0.24964214142570856,1
15128,0.8016435188602247,96.25,0.8547852935910387,0.6904761904761905,56,4,0.15,0.027692651427534007,0,1
16153,0.6393152533301426,10.75,0.6686556546796509,0.6444444444444445,20,3.6,0.1,0,0.3060731752615613,0
8082,0.6300242670690603,7.25,0.8208223302514954,0.8604651162790697,5,4.3,0.138,0,0.2567592649879354,1
11760,0.8975330299896649,11.5,0.7355320639000774,0.5,15,4.2,0.053,0,0.39931972789115644,1
22466,0.8587176101765635,6.166666666666667,0.7283817399697057,0.5853658536585366,73,3.6,0,0,0.5608475028932609,1
2141,0.8091571892229276,6.75,0.8276019747682847,0.782608695652174,35,3.5,0.071,0,0.49287549637935063,1
4097,0.6519733236020562,18.666666666666668,0.7744762332086591,0.3684210526315789,9,3.6,0.223,0,1.0901989503234468,0
15449,0.5736777910962904,17.583333333333332,0.7917386488841722,0.46511627906976744,44,4.3,0,0.0031186864485610558,0.17186134576172443,1
23332,0.7904208270938579,100.58333333333333,0.859079410080153,0.5853658536585366,46,4.4,0.203,0,0.1402365849477113,1
9428,0.6879667463774666,17.166666666666668,0.7311187878810441,0.8541666666666666,44,2.6,0.079,0.013933459957833466,0.2927450148493848,0
2901,0.7405543537339592,19.166666666666668,0.8132964299688358,0.3333333333333333,23,3.5,0.176,0.004262714965239663,0.37786588519220826,0
17713,0.8594256055412272,11.333333333333334,0.7858791209035142,0.6326530612244898,28,3.9,0.078,0.00021648395420931403,0.2641637261820748,1
25788,0.7332517974442994,17.833333333333332,0.7929110298489688,0.6153846153846154,35,3.8,0.012,0,1.2365441290522723,0
22624,0.7533556254756454,18,0.6965561183671494,0.6046511627906976,69,4.5,0.129,0,0.7158043627201803,1
16091,0.7802149984887978,6,0.736476861652635,0.42857142857142855,49,3.8,0.127,0,0.8186563917717979,0
29392,0.734091218557708,95.91666666666667,0.852837377308354,0.5853658536585366,49,4.8,0.008,0,0.5361663037561241,1
17151,0.6081100818383114,16.583333333333332,0.6970303458294902,0.5833333333333334,33,4.3,0.028,0,0.6700483936796688,1
8715,0.7368807403757569,7.083333333333333,0.8136120056734722,0.7111111111111111,16,4.3,0.151,0,1.2572576018359152,0
10694,0.7845909994508793,11.5,0.7477261567314608,1,44,4.8,0.185,0,1.0071067888535628,1
1772,0.7560695392508776,6.666666666666667,0.7238659745703184,0.4418604651162791,35,3.6,0.283,0,0.550381033022862,0
5247,0.6637007055673622,17.666666666666668,0.7628338662268579,0.7619047619047619,3,4.9,0.18,0,0.6521821993520107,1
24030,0.6708129707969124,99.41666666666667,0.8716149945232184,0.7073170731707317,23,4,0.196,0,0.9070101333777232,1
10185,0.6416121757133477,9.916666666666666,0.6544389042865195,0.4523809523809524,57,3.5,0.211,0,0.5306823760432008,0
8594,0.8660456198288389,9.916666666666666,0.731749752949372,0.5476190476190477,19,3.5,0.16,0,0.8374447288806144,0
11227,0.8923924971745469,5.5,0.7375680594592611,0.85,20,3.5,0.099,0,0.6107597755411063,1
2303,0.6305360003050652,18.416666666666668,0.7745261990352762,0.425,30,4.8,0.173,0.0011566042100393246,0.48805905340859745,0
13152,0.8835572683208738,12.416666666666666,0.7783202071823658,0.6388888888888888,41,3,0.14,0,0.3484773599969585,1
31112,0.7654277720868399,95.83333333333333,0.8892541184352489,0.775,38,3.8,0.1,0.006622864674906173,0.4642013403403886,1
1970,0.7597303973144739,6.75,0.7425104492022937,0.5777777777777777,3,4.4,0.049,0,0.6768215283066769,1
13385,0.8402603062238452,96.75,0.8323198492722726,0.925,69,3.9,0.234,0,0.2774000747104968,1
25591,0.8169882346642028,93.16666666666667,0.8647390952006015,0.5909090909090909,13,4.7,0.093,0,0.5506340243449718,1
1923,0.6569715313301249,7.083333333333333,0.7591824765828386,0.9473684210526315,33,3.2,0.216,0.10441146856769264,0.11859557867360208,1
1982,0.8492814787947277,6.416666666666667,0.7193482755198142,0.52,26,3.5,0.156,0.014762936337909115,0,1
17547,0.7326407924240965,92.58333333333333,0.8671673280879275,0.7560975609756098,1,4,0.132,0.04996578381941368,0,1
3189,0.5528248377117213,18.25,0.7125462879353948,0.6904761904761905,16,3.9,0.115,0,0.48769013642778736,0
10649,0.780449571406695,12.416666666666666,0.7401548901663633,0.6571428571428571,46,3.5,0.107,0.018531238009019263,0.3215325382665039,1
17645,0.7928488568242691,6.416666666666667,0.7418882218915352,0.7142857142857143,59,3.7,0.121,0,0.37881492816458384,1
22205,0.8465323419492655,11.083333333333334,0.7435880766168431,0.8974358974358975,25,4.3,0.069,0,0.9900022517451025,1
27799,0.6966615579880211,17.583333333333332,0.7943433748459987,0.7142857142857143,38,3.9,0.09,0,0.4082954116229293,1
13986,0.6101338993660854,99.5,0.906482245546346,0.7837837837837838,63,3.9,0.231,0.04669797787244853,0.11483322012083944,1
22342,0.583213739294256,18.583333333333332,0.812998569847596,1,26,3.9,0.232,0.030111226518810263,0,1
18241,0.7926242401775095,105.08333333333333,0.8813034754702744,0.37209302325581395,1,3.9,0.036,0.0881609532338538,0,1
7155,0.7763036170577285,11.75,0.6909395947588521,0.813953488372093,49,3.4,0.1,0,0.7097630861695436,1
26712,0.6986655584326293,11.666666666666666,0.7044548447774686,0.6097560975609756,9,4.1,0.025,0,0.426258353143777,1
1957,0.9245714739370355,98,0.8858388677085822,0.6808510638297872,8,4.6,0.05,0,0.5121390237669308,1
9528,0.7795664971950761,10.25,0.7180138992516321,0.7380952380952381,32,4.2,0.122,0.0002665387280771896,0.5121746431570109,1
12106,0.8138702415271964,100.25,0.8600451592177298,0.7291666666666666,55,4.2,0.14,0,0.9795968941020982,1
16494,0.7840320828725176,9.916666666666666,0.6798992108446906,0.6842105263157895,54,3,0.13,0,0.5651752152297805,0
5071,0.7616205243337164,6.166666666666667,0.8269425881774906,0.825,1,4.8,0,0,0.7021003845774578,1
2025,0.6482735720305008,16.583333333333332,0.7264650974822748,0.6153846153846154,13,3.3,0.114,0,0.5280316127438873,0
8529,0.8244482584798196,6.333333333333333,0.7829944407569652,0.78,54,3.6,0.14,0.03724508916282649,0.31611655038986924,1
10503,0.7651965428382511,10.666666666666666,0.6656103975151141,0.5777777777777777,37,4.2,0.108,0,0.5924303737205427,1
1933,0.8800302938362901,7.5,0.850928801500014,0.7391304347826086,6,4.5,0.241,0,1.0372478013450595,1
22357,0.8424858936651667,103.66666666666667,0.8948204036411824,0.5,1,3.2,0.027,0.006068439628919166,0.042985261557041576,1
21294,0.7374244737155877,6.416666666666667,0.7498524638408023,0.34285714285714286,65,4.5,0,0,0.3907765280484655,1
16635,0.7292929941963062,6.166666666666667,0.8032402732626887,0.9069767441860465,65,4.1,0.09,0,0.6648832246235234,1
18686,0.7882014144902811,6.333333333333333,0.7927892664733733,0.875,43,4.1,0,0,0.3856363052552713,1
18764,0.8436863590095218,8.5,0.5717582418070284,0.5813953488372093,20,3.6,0.219,0,0.4052548831507981,0
40197,0.8338860529017141,97.66666666666667,0.8818205481694145,0.6,21,4.3,0.07,0,0.6323108689703212,1
9623,0.7067818778678456,96.08333333333333,0.8335072481802606,0.44680851063829785,1,4.4,0.204,0,0.5629514159521953,1
17882,0.9100068348590469,92.75,0.8765098524101854,0.6976744186046512,6,4.2,0.073,0,0.5577831837373822,1
1907,0.7820862418825558,6.333333333333333,0.7316305519161692,0.45652173913043476,35,3.5,0.123,0,0.48033560566334554,0
21549,0.704204189864666,19.583333333333332,0.7655709187942243,0.8913043478260869,1,3.5,0.153,0,1.0387488978606896,0
14735,0.6452178491638259,10.333333333333334,0.6481060608182028,0.5135135135135135,10,3.9,0.13,0.0068103961440369905,0.5956565999321344,0
4689,0.8222117376511362,10.75,0.6730372603261529,0.675,1,4.3,0.214,0,0.41975045323664284,0
18527,0.8628499891896428,100.33333333333333,0.8592639895018264,0.7142857142857143,1,5,0.044,0,0.8696731708633579,1
12332,0.6591252420312206,96.58333333333333,0.8647088667379985,0.7674418604651163,17,4,0.006,0.012205287173013786,0,1
33560,0.8026773894082658,95.83333333333333,0.8873854290604377,0.6216216216216216,78,4.1,0,0,0.22997958849208122,1
5881,0.6790882562557015,11.833333333333334,0.7243607635101278,0.5853658536585366,1,3.9,0.298,0,0.7356517302950429,0
8537,0.4765052419370752,17.416666666666668,0.7871485510092323,0.7777777777777778,45,4.2,0.336,0.00268867193553386,0.46377320916066306,0
10326,0.7537398643251314,10.583333333333334,0.7702999662076406,0.6744186046511628,50,3.7,0.113,0,1.1277358125121053,0
23729,0.7722974397239468,6.75,0.8276019747682847,1,42,4.2,0.058,0.024532942564896156,0,1
7941,0.6588985506456145,20.083333333333332,0.8034841454570187,0.5476190476190477,63,4.1,0,0.0002609509412230501,0.09432655374346703,1
15139,0.8289063628128481,11.583333333333334,0.7351775205855258,0.9534883720930233,21,4.4,0.031,0,0.5746276051127919,1
16038,0.7258469605873299,6,0.7958758547680685,0.75,86,3.2,0.084,0,0.40299298519095866,1
13233,0.8315048746247433,96,0.8888617654633387,0.6486486486486487,57,3.4,0.152,0.010766030598091206,0.026675734905161338,1
4890,0.7799401302587992,100.5,0.8687157778904492,0.4634146341463415,36,3.5,0.065,0,0.27177914110429446,1
23671,0.851278487710978,11.666666666666666,0.6863643085699979,0.8648648648648649,38,3.6,0.211,0.1360029104101942,0,1
16850,0.8076800871780239,17.583333333333332,0.7297746864426837,0.32432432432432434,1,5,0.14,0.01801849269031072,0.3258753709198813,1
9734,0.6950701574225646,17.833333333333332,0.8019661672858216,0.475,18,4.2,0.157,0,0.5670108388554991,0
11252,0.8607669866115819,9.75,0.7626761815911997,0.5909090909090909,12,3.6,0.206,0.001276144012287121,0.6995511709549838,0
23186,0.8248979744810905,6.416666666666667,0.784634753873026,0.6585365853658537,20,4.6,0.261,0,0.7773824157339717,1
18060,0.9247212495182401,6.416666666666667,0.8383129922339125,0.9210526315789473,21,3.8,0.013,0,0.9535701431379606,1
17630,0.8391789762256862,5.75,0.7527721433444641,0.6097560975609756,20,4.1,0,0.01878199076505464,0.008111404180492924,1
23189,0.7599999906312188,96.66666666666667,0.851263746026278,0.9459459459459459,1,4.1,0.092,0,0.8250210233520926,1
15731,0.7204300013789604,94.58333333333333,0.833140220683531,0.8421052631578947,10,4.4,0.165,0,0.5242681415085344,1
13646,0.5089931965882292,18.75,0.8368822284133105,0.7435897435897436,63,4.1,0.053,0,0.3322585373003078,1
19491,0.77318847563166,99.58333333333333,0.8975553109979753,0.6666666666666666,87,3.9,0.207,0,0.6032014776050485,1
11146,0.8102399402810919,101.5,0.886058783189947,1,40,4.8,0.125,0,0.4251043021847382,1
16664,0.6733589166382189,18.166666666666668,0.7942416376880201,0.5945945945945946,1,3.6,0.155,0.012973069491984122,0.009601536245799328,1
13528,0.733666513424706,11.666666666666666,0.744449374000024,0.8,31,4.2,0.278,0,0.5593051192016263,0
10915,0.6443258851459207,19.666666666666668,0.7371514844191386,0.38235294117647056,47,4.1,0.266,0,0.5890329378349901,0
1753,0.7106258606866322,96.83333333333333,0.8577871568445877,0.7105263157894737,34,3.8,0.146,0,0.3428408442669709,1
14296,0.6574822406181752,12,0.7093270897714397,0.5,26,4.4,0.081,0,0.3539451594851707,0
19268,0.7158082551185843,101.83333333333333,0.8768364862183359,0.5116279069767442,45,4.2,0.061,0,0.5026599195536525,1
1914,0.6114873413681083,6.25,0.7921539030917347,0.725,78,3.5,0.227,0.20231428646927166,0.054858934169279,1
6074,0.7778485431762334,96.5,0.8470844086697025,0.6444444444444445,58,3.6,0.169,0.0006337135614702154,0.32600642133860214,1
30182,0.7433208105500468,95.16666666666667,0.9038052108941544,1,49,3.7,0.125,0,0.6632098601815651,1
24300,0.6559573382829031,11.333333333333334,0.7469904333222757,0.375,16,3.8,0.068,0,0.7933744855967079,0
25209,0.6894734223579645,96,0.8557877801576723,0.46153846153846156,67,4.1,0.117,0.01239155411853856,0.16085844060535137,1
5509,0.8537134644595055,6.666666666666667,0.812917130661303,0.8333333333333334,62,3.3,0.179,0.006572482892277521,0.32147395171537485,1
13614,0.8494707672161228,7.166666666666667,0.788129451647807,0.40540540540540543,29,4,0.069,0.0501304884681116,0,1
13641,0.5823299714033074,18.5,0.725705633375886,0.7755102040816326,34,4.1,0.05,0.015214886654687452,0.15402661192771527,1
12292,0.6893247440555519,18.666666666666668,0.7095811434412395,0.6428571428571429,9,3.6,0.208,0,0.9722979294634504,0
17383,0.8117574711526729,6.916666666666667,0.8388061667438597,0.8181818181818182,7,4.6,0.105,0,0.3529987055947073,1
17733,0.7512085297831615,6.166666666666667,0.7924014662738215,0.7021276595744681,11,3.2,0.22,0.08187855846308682,0,1
28033,0.703677809068739,19.666666666666668,0.7657580515070297,0.5384615384615384,11,5,0.304,0,0.7448721150073128,1
8950,0.6786784846089073,17.583333333333332,0.7451752595493826,0.7,54,4,0.065,0.0061892948869567066,0.08056315995307001,1
16460,0.7165245370297975,8.5,0.6905934541556961,0.5277777777777778,47,4,0.033,0.01495089653193197,0.4351894042953917,1
14507,0.6730944767552802,17.416666666666668,0.7592868664477461,0.7804878048780488,8,4.3,0.165,0.1308664148996525,0,1
8352,0.8702690664633346,10.75,0.703089643376658,0.6,16,4.2,0.156,0,0.8314176245210728,0
13990,0.5640746048079088,16.583333333333332,0.7400984815882261,0.8536585365853658,45,4.3,0.159,0,1.1508220157255182,0
4787,0.8660182925152444,6.5,0.6766789688995258,0.5952380952380952,38,3.1,0.325,0,0.9951953206601212,0
22474,0.7340932856493585,6,0.77433226653789,0.7142857142857143,44,4.8,0.093,0,0.483670018688262,1
15848,0.7508933161645864,9.333333333333334,0.7474618638619474,0.7555555555555555,71,3.8,0.122,0,0.6674659262998486,1
24581,0.7227075771122743,6.083333333333333,0.7936093263928854,0.5909090909090909,68,4.6,0.115,0.0057299437507494595,0.3017025691096601,1
24568,0.8437874030011835,6.75,0.7893984924786175,0.5,26,3.5,0.115,0.022393963352158115,0,1
9358,0.700413836365988,6.916666666666667,0.8002033258822048,0.7391304347826086,48,3.7,0.04,0.011918738654052735,0,1
25125,0.9193019006055866,96.83333333333333,0.8542076218063905,0.46153846153846156,21,4.4,0.307,0.043805530122882054,0.09835021592469502,1
13709,0.7385982055975187,6.5,0.7870096445405621,0.9523809523809523,30,4.6,0.251,0,0.3800561695298537,1
13901,0.6624959663929979,15.25,0.7041600506308379,0.5,62,4.5,0.171,0.004471020788372587,0.2755296572065753,1
7179,0.6934618064608786,103.66666666666667,0.8981920244438099,0.5609756097560976,23,4,0.098,0,0.4676138737985792,1
9795,0.713191736925336,11.25,0.7233355644891393,0.47368421052631576,7,3.9,0.127,0.0004294786418823711,0.595436214201848,0
25761,0.7310192823687092,17.583333333333332,0.7430685086553592,0.6666666666666666,36,3.9,0.033,0.05895939369813554,0,1
22513,0.8975672613624018,7.5,0.7856966497557121,0.7441860465116279,35,4.3,0.211,0,0.38489727928928374,1
6532,0.8475882088119013,95.33333333333333,0.854442948975534,0.8048780487804879,1,4,0.15,0.023028687285670504,0.07349000995177218,1
21008,0.7570257261624649,7,0.7741230242736872,1,30,3.9,0,0,0.6283796648895659,1
19372,0.6429599843746898,17.083333333333332,0.6807578873764648,1,16,3.4,0.093,0,0.7083935577121618,1
15147,0.836703933269253,6.583333333333333,0.8196480145724683,0.5945945945945946,1,3.5,0.019,0,0.6472122272472188,1
14797,0.7012870864836545,97.66666666666667,0.8517222935411026,0.975609756097561,20,3.3,0.222,0,0.2364072584732876,1
2030,0.3788017459507237,20.25,0.7884357377114904,0.8636363636363636,55,3.9,0.061,0.1039812492596054,0,1
18909,0.6121095954682225,19.083333333333332,0.6963573612892144,0.8181818181818182,18,3.9,0.172,0,1.2037125178486434,0
11238,0.768248469882958,6,0.7194581961566089,0.6097560975609756,58,4,0.015,0.0005219530519563492,0.10634037819799777,1
17155,0.7858657714613205,11.083333333333334,0.7207903063514716,0.7142857142857143,58,4.3,0.208,0,0.3731856601573885,1
1803,0.7843400927827162,9.75,0.6699703491229432,0.5681818181818182,48,5,0.186,0.0010787486515641857,0.4332871012482663,1
23083,0.7116167387610919,18.25,0.6803979142539339,0.675,59,4.8,0.146,0.06787663803711012,0.06147514350698581,1
16312,0.7056040951125679,12.083333333333334,0.8045706577199344,0.5454545454545454,1,3.3,0.074,0.004773437695543427,0.2783227072094164,1
11152,0.7383710596709888,11.916666666666666,0.8376477375350504,0.7142857142857143,53,3.4,0.143,0.0010509843139772273,0.14347202295552366,1
11131,0.7736206537813923,6.166666666666667,0.7722662223465849,1,13,4.2,0.12,0,1.0277166344728448,1
16009,0.7074477632827161,19.833333333333332,0.8016735509041018,0.7567567567567568,26,3.6,0.089,0,0.516600555954649,1
22238,0.7291476467604943,16.5,0.7250372204279556,0.9459459459459459,56,4,0.144,0.11544465157731833,0.10446318156267566,1
19635,0.709777175274569,18,0.6666666666666667,0.5555555555555556,10,3.7,0.005,0.08985210285806905,0,1
13402,0.4907736612052639,19.083333333333332,0.7281681310482808,0.9772727272727273,24,3.5,0.139,0.003643973338387809,0.03865094761975824,1
6415,0.8943554867454393,99.66666666666667,0.8804143198743738,0.4186046511627907,61,4.9,0.191,0,0.2648480124707716,1
13048,0.7925036331920212,90,0.8709005551264195,0.6341463414634146,41,4.5,0.071,0,0.7517915309446254,1
24874,0.5993673324857606,104.16666666666667,0.9011749019732336,0.6756756756756757,29,3.6,0.085,0,0.6898104408306028,1
5724,0.7013384884370704,102.08333333333333,0.8995055953575948,0.8,3,3.3,0.098,0.002728923258203253,0.2790250720712851,1
5745,0.8274901394172306,5.666666666666667,0.6915268093617202,0.8636363636363636,1,4.1,0.215,0,0.8463747932805292,1
10026,0.6399367888490021,11,0.6829022797506614,1,1,3.4,0.018,0,0.7001795332136446,1
9549,0.6163614007037134,10.583333333333334,0.6855318811383329,0.8095238095238095,1,3.8,0.033,0,0.39566424045661625,0
20360,0.762359476107401,95.08333333333333,0.8901598853729085,0.6410256410256411,71,4,0.147,0,1.1194773938456248,1
15155,0.6680385661174767,20.416666666666668,0.7580104676280549,0.7333333333333333,1,2.5,0.209,0.0004714640198511166,0.19716915767593785,1
21372,0.6393874248420701,18.5,0.7018848268869495,0.7073170731707317,52,4.5,0.017,0,0.41648924970170553,1
25109,0.6924048231160972,17.416666666666668,0.7448813878130472,0.8372093023255814,46,3.1,0.228,0.005080861792976624,0.43001374036680806,1
10957,0.5740540266308372,15.916666666666666,0.6781488400145825,0.8108108108108109,26,4.2,0.127,0,0.5395883721991512,1
10478,0.8765548328231549,6.75,0.8075499102701247,0.6341463414634146,18,4.1,0.201,0,0.4405420881847681,1
14233,0.8021994495100819,6.75,0.7982699427361952,0.5365853658536586,36,3.5,0.218,0,0.9933956298742359,0
22666,0.8618229627367904,6.666666666666667,0.7525126265847084,0.5238095238095238,39,3.8,0.12,0,0.7740839602038341,1
2195,0.5334354486621549,18.25,0.7972787864801543,0.4146341463414634,12,2.9,0,0,0.29658314350797266,0
27419,0.717782478819609,96.33333333333333,0.8655630298957618,0.6153846153846154,30,3.9,0.17,0.0452046122544681,0.12662752106203728,1
23566,0.7326812304576715,6.416666666666667,0.784634753873026,0.5777777777777777,52,3,0.255,0,0.4081727913095137,1
1778,0.8344998554573317,11.166666666666666,0.6837370134266105,0.9574468085106383,20,3.3,0.108,0.013811741390040641,0.35545556805399325,1
13214,0.7142344385802576,101.41666666666667,0.8566882206511043,0.5319148936170213,50,4,0.007,0,0.8472395655957922,1
23806,0.6974421147915204,11.25,0.6792498504502079,0.7317073170731707,1,4.2,0.147,0,1.1727295639754685,0
20852,0.7041835207196727,11.166666666666666,0.778118376905694,0.9772727272727273,47,4.4,0.2,0,1.1613754076347593,1
16957,0.8183147205374122,97.83333333333333,0.8616111938012518,0.925,32,4.1,0.037,0.018166102248592938,0.29627882290499497,1
14950,0.6078752996395642,6.916666666666667,0.8184756726106102,0.7380952380952381,49,4,0.052,0,0.3911036789297659,1
14349,0.8396203099224605,7,0.7979694910895578,0.9024390243902439,32,4.9,0.086,0,1.176917447816845,1
8778,0.7737361718770585,11.25,0.7186160012855914,0.6578947368421053,53,4.3,0.015,0,0.7655938479065794,1
11125,0.8347705814978966,6.666666666666667,0.7525126265847084,0.8571428571428571,16,4,0.181,0,0.6744572789788305,1
9033,0.8803360740445085,11.5,0.7171127348414039,1,9,4.3,0.136,0.024806061072868018,0.2510793756227167,1
24330,0.6234902236878794,20,0.793844718719117,0.6818181818181818,1,3.7,0.053,0.09963866333358297,0.054748350767586676,1
8677,0.6751481640297203,9.166666666666666,0.7487222734348136,0.6818181818181818,8,4,0,0,0.6869885905266797,1
20558,0.7703035009634164,102.08333333333333,0.9127064820998226,0.775,58,4.1,0.098,0,0.648068878295554,1
20857,0.5924703537836419,17.666666666666668,0.7138537568282435,0.2682926829268293,57,3.8,0.17,0.004839671012649461,0.4772133387672908,0
1960,0.6020167484830682,17.833333333333332,0.7525569664509584,0.6842105263157895,16,4.7,0.257,0,0.9053329931104873,0
22150,0.8469403396356345,99,0.8879743787231372,0.8,9,4.6,0.178,0,0.5777557055464005,1
23720,0.7382953395698096,9.833333333333334,0.709877241209768,0.6153846153846154,11,3.9,0.189,0,0.5876897133220911,0
14559,0.5721060356718056,18.333333333333332,0.7507034690763257,0.9512195121951219,20,3.8,0,0.04589763360541201,0,1
27831,0.8912849956996683,5.916666666666667,0.7287132354329828,0.675,13,4.6,0.033,0,0.39021235313140024,1
12930,0.6814132217436142,11.25,0.6896835545829124,0.6744186046511628,2,4.1,0.136,0,0.6681619552186859,0
31185,0.9011675713561469,90.91666666666667,0.845982827767159,0.391304347826087,9,4.6,0.041,0.0036589849617423113,0.10934744268077601,1
5252,0.6565348413230279,19.25,0.7367125333413858,0.7659574468085106,28,4.5,0.175,0.01186683421483807,0.5986290936785986,1
10965,0.6449826710534968,11.833333333333334,0.7468704118927968,0.48717948717948717,46,3.2,0.139,0,1.1090743274053807,0
25473,0.5248068904429344,17,0.685051403839039,0.9210526315789473,8,3.7,0.129,0,0.5656688585729709,1
13878,0.7570121142113739,95.16666666666667,0.8709601609822162,0.37209302325581395,52,3.2,0.255,0,0.47751837440553396,1
46336,0.8654693383803715,93.75,0.8676211944904013,0.5909090909090909,25,3.9,0.21,0,0.3393078740922187,1
13628,0.7518864704453443,6.833333333333333,0.8033595671146695,1,19,3.8,0.125,0,0.4902406809509833,1
4734,0.636237977603825,6.5,0.7964806683796468,0.5789473684210527,54,4,0.164,0.0020549405689733753,0.337346852555978,1
12381,0.7134224343469278,10,0.6734013676289096,0.7045454545454546,54,4.2,0.118,0,0.4249424498202819,1
11034,0.9041229669628561,99.41666666666667,0.8711561044826547,0.8333333333333334,10,4.5,0.247,0,0.7706530112838175,1
9986,0.5726277421170188,17.75,0.7258039107896932,0.7954545454545454,65,4.7,0.151,0,1.1468055277388343,0
22157,0.8345046997635723,9.666666666666666,0.6286093236458963,0.6666666666666666,51,3.8,0.049,0.07657446861636676,0.20806065803132193,1
11758,0.8978804145567797,6.75,0.772691942721951,1,24,3.6,0.194,0,0.5075058473314905,1
22384,0.6535457588132183,19,0.7256755127875107,0.5,40,3.9,0.24,0.07374896598924953,0.12915763843902875,1
8075,0.7556872741811947,11.5,0.7083389594565492,0.5,25,4.7,0.091,0,0.4230340557275542,1
20551,0.6049096574592079,17.416666666666668,0.7615803348650527,0.8717948717948718,47,4.1,0.003,0.043624622266369074,0.030996058585956887,1
23720,0.8735166626613932,92.83333333333333,0.8730127681488975,0.5227272727272727,29,3.3,0.094,0,0.6717679546364805,1
15295,0.5510543061245584,5.916666666666667,0.7564561061156256,0.6923076923076923,17,3.9,0.217,0.06884108895499151,0.14737323874595443,0
2135,0.8198911429576397,93.41666666666667,0.870325550669427,0.7674418604651163,39,3.2,0.048,0,1.077751756440281,1
6711,0.7975578428501536,6.5,0.7870096445405621,0.782608695652174,46,4.2,0.168,0,0.4220251844124879,1
13804,0.783212590965029,9.5,0.7133309712566984,0.46511627906976744,16,3.8,0,0,0.6645899739206027,1
21842,0.757610500731696,9.5,0.6575575211238047,0.9361702127659575,61,4.3,0.093,0.027203987965705567,0,1
11757,0.5756663396907009,19,0.6931077950081421,1,32,3.6,0.151,0.05617297926072442,0.09781406821468061,1
23100,0.6986706724211726,99.66666666666667,0.849201333543873,0.6585365853658537,1,3.9,0.029,0,0.6669264069264069,1
18436,0.8056133065868059,99.16666666666667,0.8584738224836391,0.7560975609756098,15,4.4,0.103,0,0.9339336081579518,1
19233,0.6828318104665132,15.666666666666666,0.6826290661664618,0.7560975609756098,10,4.6,0.09,0,0.2559209671129598,1
19493,0.783116694057463,100.66666666666667,0.8648657686926366,0.6136363636363636,1,3.7,0.349,0.00015028324571055956,0.43739899961523665,1
22815,0.8375705376637373,104.16666666666667,0.8732561638579611,0.6666666666666666,24,4.2,0.141,0,0.6462995025093691,1
16323,0.9582108856799254,6.166666666666667,0.736573125815974,0.4146341463414634,4,4.3,0,0,0.4036146423648338,1
9374,0.8161357945203818,93.08333333333333,0.8763024306920256,0.868421052631579,28,4.2,0.072,0.011212260329239847,0,1
8480,0.7186159450893502,6.666666666666667,0.83416876048223,0.6341463414634146,25,4.4,0,0.13095657728968949,0,1
23406,0.6347671831433799,20.25,0.825260298390435,0.6486486486486487,24,3.8,0.204,0.04762118321636608,0.01738907521736344,1
4237,0.805618620468022,10.083333333333334,0.6149256939761407,0.6176470588235294,21,4.4,0.041,0,0.6795704000944176,1
1832,0.4900052936403494,17.5,0.7314691013357775,0.7,42,4.6,0,0,0.5813318777292577,1
13400,0.6656038757986542,17.75,0.7437548535399965,0.625,4,4.2,0.134,0.007180865541913665,0.4463599388036867,1
14207,0.6388879145303137,19.25,0.6748056097260022,0.675,56,4.6,0.092,0,0.7515573857037272,0
15385,0.8632373045118227,7.333333333333333,0.8598996817507051,0.5,27,4.6,0,0.05277133546051043,0,1
3067,0.3565410119968091,17,0.757464374963667,0.6956521739130435,60,3.9,0.141,0,0.8191749551606066,0
13341,0.8161382492891204,98,0.8727554702720416,0.6666666666666666,3,3.5,0.171,0.0008866251650631956,0.4342253204407466,1
13164,0.7257644808192384,6.25,0.7633568086760154,0.5945945945945946,4,3.2,0.038,0,0.6619819956698446,1
5763,0.7286151843952635,6.416666666666667,0.7498524638408023,0.6176470588235294,34,4.6,0.164,0,0.560347071583514,1
30410,0.6357731162708593,18.75,0.743181862876557,0.975609756097561,27,4.8,0.154,0,0.40940480105228544,1
13124,0.7889209093523565,11.333333333333334,0.7225299667042175,0.9767441860465116,57,3.4,0.083,0.009983598786220071,0.2135781773849436,1
12423,0.7363342605451726,6.333333333333333,0.7829944407569652,0.9767441860465116,34,4,0.097,0.0732072369726893,0.02664412782741689,1
12370,0.354807055335599,20.666666666666668,0.8051121617162166,0.5121951219512195,27,3.9,0.152,0,0.267755366021262,0
14528,0.5908199357645239,16,0.7647585460284122,0.4166666666666667,53,3.7,0.197,0,0.9197411894273128,0
6609,0.7051523670353386,6.25,0.8026846855073502,1,17,3.8,0.102,0.003247061818646351,0.5117264336510818,1
3925,0.9040017103801027,6.666666666666667,0.7763932022500211,0.6046511627906976,25,4.2,0.227,0,1.2559561727608612,0
1875,0.48944142562033544,99.66666666666667,0.8932381959898839,0.5952380952380952,54,4.3,0.162,0,0.1696,1
24390,0.7707670513621973,6.416666666666667,0.7754335523923301,0.6190476190476191,41,4.5,0.172,0.009451998080321227,0.11299944648311773,1
3686,0.839837466645575,12.25,0.7996948045668646,0.7837837837837838,49,3.5,0.039,0,0.211340206185567,1
9729,0.8992701767517771,101.91666666666667,0.890265685226143,0.9512195121951219,16,3.4,0.182,0,0.8005345120008224,1
18271,0.6141695776568401,6.916666666666667,0.7834674607757659,0.4523809523809524,51,4.8,0.055,0,0.6319851130206338,1
6224,0.706389862687899,99.16666666666667,0.8665478485303844,0.6153846153846154,22,3.8,0.122,0.018081694677487388,0.20422591789186148,1
2662,0.6444433376139191,18.583333333333332,0.7106667519831653,0.8695652173913043,48,4.1,0.073,0.012920982236306645,0,1
2123,0.7242726261116677,16.166666666666668,0.7553853501504191,0.7209302325581395,15,4.1,0.161,0,0.8087611869995289,1
8980,0.7035174521484527,7.25,0.8394914937497823,0.6511627906976745,20,3.8,0.125,0,0.3779510022271715,1
10405,0.5703906788814789,9.333333333333334,0.5706851685653105,0.6585365853658537,26,4,0.084,0,0.5568744293334614,0
10097,0.8299970937881285,95.66666666666667,0.8815587238203239,0.34146341463414637,52,4.3,0.22,0,0.41123161491606003,1
16135,0.6456089461565812,18.25,0.7684701856787722,0.56,35,3.4,0.065,0.0005595765400464822,0.5184542440112802,1
32370,0.8725360302302287,100.91666666666667,0.8695110236613685,0.55,1,4.1,0.103,0,0.6866031294891797,1
19030,0.7298160702638623,18.916666666666668,0.7100866364092882,0.8043478260869565,65,4.8,0.097,0.00025264988601377236,0.7187261882866076,1
14534,0.5961125277491306,17.666666666666668,0.7433684809672558,0.6086956521739131,20,3.6,0.174,0,0.5392183844777763,0
4038,0.7766337221772284,6.916666666666667,0.760546904646364,0.3902439024390244,64,4.3,0.262,0,1.0078018575851393,0
20884,0.5922477108684541,18.5,0.7310844764576703,1,45,4.4,0.298,0.07019707002898556,0.14815524217683818,1
11830,0.7096044589065883,18.083333333333332,0.7949956090365418,0.5,16,3.8,0.179,0.06164727574002444,0,1
3300,0.8589466836274677,5.583333333333333,0.7635376191379872,0.9722222222222222,1,3.3,0.017,0,0.668283073192908,1
17074,0.7297115739748593,10.5,0.6404840745109166,0.8478260869565217,32,3.9,0.046,0,0.6069640085512636,1
16044,0.8001669128674203,100.91666666666667,0.8529421491639938,0.5714285714285714,1,3.8,0.067,0,0.6873188518714745,1
13669,0.6229167748102126,16.083333333333332,0.6981003703221302,0.47619047619047616,21,3.8,0.239,0,0.3535006218450508,0
17682,0.7138339941869193,19.75,0.8015980093585022,1,68,4.6,0.013,0,0.9205101377145604,1
24776,0.765760873052217,6.75,0.7982699427361952,0.35,1,3.5,0.282,0,0.61435692518819,0
5389,0.8965228075887703,6.916666666666667,0.8091207287017487,0.675,46,4.6,0.051,0,0.6016516655841143,1
17016,0.6140208818683917,6.833333333333333,0.7859764783562897,0.7142857142857143,17,3.3,0.137,0.012998078323609429,0.2051071082248538,1
25248,0.8367122300002514,93.83333333333333,0.8530470423312749,0.6521739130434783,57,3.7,0.107,0,0.13252797306664027,1
22521,0.8230066977513335,7.333333333333333,0.8210452755906407,0.7142857142857143,38,4.5,0.125,0.0011815196324240966,0.2817370454242707,1
18530,0.667903110339963,20.75,0.8539234258676851,0.2222222222222222,54,4.6,0.114,0,0.35602687606249495,1
28234,0.5892710772798191,20.083333333333332,0.8432545496471029,0.65,28,4.1,0.111,0.10737932146125405,0.0661613657292626,1
16697,0.7178612296507121,98.16666666666667,0.8733919987266408,0.6923076923076923,65,4.6,0.124,0,0.8338873416584314,1
25763,0.7817850883749558,7,0.8350427802315354,0.7,2,2.9,0.261,0,1.4280446385249879,0
20876,0.8855064973556029,9.75,0.7006106002027864,0.9318181818181818,36,3.8,0.169,0,1.1241407391439726,1
8963,0.7662416667576871,10.75,0.6335210339977422,0.9111111111111111,27,3.9,0.051,0,0.7475592747559274,1
10351,0.8521851054722827,10.333333333333334,0.6525700124429352,0.43478260869565216,10,4,0.177,0,0.3520432808424307,0
5836,0.6593505772959856,18.166666666666668,0.7212760086061778,0.3829787234042553,30,3.3,0.067,0.0016401904952209679,0.27690198766278273,0
27635,0.7270936637747654,10.666666666666666,0.7284664500471443,0.525,66,3.9,0.058,0,0.8246788492853265,1
1913,0.9100555665209334,6.25,0.7545072981397071,0.8536585365853658,14,3.5,0.128,0,0.4924202822791427,1
8219,0.7968738063289741,11.583333333333334,0.765000245020704,0.6486486486486487,20,4.7,0.155,0.023920928753676695,0,1
17621,0.6789856202221158,17.333333333333332,0.7459645228149441,0.5853658536585366,37,4.5,0.135,0,0.530688686473142,0
20234,0.7015441760910472,6.75,0.7808859339592735,0.20930232558139536,17,3.8,0.156,0.00011065537490041016,0.3716516753978452,0
12089,0.7365213240310113,101.91666666666667,0.8731728220416006,0.8181818181818182,78,3.8,0.1,0,0.5160276295652894,1
10533,0.7860913152910932,10.166666666666666,0.7137008328430658,0.6363636363636364,13,4.1,0.259,0,0.8643311497199279,0
13324,0.8044707894492341,6.333333333333333,0.7646244234210748,0.5454545454545454,44,4,0.102,0,0.7939807865505855,1
26062,0.7300287793417701,6.166666666666667,0.736573125815974,0.7391304347826086,1,3.8,0.177,0,0.6844195460737102,0
27555,0.6160976595095722,17.083333333333332,0.6816535883120052,0.6444444444444445,75,2.9,0.21,0,0.4274800849226079,0
23352,0.7309118988316653,105,0.9010256681389213,0.627906976744186,54,3.6,0.185,0,1.2032374100719425,1
11835,0.8610535803060995,10.416666666666666,0.7386802724630228,0.8297872340425532,8,3.4,0.135,0,0.6230089991127635,1
30322,0.80597254236797,6.416666666666667,0.8043309198270212,0.5897435897435898,44,3.2,0.003,0,0.5765875698761604,1
14347,0.9524083142079467,7.083333333333333,0.7393115316922313,0.6756756756756757,1,3.6,0.192,0.05933817651280102,0,1
5523,0.5435538313066606,18.916666666666668,0.7582705741265384,0.868421052631579,27,3.9,0.069,0,0.5225894069714803,1
2028,0.7830107571503804,97.66666666666667,0.8882806327417548,0.5116279069767442,11,3.6,0.121,0,0.5573366214549939,1
5412,0.5699768180271154,6.583333333333333,0.8196480145724683,0.41025641025641024,18,4.1,0.042,0.0050595695775255455,0.5083618220456435,0
8400,0.8113195487589191,92.5,0.8826890031664286,0.5365853658536586,24,3.8,0.048,0,0.46109887493303175,1
16951,0.5869982219554508,6.416666666666667,0.8043309198270212,0.6176470588235294,18,4.6,0,0.05793140162118136,0.09102976313383086,1
13905,0.820017116456629,6.916666666666667,0.8091207287017488,1,25,3.9,0.097,0,0.8813376483279396,1
2108,0.8251059623543986,98,0.8659156235072991,0.725,32,4.3,0.17,0.028051701722298164,0.2391459074733096,1
30308,0.5969183007322736,19.416666666666668,0.7790220487235022,0.5581395348837209,37,3.9,0.022,0,0.36333641282829615,1
17922,0.7747809713040101,6.166666666666667,0.8032402732626887,1,62,4.4,0,0,0.17018189934159134,1
16549,0.8389071947130258,6.166666666666667,0.7051699428476834,0.38461538461538464,33,4.1,0.061,0,0.8279300238692329,1
22700,0.7027711164109465,17.75,0.6913167853844552,0.6818181818181818,33,3.9,0,0.0003268384663733501,0.15780083261745853,1
4023,0.5401452105194513,17.833333333333332,0.7579096477198389,0.6153846153846154,19,4.6,0.098,0.0388469157714306,0,1
2066,0.7738686903637143,97.91666666666667,0.8407737131879566,0.7297297297297297,44,3.7,0.095,0,0.21006776379477252,1
9597,0.6195671007589041,7.333333333333333,0.81258610792647,0.5833333333333334,17,4.5,0.023,0,0.39972906788933465,1
21506,0.8798648505090084,10.166666666666666,0.7530078824046005,0.723404255319149,30,3.2,0.096,0,0.4255091602343532,1
14917,0.7899215912403322,7.166666666666667,0.7527873066805896,0.8461538461538461,70,4.1,0.194,0,0.4863741494318372,1
8945,0.6041906063205118,9.666666666666666,0.6408160921379369,1,68,3.6,0.195,0,0.894242593627725,0
13482,0.8295679465068224,91.66666666666667,0.8643046679487616,0.7317073170731707,18,4.3,0,0,0.7083518765761756,1
14325,0.7381468758695617,10.333333333333334,0.7281887169943111,0.42857142857142855,28,4,0.066,0,0.6483071553228621,0
13865,0.8080623051501682,94.91666666666667,0.8696498226934279,0.6046511627906976,68,3.3,0.16,0.0725295296334401,0.032312741173500664,1
1972,0.7364671777635406,6.666666666666667,0.812917130661303,0.9772727272727273,20,3,0.046,0.0004480286738351255,0.39705882352941174,1
14441,0.8711560371628051,94.08333333333333,0.8641291632455361,0.7111111111111111,40,4.2,0.133,0,0.6808392770583754,1
9084,0.8157378026389325,97.5,0.8576672848672402,0.9591836734693877,65,3.7,0.056,0,0.9702774108322325,1
10251,0.7149055747856782,92.25,0.9160183050234763,0.8717948717948718,1,5,0.117,0.07445852302063424,0.03033850356062823,1
17568,0.5822551624392238,9.083333333333334,0.7479150153388241,0.6521739130434783,54,3.4,0.234,0,0.8307718579234973,0
23897,0.6224373197545156,6.416666666666667,0.7942470192499369,0.7727272727272727,40,4.5,0.289,0,0.32535464702682343,1
27168,0.7953183352991121,10.583333333333334,0.6927115543135771,0.5609756097560976,12,4.2,0.159,0,0.8242569246342136,0
10163,0.7326697663117736,98.91666666666667,0.8786535894014695,0.75,22,4.4,0.194,0.007236316011038762,0.011906519065190652,1
2148,0.6741933933302,16.916666666666668,0.7201640899167727,0.875,23,3.8,0.028,0,0.39487776484284054,1
9261,0.734875845573718,99.91666666666667,0.8900252093390021,0.6666666666666666,18,3,0.049,0,1.133092165649803,1
13054,0.5819744493223735,17.75,0.7542936317722155,0.6666666666666666,54,3.6,0.122,0,0.7114566974374689,0
16012,0.7715605089171979,94.91666666666667,0.8863283540860439,0.7619047619047619,15,3.8,0.399,0,0.3910939012584705,1
18168,0.5155262605994033,103.58333333333333,0.8470276092069493,0.9772727272727273,6,4.6,0.241,0.006445944432257753,0.09362873262694371,1
19042,0.3790927274728182,17.916666666666668,0.744778699194066,0.6944444444444444,15,3.7,0.069,0,1.1377481357000314,0
4043,0.8112489759909367,10.916666666666666,0.7370010201992028,0.6052631578947368,46,5,0,0,0.6749938164729161,1
16351,0.8364646076605381,96.66666666666667,0.8727871258917468,0.6739130434782609,21,4.4,0.17,0.22314703575801595,0,1
1925,0.8248606801661109,95.91666666666667,0.854259919152864,0.4883720930232558,49,4.5,0.241,0,0.5984415584415584,1
7068,0.7344196739319306,6.916666666666667,0.8091207287017487,0.72,46,4.2,0.138,0.0003515139624615787,0.5683763707110011,1
11611,0.795039885263287,6.666666666666667,0.7763932022500211,0.6511627906976745,56,4.2,0.389,0,0.9018172422702609,0
35365,0.7256038603542208,17.833333333333332,0.7712665747566276,1,39,3.8,0.069,0,0.7230312455817899,1
10136,0.7412764701792256,11,0.6829022797506614,0.6511627906976745,22,4.7,0.164,0,1.0855902520842582,0
11105,0.7005375166044354,17.833333333333332,0.663681229617821,0.813953488372093,48,3.7,0.188,0,0.6056731202161189,1
14865,0.856027811545722,11.416666666666666,0.679247116164674,0.6744186046511628,22,3.6,0.262,0,0.47455346631235495,0
21895,0.8334644644765583,96.33333333333333,0.8550218431478435,0.5609756097560976,33,4.1,0.106,0,0.8898378625256907,1
1746,0.6654753887744257,10.833333333333334,0.7313192431296465,0.813953488372093,25,3.2,0,0,1.0607101947308133,0
10274,0.5907823942209056,18.166666666666668,0.7560598935723242,0.5897435897435898,28,3.7,0.242,0.027758893974243932,0.3112711699435468,0
11202,0.782688235194983,10.166666666666666,0.6089553953483093,0.55,65,4,0.146,0.004556670966294655,0.5906980896268523,0
11543,0.7351276801002433,11.333333333333334,0.6633669664041295,0.8108108108108109,19,3.8,0.139,0.0002720348204570185,0.5165901412111237,0
21731,0.6727216011791624,19.5,0.7389312077042519,0.9512195121951219,3,3.7,0.026,0.0008040029465135917,0.5568082462841103,1
16869,0.465808349723561,19.5,0.8168864505501834,0.7333333333333333,10,4,0.162,0.0516290098082979,0.016361372932598258,1
3265,0.6615967690840396,17.833333333333332,0.7312373113168522,0.6444444444444445,78,3.9,0.21,0,1.0986217457886678,0
19912,0.9026036448853579,6.583333333333333,0.7264533824686796,0.5333333333333333,67,3.9,0.19,0,0.3642618587248575,1
14880,0.7863332065431514,6.916666666666667,0.8184756726106102,0.7804878048780488,39,3.5,0.222,0,0.3047043010752688,1
19408,0.7762999913410988,15.75,0.7342355903730294,0.8333333333333334,3,3.5,0.143,0.0734436136629612,0,1
9987,0.7971230392144875,6.25,0.73770245902792,1,43,4,0.049,0.01839891306967177,0.1471913487533794,1
24880,0.6311248364397998,18.75,0.7876411143928838,0.3939393939393939,1,4.7,0.017,0.016696197196141904,0.12046062018931249,1
17967,0.8245922034256349,6.583333333333333,0.8846780559601988,0.8292682926829268,25,4.1,0.133,0,0.5036455724383592,1
8987,0.760207077771437,6.833333333333333,0.7699028992181316,0.5476190476190477,22,4.2,0.169,0,0.7195949705129632,0
9606,0.7612784974844229,97.33333333333333,0.8635498505949553,0.6875,45,4,0.138,0,0.29616906100353946,1
21022,0.9116616998729514,6.5,0.7692307692307692,0.5348837209302325,1,3.1,0.179,0,0.5628389306440872,1
24808,0.8187050042231001,97.58333333333333,0.8651834330932112,0.6521739130434783,16,4.2,0.053,0,0.5533295711060948,1
23417,0.7602354350904622,12.166666666666666,0.6983189651295172,1,53,4.2,0.302,0,1.044562594751564,1
15384,0.7391811024649662,98.16666666666667,0.8592264520222666,0.7567567567567568,31,3.9,0.157,0,0.6698517940717629,1
2073,0.6064613066600373,104.66666666666667,0.8960445939875831,0.8536585365853658,50,4,0.083,0,0.7985524728588661,1
4526,0.7584015407423064,5.833333333333333,0.7397018977387344,0.4523809523809524,25,3.9,0.169,0.019018530659634502,0.18404772425983207,1
11647,0.7710478403895868,98.58333333333333,0.8553287097325252,0.6976744186046512,40,3.9,0.073,0.05865653905271708,0.09942901300819988,1
20943,0.8982145823192433,9.833333333333334,0.7412824148733264,0.975609756097561,43,4.2,0.065,0.003702687483668399,0.3737853646890295,1
15322,0.7475401696301514,10.5,0.7026191429334097,0.8666666666666667,12,4.2,0.199,0,1.4853637045981138,0
3579,0.7302007758652991,7,0.7391797345213494,0.5897435897435898,19,4.2,0.171,0,1.1144334218247869,0
1784,0.4309009586719358,9.666666666666666,0.6560355630472413,0.825,15,4,0.208,0,0.4265695067264574,0
9607,0.7326326367108462,9.083333333333334,0.6622905996457622,0.6486486486486487,1,4.3,0.205,0,0.8819610700530863,0
18863,0.67029342043553,17.5,0.7166766708448854,0.6486486486486487,17,3.7,0.149,0,0.3524983432736912,0
15601,0.7799580067323717,11.333333333333334,0.7769742516455427,0.4583333333333333,8,4.3,0.174,0,0.5036856611755657,1
20508,0.7937542471908062,97.75,0.8734510589690606,1,28,3.8,0.356,0,0.6610752163842497,1
9744,0.8594074707857385,96.08333333333333,0.8345405583062322,0.8181818181818182,4,3.8,0.203,0.016141295460604308,0.30049261083743845,1
17601,0.5777924211846533,17.333333333333332,0.6725118006552615,0.5833333333333334,11,4.3,0,0.000814936269055845,0.6328617692176581,1
14639,0.946332652418972,5.25,0.8239597379935013,0.5952380952380952,26,4,0.191,0,0.1222802882809031,1
8810,0.8766508731386606,99.08333333333333,0.9014184352788883,0.9782608695652174,23,3.4,0.16,0,0.620580055621772,1
4950,0.6820430487896516,6.25,0.7633568086760154,0.7954545454545454,3,5,0.232,0.06172338096080313,0,1
24028,0.7790144076181115,11.083333333333334,0.6235342024926303,0.8918918918918919,30,3.5,0.108,0.005761476693375785,0.3275829778378941,1
8505,0.75821105461328,17.5,0.7195727263936104,0.2857142857142857,20,4.3,0.267,0.10438095046273778,0,1
16827,0.6622521935449336,11.75,0.7239503481414388,0.8936170212765957,13,4.6,0.053,0.09619501909684862,0,1
25098,0.6588637562744735,19.666666666666668,0.7973176145237051,0.5952380952380952,1,2.7,0.135,0.006982760581488434,0.34883952584918815,1
18482,0.629518957833864,10.583333333333334,0.7153350002751935,0.9622641509433962,19,4,0.206,0,0.6496225955685415,1
8137,0.7100750937290694,16.5,0.7056807619326573,0.625,24,3.7,0,0,0.8794936397714005,0
28758,0.7166973684851397,93.83333333333333,0.8382683330776806,0.8717948717948718,21,4.8,0.062,0.013243556737150457,0.14810049552290708,1
7477,0.8935161383259045,6.25,0.7545072981397071,0.4318181818181818,1,3.4,0.064,0,0.36220156490336386,0
45769,0.7047494879370426,19.416666666666668,0.746417661000473,0.925,1,3.9,0.177,0.0023190676897582767,0.6082064279315694,1
3544,0.7285656793197952,9.166666666666666,0.6642511761341929,0.627906976744186,27,3.8,0.165,0,0.9032167042889391,0
9529,0.787892947496299,5.75,0.7855268320732066,0.2926829268292683,30,5,0.05,0,0.6297617798299927,1
11023,0.8753861056079836,6.416666666666667,0.8043309198270212,0.7948717948717948,26,4.5,0.279,0,0.7595373100476298,1
43183,0.810904518415457,100.25,0.862797559067542,0.8636363636363636,32,4.6,0.125,0,0.3814508191975916,1
3886,0.8956738822249273,10,0.6890873648970395,0.65,80,4.1,0.084,0,0.8701582807875434,1
27320,0.7385181132187318,18.25,0.73709572291352,0.5348837209302325,16,3.9,0,0,0.7164113545269862,1
18821,0.7661533922719956,97,0.8735974284690755,0.825,44,3.9,0.113,0,1.0246001806492748,1
17748,0.8951263644914031,97,0.8599050370402783,0.7021276595744681,1,4.5,0.21,0.11725870907406873,0,1
16677,0.8407436256352333,97.16666666666667,0.8784579503392325,0.6829268292682927,1,4.2,0.198,0,0.9166191946751416,1
25879,0.8429109946567364,6.333333333333333,0.773623019288352,1,67,4.2,0.078,0.0019756849657812823,0.18157579504617644,1
15666,0.5634294950233367,99.08333333333333,0.8693510856579256,0.6,25,4.2,0,0,0.7345440617918355,1
18657,0.6801833072220819,6.5,0.7870096445405621,1,56,4.3,0,0,0.3174679744867878,1
20967,0.6412892834528545,16.333333333333332,0.7732029513174197,0.5675675675675675,23,4.5,0.172,0,0.6594648733724424,0
17065,0.8769083455682698,9.5,0.6741372698068998,0.9444444444444444,53,3.8,0.083,0,0.5893521638489261,1
13071,0.7931302638382036,10.5,0.6853297206095396,0.7,28,3.9,0.251,0.05263405749132239,0.05164301289162618,1
2128,0.6783871382688071,16.583333333333332,0.6328218037762499,0.8888888888888888,48,3.7,0.014,0,0.5945945945945946,1
16501,0.7827812653488568,5.666666666666667,0.7088383842173039,0.8372093023255814,62,4.7,0.028,0,0.09066391927517348,1
16045,0.8158684468637998,97.33333333333333,0.8776193946218792,0.5641025641025641,21,3.7,0.222,0.05904309706175012,0,1
13810,0.5945477272986228,6,0.77433226653789,0.7368421052631579,66,3.5,0.153,0,0.39623461259956555,1
16271,0.6511499967990104,9.833333333333334,0.6313802852384485,0.2558139534883721,6,5,0,0,0.7954028639911499,0
18470,0.7762748438534436,20.75,0.8436827272608147,1,1,3.6,0.214,0,0.6885947101978939,1
16592,0.6659016290644311,6.75,0.7808859339592735,0.4358974358974359,1,5,0,0.06925060336357394,0,1
9733,0.570471794574412,12.416666666666666,0.7783202071823658,0.7272727272727273,23,3.5,0.177,0.09085789929103046,0,1
21375,0.7854943510190363,97.66666666666667,0.8645949868609053,0.85,14,4,0.12,0,0.43784795321637426,1
2175,0.8250834295419398,97.16666666666667,0.881323929203637,0.4883720930232558,74,4.8,0,0,0.8608875603587032,1
17045,0.7829812995912386,10.416666666666666,0.573441680423415,0.9714285714285714,68,4.4,0.15,0.1189655448978521,0,1
1986,0.681714258208463,9.5,0.6241353458661658,0.7380952380952381,1,4.4,0.228,0,0.3394610929236968,0
7728,0.7625936526444486,10.166666666666666,0.65730254163333,0.9148936170212766,1,4.2,0.144,0.004654106835620712,0.7259786476868327,1
10091,0.7286160859419837,6.25,0.7821315381550907,1,1,3.4,0.059,0,0.8455477924780734,1
20755,0.7129017150503172,15.833333333333334,0.8125842756340542,0.7380952380952381,55,4.6,0.039,0.00008532665889245996,0.14473969500590234,1
2724,0.7506834796499795,98.33333333333333,0.8529032274322228,1,44,4.4,0.131,0,0.9893538913362702,1
33878,0.6772035602259516,19.333333333333332,0.8049360603623317,0.6153846153846154,29,4.1,0.12,0,0.7464836543428529,1
18568,0.8064659199743175,9.583333333333334,0.677087919519528,0.6521739130434783,25,4.1,0.001,0.017291729905446775,0,1
11750,0.7577836831405793,6.666666666666667,0.8031498031497047,0.6521739130434783,50,4.4,0.258,0.0025689322792310006,0.528936170212766,0
22689,0.8940327295272822,6.5,0.7448750161265076,0.47368421052631576,1,3.5,0.119,0,0.9570276345365596,0
19711,0.9126218950101919,92.58333333333333,0.8512180891706339,0.7804878048780488,35,4.1,0.094,0,0.6454771447415149,1
8607,0.6929583492511048,96.58333333333333,0.8671072255427672,0.6410256410256411,24,3.8,0.097,0,1.0657604275589636,1
10456,0.5763805372876262,101.58333333333333,0.8643997514918575,0.8837209302325582,25,3.4,0.095,0,0.7861890870833532,1
25577,0.8764662251501592,92.5,0.8772524588810732,0.9333333333333333,26,4.3,0.059,0,0.8533057043437463,1
30673,0.7891559405057317,90.33333333333333,0.8675950175792683,0.925,45,3.9,0.18,0.0640956567690066,0.14719786131125093,1
8548,0.5763436129383003,101.16666666666667,0.8890569874310832,0.5869565217391305,1,4.4,0.016,0,1.0404211757823925,1
4242,0.8295841210016287,99.16666666666667,0.8956222685363077,0.4444444444444444,1,4.9,0.101,0.06037762538466051,0,1
11787,0.7812516738058731,103.33333333333333,0.875858829645846,0.9069767441860465,30,3.3,0.027,0.0901434481656832,0,1
13688,0.8607369866394965,95.41666666666667,0.8383477125927725,0.5,30,4.4,0.206,0,0.3218147282291058,1
1896,0.755437711602875,10.416666666666666,0.7003468671947513,0.8378378378378378,62,3.6,0.126,0,0.3691983122362869,1
2026,0.6862267299541764,18.666666666666668,0.7967891664867671,0.5263157894736842,60,3.9,0.193,0,0.4680325845470254,1
6938,0.7902473930437741,101.83333333333333,0.8942483798418979,0.6666666666666666,64,4.3,0.133,0,0.48345945945945945,1
7282,0.7933733746580539,104.41666666666667,0.905802348531507,0.7608695652173914,21,4.4,0.094,0,0.8032685573027536,1
6488,0.8639162429869114,9.583333333333334,0.6742900730377732,0.375,21,3.8,0.183,0.06408067915270517,0.046551059730250484,1
6572,0.7801519369907338,103.75,0.8839281001946614,0.6511627906976745,1,3.9,0.132,0,0.3061472915398661,1
15159,0.635454742199497,17.833333333333332,0.799337284545945,0.7446808510638298,63,3.7,0.123,0.017570790364493008,0.07263012072036414,1
9129,0.6929329793809765,10.333333333333334,0.7310752903139828,0.8913043478260869,36,4.2,0.098,0,0.5572351845766239,1
22741,0.9439469122217751,6.583333333333333,0.8424063342026743,0.5945945945945946,26,3.2,0.06,0,0.8196649223868784,1
6855,0.8103488035744639,6.083333333333333,0.7448227943808607,0.975609756097561,55,3.8,0.132,0,0.6444930707512765,1
9967,0.7850861666324406,11.916666666666666,0.7566473756460795,1,5,3.9,0,0,0.575699809370924,1
25805,0.7670192402923374,6.75,0.7355026507947092,0.4878048780487805,7,3.4,0.099,0,0.6377569803716406,1
1746,0.7419685161736966,99,0.8977350670135525,0.8048780487804879,52,3.2,0.004,0.008279350816963984,0.42566599828129476,1
13156,0.7789220899189542,94.75,0.8489421906455962,0.36585365853658536,32,4.6,0.073,0,0.5775311644876863,1
28579,0.7556248077607107,7.083333333333333,0.7885623440516303,0.8181818181818182,41,3.9,0.168,0,0.5968122889584828,1
1856,0.7393644491136839,11.5,0.6956521739130435,0.717948717948718,38,4.2,0.21,0.00015332720024532353,0.19078415521422798,1
19382,0.5885679811756225,19.083333333333332,0.7528600314964013,0.782608695652174,1,3.6,0.131,0.0782125865454491,0,1
14099,0.81693418223416,7.25,0.8208223302514954,0.7857142857142857,35,4.3,0.122,0,0.6875199489307373,1
15598,0.7968053546377866,12.166666666666666,0.8019612014410827,0.6904761904761905,12,4.6,0.28,0,0.948677672703959,1
2460,0.6441609664786139,19.5,0.8109970565171284,0.5128205128205128,45,5,0.26,0.045959857399330235,0.11709697092905062,1
14488,0.5699595832656279,20.5,0.7647890058294401,0.5681818181818182,42,4.4,0.27,0,0.42526315789473684,0
1619,0.6020505885711018,17.5,0.7830326523829616,0.9761904761904762,13,3.9,0.034,0.03272895790094204,0.3403335392217418,1
23436,0.7006848076715066,15,0.7476040735199878,0.21428571428571427,35,4.3,0.231,0.0029685573836659047,0.10219320703191671,1
9522,0.9128330125916415,6.5,0.7779422041578362,0.7380952380952381,1,3.3,0.054,0.04993179419019759,0.04348054403192774,1
9895,0.29627448148294844,18.666666666666668,0.7630982292603286,0.8409090909090909,32,3.8,0.06,0.0008019484376856362,1.3137948458817585,0
11705,0.9208753697049551,103.58333333333333,0.9339962414932625,0.9743589743589743,8,3.8,0.164,0,0.7101238786843229,1
7626,0.6967594842159364,93.66666666666667,0.8758522167792712,1,18,3.4,0.238,0,0.7529998032915874,1
17502,0.651335597436969,19.333333333333332,0.731787082998206,0.7272727272727273,1,4.4,0.149,0,1.1847788824134384,0
20951,0.7548802876634801,6.666666666666667,0.8232233047033631,0.6,41,4.1,0.144,0.00016453983692273942,0.19641067252159802,1
10742,0.7817431224148569,10.666666666666666,0.7231242945832914,0.9545454545454546,30,5,0.099,0,1.034351145038168,1
13630,0.6968830527634324,99.58333333333333,0.8918104572809307,0.7291666666666666,42,3.7,0.206,0.12493233289161927,0,1
16503,0.5955266072632472,11.583333333333334,0.765000245020704,0.5,37,3.3,0.184,0.019553118427098014,0,0
10560,0.4669989126819103,10.416666666666666,0.6398222660963062,0.7560975609756098,8,3.1,0.057,0.007698949077727081,0.5747431223069274,0
27290,0.8345708401260878,6.416666666666667,0.784634753873026,0.7560975609756098,30,4.1,0,0,0.5108098204470503,1
9504,0.6486185598134161,19.75,0.8172942186108779,0.6388888888888888,31,4.7,0.077,0,0.24033250907560372,1
15393,0.8311239261604115,6.25,0.73770245902792,0.675,12,4.5,0,0,0.6740076658221269,1
8205,0.6640965720509306,17.5,0.6944949536696107,0.7045454545454546,18,4.8,0.069,0,0.7364251325492108,0
12254,0.8868921274347885,10.083333333333334,0.6459760332131588,0.6,36,4.4,0.277,0.033705226754995245,0,1
24440,0.8093595762885362,6.916666666666667,0.81847567261061,0.5,1,3.8,0,0.15323983898946056,0.06563145727203912,1
14423,0.7649123035497434,6.166666666666667,0.7450275369714432,0.6052631578947368,58,3.9,0.173,0,0.776052138944741,1
14249,0.5997241196722147,95.75,0.8595487926707277,0.8048780487804879,26,3.1,0.209,0,0.5698143664245359,0
13048,0.816714077010655,12.833333333333334,0.7559961788564165,1,60,3.9,0.161,0.01178929273145491,0.3474995209810309,1
17750,0.8171497163965574,99.5,0.8953534428982427,0.9473684210526315,32,4.5,0.136,0,0.5215921575255641,1
8631,0.846781535295547,10.333333333333334,0.7008510162743321,0.575,41,4.3,0.181,0.10615445602915519,0,1
4122,0.7063272639221192,18.25,0.7467914039632553,0.5454545454545454,96,4,0.068,0.003118446822281365,0.3552104816207691,1
25268,0.8038271357299356,6.25,0.7725503718769069,0.7105263157894737,41,4.3,0,0,0.4747600672801029,1
15300,0.8048605934043178,6.583333333333333,0.7195124075169578,0.7333333333333333,46,4.7,0.039,0.1020366991549795,0,1
4698,0.6701464998629574,19.083333333333332,0.8129393013921057,0.4722222222222222,1,3.9,0.25,0,0.7948063005534269,0
8886,0.7823574421014856,97.83333333333333,0.8934616891737338,1,55,4.6,0.052,0,0.4855953184785055,1
4750,0.7959182280004016,11,0.6233393062225439,1,49,2.8,0.163,0,0.5430045267922939,1
10464,0.6543668075083591,97.5,0.9111275491859422,0.5952380952380952,7,3.7,0,0,0.36221149710899797,1
22350,0.6015166158021419,15.916666666666666,0.7520402044771808,0.4418604651162791,24,3.5,0.117,0,0.4873039665316897,0
12659,0.6944804734188826,97.08333333333333,0.8588015445802358,0.7272727272727273,17,3.7,0.275,0,0.2652658187850541,1
27079,0.798332179694563,9.5,0.7165702733087103,0.7954545454545454,42,4,0.334,0.04374724174459934,0.0601203884929281,1
18986,0.7259332361226931,10.916666666666666,0.6905806381754009,0.6744186046511628,43,4.1,0.212,0,0.9396118090121408,0
26100,0.8170139058176461,6.416666666666667,0.7052777735607736,0.6666666666666666,29,4.2,0.229,0.06103424424892847,0,1
20662,0.7519231491360511,10.583333333333334,0.6671423403488465,0.7272727272727273,18,3.5,0.099,0.07826237697581732,0,1
21229,0.8943688007624583,9.916666666666666,0.7381439251952456,0.225,41,3.4,0.105,0.00011168106967358319,0.4863629940176174,1
18380,0.6077112754817205,16.583333333333332,0.6103987984683009,0.3409090909090909,41,3.6,0.018,0,0.5407508161044614,0
19819,0.8408923875275072,6.75,0.7571319065073333,0.9767441860465116,17,4,0.126,0,0.328169937938342,1
18243,0.719308753847846,9.916666666666666,0.6593786857225001,0.975609756097561,40,3.6,0.085,0.0017088067825519852,0.13030012333835822,1
2183,0.7578336101888052,20.666666666666668,0.7991951677743754,0.9487179487179487,39,4.3,0.235,0.05802045930604863,0.3024054982817869,1
9289,0.7486369157787254,106,0.9159723948686328,0.7560975609756098,7,4,0.167,0,0.9179674884271719,1
5037,0.5907531770057322,18.916666666666668,0.8227453785133858,0.9777777777777777,31,4.2,0.139,0,0.7967043875322612,1
22100,0.8214150681803647,106.41666666666667,0.8877944977030454,0.525,42,3.4,0.171,0,0.2285972850678733,1
19392,0.8652459391972609,89,0.8731282045995931,0.6136363636363636,48,4.5,0.107,0,0.3269905115511551,1
21522,0.5568480352695786,10.416666666666666,0.7507130167858739,0.8666666666666667,1,3.4,0.091,0,0.5425611002694917,0
11960,0.8569695482554744,96.75,0.8653600468205371,0.5813953488372093,55,3.7,0.104,0.0011646582363355992,0.08068561872909699,1
18702,0.8113023123827169,99.5,0.8587889030874991,0.5853658536585366,10,4.2,0.093,0.060163123151728094,0.1088653619933697,1
10618,0.8078615593679032,6.333333333333333,0.8139192681088033,0.6326530612244898,33,4,0.171,0,0.8874970567459383,1
2130,0.7707487133741575,6.666666666666667,0.8232233047033631,0.37777777777777777,1,4.1,0.055,0,0.8424512796431087,0
9259,0.7385354862156651,10.583333333333334,0.8213101461746423,0.975609756097561,1,5,0.021,0,0.35740130690716637,1
18859,0.6901392638876553,16.583333333333332,0.6842957075478378,0.6153846153846154,47,3.6,0.043,0,0.6594373889757934,1
23191,0.6497047241998768,19.083333333333332,0.801082236263225,0.5961538461538461,25,3.8,0.114,0,0.3013669095769911,1
18812,0.7609996769404486,96.33333333333333,0.8506889341841424,0.7727272727272727,1,3.7,0.131,0.03513739989090611,0.04034658728471189,1
8127,0.6807233790897317,12.083333333333334,0.7648083737244147,0.45454545454545453,1,3.6,0.25,0,1.2154546573151224,0
17747,0.6505714425163096,9.833333333333334,0.6360862618036629,0.631578947368421,1,4.4,0.11,0,0.6232214802918885,1
20639,0.8107198304207295,8.833333333333334,0.5336148266298765,0.7,57,2.9,0.101,0.0010208401065126425,0.056350994500569324,1
29420,0.7732602177400053,97.25,0.8847193453738886,0.6304347826086957,87,4.8,0.131,0,0.34150818334777955,1
11433,0.9011492924097868,12,0.7053721745056052,0.6904761904761905,38,4,0.047,0,0.6686783871249891,1
12355,0.7128641455335125,17.666666666666668,0.752909417854551,0.3111111111111111,6,3.7,0.171,0.04685286613679796,0.052045813266421145,0
3565,0.5527496276870167,17.666666666666668,0.6862586953147946,0.9523809523809523,79,3.8,0.174,0,0.7796324870248281,0
10203,0.829591433033058,10,0.6535898384862245,0.6818181818181818,1,4.1,0.215,0,0.8983092379318794,0
5744,0.8237188512051958,102.41666666666667,0.891165791054069,0.5319148936170213,21,3.5,0.192,0.09752163871307613,0.020370854008879603,1
9008,0.6438731041026873,11,0.6829022797506614,0.6756756756756757,32,4,0.176,0,0.36423179396092364,0
16426,0.5890036484935888,18.916666666666668,0.7752440349105886,0.4444444444444444,20,4.2,0.018,0,0.8882530212170101,0
18608,0.7634237871689935,8.666666666666666,0.6402252512717364,0.5909090909090909,41,3.9,0.158,0,0.5552062340454118,0
14160,0.5654683854805784,18.833333333333332,0.8003448818994959,1,40,4,0.145,0.026580728596873122,0.08594936261873654,1
17257,0.5833565524646953,18.166666666666668,0.7905924365043426,0.782608695652174,14,3.9,0.198,0,0.5695824761684003,0
6298,0.9173869031992424,97.33333333333333,0.8930376870771136,0.6666666666666666,17,4.4,0.181,0.057126886166065476,0,1
24092,0.9165971327452911,11.083333333333334,0.7065741909610848,0.425,9,4.4,0.183,0,0.9379046986551552,0
13573,0.5241617531761404,17.916666666666668,0.7168133127462555,0.9772727272727273,57,3.9,0,0.003808468734613491,0.7067707949605835,1
2056,0.7496097379110015,16.916666666666668,0.6687031886234409,0.8043478260869565,25,3,0.182,0.020801598645094132,0.372568093385214,0
15849,0.5938106743717464,18.833333333333332,0.7029130914762032,0.5581395348837209,1,4,0.143,0,0.5484430703221125,0
13215,0.6078769373464858,19.083333333333332,0.7824030130427774,0.7380952380952381,17,4.4,0,0,0.39903136705891257,1
19856,0.6465867587916745,19.083333333333332,0.781353925465152,0.7073170731707317,23,4.7,0.012,0,0.7103142626913779,1
7996,0.8546939964508585,11.416666666666666,0.7084857584275057,0.7619047619047619,31,3.9,0,0.00022516990092524359,0.271135567783892,1
19984,0.5828546860206574,18.916666666666668,0.737931740656637,0.6190476190476191,5,3,0.068,0.0009700039244433584,0.5597978382706165,0
13694,0.9469751174684625,6.083333333333333,0.7631285415645126,0.7272727272727273,1,4.8,0.197,0.055395312821447884,0,1
22665,0.6051683868912647,16.5,0.78218324593083,0.7317073170731707,39,4.1,0.001,0,0.6638870505184205,1
10443,0.7086293952743625,7.25,0.7810050703073833,0.7619047619047619,48,3.8,0.037,0,0.23202144977496889,1
2923,0.8405798794687649,8.75,0.6865812824399175,0.6976744186046512,49,3.4,0.092,0,0.2330196749358426,1
20556,0.7795063213285784,102,0.8880748771925248,0.6153846153846154,40,3.7,0.107,0,0.9916326133489005,1
19911,0.767054372921655,6.5,0.7372576726677026,0.7555555555555555,14,3.7,0.146,0,0.6464930564275131,1
5786,0.7771091192269785,6.166666666666667,0.7722662223465849,0.47368421052631576,29,4.1,0.039,0,0.5380228136882129,1
21897,0.7043083149062583,10.25,0.788774291759893,0.7948717948717948,11,4.4,0.051,0,0.5707304820405088,1
25871,0.6928519179635757,102.66666666666667,0.8668435282181177,0.6808510638297872,23,3.7,0.169,0.07722498273884347,0.060105910092381434,1
4818,0.5955286292850053,11.25,0.626164359083095,0.35135135135135137,1,5,0.201,0,1.3264141152049818,0
6928,0.7056676629180939,5.833333333333333,0.7696497786200415,0.45,102,4.3,0.112,0,0.663587152652472,1
14743,0.7833292237158225,5.666666666666667,0.7684115331172997,0.8888888888888888,50,4.6,0.265,0,0.7893505172121418,1
20896,0.6708589846199065,89.33333333333333,0.8647162911172888,0.5641025641025641,22,3.9,0.244,0,0.6869900217750233,1
22853,0.8651346031906988,11.166666666666666,0.7102016740455582,0.55,37,2.8,0,0,0.5005907320701877,1
8864,0.8721696963015608,99.16666666666667,0.8749394610266512,0.48717948717948717,2,3.9,0.181,0,0.7590252707581228,1
16569,0.7807444778034454,92.16666666666667,0.8593807254812618,0.7272727272727273,19,4.5,0.096,0.007646842567029902,0.20007242440702516,1
1949,0.7428349809968009,19.583333333333332,0.8201152222310787,0.625,6,5,0.196,0.007396262723483406,0.47562852744997436,1
16345,0.7517247146035596,97.25,0.8596909609357821,0.9565217391304348,1,3,0.039,0,0.9670235546038544,1
27565,0.6513768796089913,18.666666666666668,0.7610877114239347,0.775,23,4.4,0.15,0,1.0215313174554228,1
24776,0.6210414816362253,21.333333333333332,0.8161155891259403,1,43,3.4,0,0.00007523528124316043,0.44128271881495834,1
24169,0.7116823082464412,17.75,0.6845363863411766,0.6666666666666666,1,3.4,0.034,0.0882416354042142,0.017832760974802433,1
16725,0.7169110899101878,10,0.7056079711224051,0.7619047619047619,25,3.6,0.123,0,0.7625937995156806,0
13301,0.6701479512251335,10.916666666666666,0.7265726001744685,0.6046511627906976,36,4,0.144,0,1.0575896549131645,0
8797,0.6493053851832452,18.333333333333332,0.7682263857457825,0.525,71,4.5,0.156,0,0.6413550073888826,0
4974,0.8496163365466886,6.083333333333333,0.8048245637154109,0.7659574468085106,1,4.1,0.208,0.09581881251820183,0.30220166884487787,1
2152,0.8208225824461419,10.583333333333334,0.6454943563940023,0.9302325581395349,64,4.1,0.082,0,0.9732744596792935,1
11794,0.8275690781395069,9.833333333333334,0.7039957763292715,0.7441860465116279,39,4.6,0.302,0,1.0094543604527917,0
30076,0.8277907975763363,10.333333333333334,0.7141928202150105,0.9743589743589743,50,4.2,0.078,0,1.0458837611384493,1
28014,0.7485370668469666,10.166666666666666,0.7843779272464606,0.7560975609756098,19,4,0,0,0.7496251874062968,1
8992,0.7264713930271716,10.083333333333334,0.7012193804541287,0.6744186046511628,44,4,0.127,0,0.9140855252182617,0
16994,0.8676206246733543,95.75,0.8781207308931195,0.5348837209302325,45,4.5,0,0.007983982505862625,0.3504281048636243,1
12317,0.7474094498135747,94.91666666666667,0.8419983448060531,0.6136363636363636,35,3.5,0.048,0.08405130625262112,0,1
10749,0.7452797372581036,96.83333333333333,0.8694517499566166,0.7857142857142857,19,4.4,0,0,0.5602381616894595,1
20791,0.687413845024234,16.5,0.7620359800123284,0.8297872340425532,4,4.6,0.101,0.02913951083238164,0,1
20907,0.6123213570446289,15.75,0.7608489020108038,0.6666666666666666,39,4.3,0.216,0.034401170887792744,0,1
16303,0.7725723131502816,10.083333333333334,0.5802987132034836,1,27,3.4,0.207,0.0022796401847160453,0.38802674354413297,1
2060,0.6815293118989836,7.333333333333333,0.8210452755906407,0.8780487804878049,17,3.9,0.108,0,0.7961165048543689,1
9804,0.5880805459560287,96.91666666666667,0.8669627412408212,0.8095238095238095,33,4.1,0.113,0.001020646021902029,0.48847409220726234,1
10069,0.8134651850552219,105,0.9259221467328379,0.47619047619047616,12,4.7,0.186,0,0.4071903863342934,1
24846,0.5682296748666591,18,0.710435263497928,0.4166666666666667,24,4.5,0.24,0.10153331472367118,0,1
13574,0.4922244802517257,17.5,0.7294500435934896,0.6744186046511628,8,4.2,0.166,0,0.8306626883265186,0
32936,0.8393954371010728,9.833333333333334,0.6631422556889527,1,44,4.6,0.309,0,0.9772589264027204,1
7232,0.6874039366069344,9.416666666666666,0.7141990219122982,0.975609756097561,27,4.2,0.035,0.0066509744741827595,0.3238608863997787,1
17009,0.6357812736322499,17.583333333333332,0.7105122643777165,1,32,4.2,0.059,0,0.8129225704039038,1
2091,0.7060414986672425,101.91666666666667,0.9019249214205264,1,40,3.4,0.068,0.0006883604505632041,0.2065997130559541,1
19750,0.756233283596514,94.83333333333333,0.8627260134609596,0.42105263157894735,49,3.4,0.286,0.008745447188270349,0.25332286893339073,1
18299,0.8015890858780191,7.25,0.7602683492573079,0.7291666666666666,5,3.9,0.138,0,1.3065551821187529,0
14509,0.8177365509083331,10.583333333333334,0.7486474063068919,0.47619047619047616,61,3.8,0.191,0,1.2532653272219734,0
27776,0.7437356211508308,6.5,0.7779422041578362,0.5909090909090909,37,3.4,0.153,0.0006808919194294223,0.5476769095065795,1
10940,0.8051833522712015,95.75,0.870596841464785,0.4666666666666667,20,3.8,0.163,0,0.49490378902143606,1
18115,0.5432015878187075,18.75,0.8270088848353017,0.6578947368421053,1,3.4,0.069,0.005873663865851507,0.038642009384487995,1
16027,0.7650691324281806,6.666666666666667,0.7450490243203607,0.6666666666666666,38,4,0.137,0.022215695811387135,0.40233363491716845,1
2008,0.8032884467388962,6,0.8478548451374539,0.8333333333333334,23,4.7,0.226,0,1.130261519302615,1
15943,0.714661806797332,20.416666666666668,0.7946569595411386,0.5217391304347826,78,4,0.059,0.0008997660608241857,0.4170482343348178,1
7164,0.8152624482870647,101.41666666666667,0.884836904444033,0.6756756756756757,61,3.4,0.15,0,1.0023729759910665,1
2014,0.7496403554525906,6.916666666666667,0.8002033258822048,0.8571428571428571,26,3.1,0.136,0,0.4930486593843098,1
22810,0.6095013467165792,6.5,0.7779422041578362,0.9,20,4.5,0,0.03928047737965367,0.07536333545233345,1
14279,0.7314067178681158,11.5,0.7083389594565492,0.5348837209302325,24,3.9,0.067,0.03151019373036438,0.07360459415925485,1
19570,0.6939887795133522,19,0.7961587712522412,0.875,51,3.7,0.116,0,0.30757045402284167,1
18046,0.6963155693923816,18.083333333333332,0.7491546285666943,0.7560975609756098,1,4,0,0,0.656710628394104,1
22390,0.7921641538353622,9.166666666666666,0.6583946503989829,0.7209302325581395,32,3.7,0.046,0.04747929811640076,0.12746761947297902,1
21936,0.757611918134167,10.583333333333334,0.6133705922144593,0.6190476190476191,40,3.5,0.132,0,0.5677881108679795,0
2042,0.8694158183375928,6.416666666666667,0.7341624741498868,0.627906976744186,23,4.2,0.037,0.06650767063609632,0.043095004897159644,1
2037,0.743741968685944,101.75,0.8962128503015228,1,31,4.8,0.207,0,0.9781487846795973,1
23549,0.8740934630275707,6.916666666666667,0.8002033258822048,0.7777777777777778,46,2.9,0,0.11095948739556112,0,1
14661,0.7179873193312329,11.333333333333334,0.7799025066603564,0.45454545454545453,24,3.6,0.134,0,0.5426827188704342,0
12949,0.5559620988290521,17.25,0.6968045742123052,0.5476190476190477,18,3.4,0.147,0,0.5181095065256004,0
12675,0.8383328228778361,97.08333333333333,0.8407337830428567,0.4186046511627907,23,4.5,0.1,0,0.24347140039447732,1
5369,0.6939109819940559,5.833333333333333,0.7805386929180398,0.8260869565217391,8,3.4,0.329,0,0.3745925305020024,0
36436,0.7823161914487078,6.083333333333333,0.8294534301645379,0.4666666666666667,1,3.8,0.087,0,1.1104005708718145,1
20190,0.6016994081522913,6.583333333333333,0.7484226972866861,0.7209302325581395,49,3.9,0.124,0.005072445976459388,0.5192669638434869,1
11467,0.8492901096541828,95.16666666666667,0.8849852285334202,1,16,4.5,0.246,0.17727725347916676,0,1
1865,0.7874221407391068,94.5,0.8548103414390239,0.9024390243902439,39,4,0.196,0,0.6648793565683646,1
29346,0.7255486096183907,17.083333333333332,0.7377169744630231,0.975,25,4.2,0.278,0.09249819843718378,0,1
26512,0.8121318807466233,97.41666666666667,0.8780746805408572,0.525,6,4,0.216,0,0.9032136391068195,1
29066,0.7428121404536957,18,0.7394213466764761,0.43902439024390244,39,3.3,0.129,0,0.6892589279570632,1
4084,0.9173899527420666,8.75,0.6149034929684623,0.5384615384615384,85,3.9,0.019,0,0.5918942083996571,1
14780,0.7261552306375907,98.66666666666667,0.876123566775006,0.7894736842105263,40,3.2,0,0,0.7998917419398491,1
20298,0.6529230048010911,6.75,0.772691942721951,0.627906976744186,34,4.5,0.172,0.0014968972459166096,0.5253719578283574,1
20103,0.7648067858095,96.66666666666667,0.882176899563656,0.9111111111111111,30,4.3,0.225,0,1.3277122817489926,1
12899,0.7431686317376744,10.083333333333334,0.6825972831459253,0.7058823529411765,1,3.1,0.173,0.05601537839862092,0,1
7195,0.6552086243892066,18.25,0.754823858289337,0.5476190476190477,34,4.3,0.054,0,0.5701181375955525,1
3704,0.726027570385597,10.416666666666666,0.727177713520321,0.625,58,3.9,0.183,0,1.1457883369330453,0
8854,0.8351466901261527,101,0.8669185138372545,0.5476190476190477,33,3.6,0.055,0,0.32857062178799346,1
8111,0.837502933838554,11.333333333333334,0.6873486525666279,0.6666666666666666,64,4.2,0.237,0,1.0205289439615313,1
31630,0.8399002376608056,9.833333333333334,0.7621073076674882,0.6428571428571429,82,3.6,0.29,0,0.37227904329818684,1
2314,0.7239632510305911,5.75,0.763186454516403,0.6136363636363636,35,4.5,0.058,0,0.5191268640587854,1
12166,0.7276360315007271,6,0.7958758547680685,0.2619047619047619,15,3.7,0.082,0.035113814616898574,0.23270724590029182,1
6480,0.8094924754608828,6.833333333333333,0.7699028992181316,0.9090909090909091,45,4.1,0.052,0,0.7401234567901235,1
6789,0.658409940925486,100.58333333333333,0.9059040890006996,0.4523809523809524,66,3.3,0.211,0,0.769038149948446,1
14434,0.8809194988719218,10.75,0.5803200718251422,1,34,3.9,0.113,0,0.7748371899681308,1
10291,0.7338154064867208,19.5,0.7554002047648858,0.5555555555555556,29,4.2,0.256,0,0.7522472183081483,0
30795,0.809736448967481,96.58333333333333,0.8893343815958239,0.7,36,3.8,0.307,0.06045735809117805,0,1
17112,0.8047373001037804,9.333333333333334,0.6464466094067263,0.6666666666666666,30,3.7,0.045,0.06984418802465629,0.1273997019548257,1
1861,0.8122306905417227,103.75,0.8756212515606557,0.7,44,4.5,0.087,0,0.6598602901665771,1
10273,0.8777753322995904,6.666666666666667,0.83416876048223,0.4897959183673469,35,3.7,0.193,0,0.6880506205889511,1
21456,0.7271966110028925,6,0.7113248654051871,0.6976744186046512,57,3.9,0.025,0.0008994289863682873,0.2256711409395973,1
4640,0.6715954613358411,9.333333333333334,0.6775808913345038,0.5,33,4.1,0.025,0,0.8455652548766031,0
22640,0.6885591094666329,20.25,0.7874773443016403,0.7380952380952381,19,3.7,0.077,0.0004151543187910706,0.1971731448763251,1
14119,0.9260105121976541,6.583333333333333,0.7408925380954592,0.6923076923076923,1,3.4,0.237,0.07220017754055248,0,1
9840,0.5817430522011889,18.166666666666668,0.6541637279821879,0.9361702127659575,19,3.7,0,0,0.8385162601626016,1
28470,0.8772765944909313,98.33333333333333,0.8837283194159831,0.6382978723404256,20,3.6,0,0,0.5351949420442571,1
16184,0.6751033077530446,8.916666666666666,0.7351658445737429,0.37209302325581395,45,3.4,0.121,0.19179266384438956,0,1
9935,0.9072519212473059,6.583333333333333,0.7811187789140432,0.9285714285714286,12,3.4,0.299,0.0008408854840399435,0.04932058379466533,1
3056,0.6547346728432449,17.833333333333332,0.7207186392993656,1,9,3.6,0,0,0.5013909343806251,1
21014,0.637561328367604,93.83333333333333,0.8567652210534384,0.6382978723404256,9,3.9,0.029,0.015991644344813555,0.2576914840459704,1
15746,0.5979011578254948,17.5,0.7157178751123943,0.5609756097560976,20,4.3,0.085,0.05625794505756123,0.09405861992315265,1
26888,0.7008881198174215,6.916666666666667,0.8002033258822048,0.9111111111111111,24,3.6,0,0,0.6351160368937816,1
25868,0.47977023520825546,18.416666666666668,0.7122869261180176,0.5,67,3,0,0,0.17268439771145816,0
10897,0.7902137315394812,9.916666666666666,0.5935864776691178,0.7272727272727273,7,3.7,0.302,0.08280080964213897,0.08048086629347527,1
23733,0.7647879969124067,100.33333333333333,0.8650287503935423,0.6176470588235294,50,4.4,0,0.09612611803552311,0.14574642902287954,1
19297,0.8932942920484,6.083333333333333,0.7728339184688082,0.8205128205128205,26,4.3,0,0,0.6522426346746819,1
16971,0.7260958309711794,10.666666666666666,0.6859413868399722,0.6444444444444445,69,4.8,0,0,0.7039863292183495,1
8165,0.7937606325042681,93.25,0.853279911072256,0.5365853658536586,15,3.4,0.247,0,0.525780771586038,1
13468,0.5917666844319742,21.5,0.8163919491112092,0.8181818181818182,25,3.3,0.228,0,0.5813254130313719,0
9545,0.7974470359769658,17.166666666666668,0.697467253380915,0.975,1,4,0.056,0,0.23761131482451545,1
27691,0.8261495959715924,6.583333333333333,0.7725037879036528,0.4146341463414634,28,3.6,0.176,0,0.4718224661887651,1
24263,0.5347291209836045,17.916666666666668,0.7739037283211789,1,69,4.2,0.083,0,0.2733024214322514,1
15043,0.5799439325107825,10.083333333333334,0.630124892552062,0.6410256410256411,54,4.2,0.227,0,0.6154562074123318,0
10458,0.8066516226920828,92.08333333333333,0.8677029549133692,0.6764705882352942,42,3.9,0,0,0.6768024478867852,1
19911,0.7146542348738322,7.333333333333333,0.871435130693355,0.45454545454545453,58,3.8,0.249,0.03364737265067034,0,1
19483,0.6448053884261034,18.333333333333332,0.7189159121138126,0.6388888888888888,7,4,0.239,0.1652656706148406,0,1
3761,0.7411513181181433,92,0.8455144521353055,1,52,3.4,0.061,0,0.39005583621377293,1
10931,0.7945997315175002,100.58333333333333,0.8854540123813583,0.9069767441860465,63,4.6,0,0,0.47573304057453913,1
12273,0.4243453232277896,18.416666666666668,0.761808648176437,1,3,3.1,0.128,0,0.2203210299030392,1
9240,0.6815516047112185,11.5,0.666037141397017,0.75,11,3.7,0.132,0.0012333965844402277,0.6354239948049137,0
13259,0.7829819607180797,6.666666666666667,0.8031498031497047,0.74,1,4.7,0.043,0.022757886086590313,0,1
18396,0.7566385819655821,98.91666666666667,0.8807063574862739,0.8048780487804879,71,4.7,0.059,0,0.32479886931941726,1
12451,0.6587579861222894,18.25,0.8236827892574629,0.4772727272727273,1,4.5,0.114,0,0.522447996144888,1
12247,0.7680756469465329,6,0.819979425044226,0.6744186046511628,69,4.1,0.068,0,0.6601616722462644,1
16872,0.717050221521806,10.5,0.6404840745109166,0.6136363636363636,23,4.5,0.169,0,0.4780843434193759,0
1652,0.6331315409772398,95,0.8753027674111098,0.6097560975609756,19,5,0.128,0,0.5556900726392252,1
20054,0.8297482893049541,94.25,0.8929200792565988,0.8260869565217391,12,3.9,0.072,0.0068065779400478645,0.03470629300887604,1
1923,0.8151757168996943,93.66666666666667,0.8791868669269185,1,72,4.1,0.113,0.03937254182281746,0.061378413524057214,1
16843,0.8544966655315505,9.833333333333334,0.7069217548171087,0.5217391304347826,24,3.9,0.079,0,0.737657711147395,1
3902,0.7952153147529611,90.41666666666667,0.8630878755779572,0.37209302325581395,1,3.6,0.117,0,0.9372116863147104,0
20334,0.7418956128896637,9.916666666666666,0.6798992108446906,0.6341463414634146,63,3.6,0.054,0,0.5047211566833875,0
18600,0.8277603407412712,96.08333333333333,0.8463649725688916,0.6521739130434783,9,4.8,0,0.08192270166149665,0.01279604290437915,1
7218,0.6013494008249145,6.416666666666667,0.784634753873026,0.6153846153846154,27,4,0.302,0.06939684741939646,0,1
16431,0.850855281983161,6.166666666666667,0.7924014662738215,0.7027027027027027,1,4.3,0.112,0,0.7761548292861056,1
3773,0.7866931322572994,7.083333333333333,0.8227468332550663,0.6097560975609756,49,5,0.166,0.017389035569571398,0.023061630218687873,1
10433,0.7138627782340616,6.583333333333333,0.7994559554714575,0.5581395348837209,1,3.1,0.077,0.05732041030469969,0.27393846448768333,0
12530,0.7118264526419504,100.75,0.9040992953045439,0.8837209302325582,29,4.5,0.164,0.022845249911947082,0,1
11561,0.7117079423121815,89.91666666666667,0.8360796953072305,0.6904761904761905,46,4.2,0,0,0.6237619480126292,1
14975,0.7401710534987765,19.666666666666668,0.7412824148733264,1,39,3.7,0.005,0.016336232980968472,0.34705666299375604,1
2142,0.5740306400007787,16.5,0.7850121550121943,0.574468085106383,15,3.3,0.063,0,0.1340182115339715,0
13363,0.8160367394404285,92.25,0.8805844257777571,0.9772727272727273,56,4.6,0.228,0.001220471272554606,0.4485519718626057,1
12227,0.7844509369494888,10.916666666666666,0.7506491149456325,0.8604651162790697,15,3.7,0.181,0.010901603071681159,0.3468695047642416,1
20937,0.7761837673162968,98.5,0.8961766568078345,0.5238095238095238,76,4.6,0.077,0,0.9418002053829436,1
23846,0.8402502587526113,96.58333333333333,0.8762984035286394,0.7317073170731707,51,3.3,0.042,0.00047369056239440023,0.3639680442850852,1
14814,0.6155949895900545,10.583333333333334,0.6951423514550246,0.5789473684210527,51,4.2,0,0,0.8016740920750641,1
18229,0.6166689340166269,17.5,0.8,0.7142857142857143,64,4.3,0.19,0,0.5900488233035274,1
6624,0.6558857355721524,99.75,0.8950855120194869,0.6944444444444444,33,3.8,0.26,0,0.811141304347826,0
17462,0.7727161778591843,90.5,0.8620996245928322,0.5909090909090909,35,4,0.099,0.0013481370197811922,0.22311304547016378,1
14567,0.7853540208972726,6.833333333333333,0.6905224990134263,0.7441860465116279,8,4.1,0.159,0,0.7499399306628223,0
14834,0.7221173440941953,97.08333333333333,0.8480056385444723,0.825,1,4.6,0.126,0,0.3140863585802407,1
6821,0.6963938172077535,17.25,0.7289945492221112,0.6052631578947368,47,3.1,0.143,0.09395264975801572,0,1
17775,0.6879155455373638,21,0.7758024302884836,1,42,4.6,0.105,0,0.7203015555993136,1
19482,0.7882811514202863,97.66666666666667,0.898009878515468,0.6976744186046512,45,4.4,0.104,0,0.7645518940560517,1
14169,0.8555394674727067,6.916666666666667,0.7265829947491513,0.4,11,3.5,0.026,0.022915828480973347,0.15774429191516393,1
29456,0.6543525546440081,17.583333333333332,0.7891661002887657,0.9210526315789473,31,4,0.11,0,0.46599107127701106,1
6019,0.6989863845553245,6.666666666666667,0.760208423834364,0.8536585365853658,34,4.1,0.151,0,0.6633992357534474,1
5934,0.7813134000774679,105.91666666666667,0.8821742966361393,0.8780487804878049,45,4,0,0,0.5561172901921132,1
25720,0.7545484775744629,12.25,0.7437441060974508,0.06666666666666667,74,3.7,0.215,0,1.7078092497910147,0
9603,0.7119464050589435,11.583333333333334,0.7786088841233221,0.775,33,3.5,0.138,0.1408263743015797,0,1
6589,0.7424654029557876,104,0.8915690395895046,0.7021276595744681,1,4.3,0.066,0.01720206379307708,0.2640764911215662,1
4534,0.7515079634857151,92.83333333333333,0.8653261541322104,0.7291666666666666,43,4.5,0.158,0,0.3394728134995037,1
2722,0.8650654722172331,6.666666666666667,0.7849418683239343,0.782608695652174,1,4.4,0.164,0,0.3986039676708303,1
1818,0.6797557874062767,10,0.729198719845468,0.9069767441860465,69,4.4,0.164,0,0.4715268225584594,1
28704,0.7425383589604639,6.166666666666667,0.7450275369714432,0.5909090909090909,7,3.4,0.156,0,0.882664437012263,1
10225,0.7015371339622865,6.666666666666667,0.8031498031497047,0.975,1,4.1,0.155,0,0.9393643031784841,1
23591,0.6441295778085637,7.166666666666667,0.8125056337604989,0.6046511627906976,9,4.4,0.15,0.10493441480434947,0,1
7321,0.6769524166367371,95.5,0.8671009328900808,0.3695652173913043,57,5,0.21,0,0.5645403633383418,1
21809,0.7547470679047684,11.5,0.7148939772042608,0.5813953488372093,48,3.9,0.087,0,0.7204823696639002,1
16909,0.6853425479055191,9,0.7131123447253765,0.7777777777777778,10,3.9,0.253,0.06282231253273808,0.18375373332939055,1
2002,0.8286498166433012,98.58333333333333,0.8790204296324491,0.8913043478260869,53,4.6,0.206,0.010534871278796957,0.14738945790657007,1
27465,0.6639455509824567,17.333333333333332,0.7290576383922044,0.8571428571428571,13,4.8,0.043,0.004108276376035396,0.11731507946622002,1
9498,0.5877093555729815,18.5,0.7402966611639716,0.725,1,4.1,0.065,0,0.5579362990260595,0
1934,0.5785299861669414,16.583333333333332,0.7020731887883087,0.68,16,4,0.044,0,0.8945191313340227,0
22447,0.5158265334201453,17.25,0.7740803294475378,0.5531914893617021,21,3.1,0,0.05360754366017558,0,1
9924,0.8090518714521174,6,0.6881952177688382,0.7631578947368421,51,4.4,0.041,0,0.46273996069935003,1
22824,0.8085473221798969,98.75,0.8620078979755783,0.6097560975609756,23,3.8,0.099,0,0.5769053826100291,1
1997,0.8620808256492378,102.66666666666667,0.8611467222055643,1,27,3.9,0.171,0,0.2498748122183275,1
28735,0.6800892236775564,16.166666666666668,0.7377711888252185,0.3958333333333333,24,3.7,0.147,0.11442882248041408,0,1
15469,0.7535725401289315,6.416666666666667,0.7754335523923301,1,1,4.2,0.139,0,0.6942918094253022,1
14315,0.7488228615769772,102.66666666666667,0.8569953536003556,0.4888888888888889,1,3.7,0.075,0,0.4337408312958435,1
5800,0.8096520544770061,11.416666666666666,0.6956108107738241,0.6,1,4.4,0.056,0,0.38710233640831104,1
9245,0.6955260140317305,8.75,0.6473617413033597,0.7021276595744681,1,3.8,0.094,0.004824746360912698,0.4741197468765212,0
19138,0.6231521598243728,19.25,0.7599450972638654,1,1,4.1,0.135,0.00018298343330477005,0.5341205977636116,1
17979,0.7263302485752801,21.166666666666668,0.8182142302265324,0.5714285714285714,36,3.6,0.165,0.04156785696899833,0.20218032148617832,1
6055,0.7256732299487789,6.666666666666667,0.83416876048223,0.673469387755102,25,4,0.121,0.053331276925074354,0.02906688687035508,1
19687,0.6383809410252677,96.25,0.8723919956377765,0.7560975609756098,45,3.6,0,0.018181190113944215,0.15644841773759333,1
13782,0.5872506497026835,17.666666666666668,0.6914070333246014,1,21,3.6,0.033,0.029914101950738996,0.4020607335921344,1
12559,0.7823906512880187,6.333333333333333,0.8254408005076106,0.6976744186046512,47,3.9,0.177,0.08247275278080281,0.007723852370904168,1
33246,0.7005344088445211,96.66666666666667,0.8939690216446773,0.34146341463414637,2,4.1,0.16,0.028449514985482618,0,1
6485,0.8017704600876302,99.91666666666667,0.851021429392919,0.7209302325581395,7,3.6,0.03,0,0.5779491133384734,1
17688,0.5861000749689806,17.583333333333332,0.7472995737105539,0.875,57,3.3,0.05,0,0.19053003533568905,1
23316,0.6845905418480176,19.416666666666668,0.7682800860653547,0.9130434782608695,26,4,0.149,0.0009900578227047714,0.6501544004117344,1
13606,0.6019809877048241,15.5,0.6432116124078052,0.5384615384615384,1,4.4,0.027,0.183767180345651,0,1
8730,0.698039120384149,18.25,0.7568734335712486,0.6666666666666666,58,3.9,0.089,0.029455488876341474,0.34171487484964774,1
16654,0.874502406577931,5.583333333333333,0.7419161721523794,0.5853658536585366,40,4,0.155,0.10323162299588096,0,1
21567,0.8392758048086949,93,0.8452334895528021,0.7021276595744681,9,4.7,0.219,0.028575374263420814,0.29090740483145544,1
21617,0.7356116351228985,100.58333333333333,0.8913589836129213,0.6976744186046512,39,4.1,0.096,0.044893402427469836,0,1
14862,0.7612828740471702,9.166666666666666,0.6147341799924164,0.5555555555555556,51,3.7,0.128,0.00009530836868966365,0.4881741412374256,0
1936,0.8760075150229542,100.58333333333333,0.8800446983830194,0.7142857142857143,28,4.3,0,0.0016433457058360093,0.15237603305785125,1
22522,0.8639731208340099,91,0.874947179376472,0.5476190476190477,14,4.9,0.257,0.007421922138307293,0.4714501376431933,1
21682,0.6524120452805326,8.75,0.6797110148419003,0.358974358974359,1,3.8,0.031,0.04530394027894582,0,1
17433,0.9099596061662707,6,0.7642977396044841,1,35,4.8,0.217,0.03821668131471969,0.1858597447296716,1
15132,0.7156627966627388,11.5,0.7216032940246588,0.975,7,3.5,0,0.08197456492936643,0,1
4539,0.6917890523553916,11.666666666666666,0.7304576819412398,0.5952380952380952,39,3.9,0.084,0,0.6198083067092651,1
26170,0.7739773805097773,9.416666666666666,0.6685252955694151,0.43478260869565216,16,4.3,0.149,0,0.9023099409618067,0
13171,0.8954195144636496,6.666666666666667,0.7238659745703184,0.7346938775510204,16,5,0.153,0.0016487153650821297,0.34508940435063207,1
9149,0.8028692399230158,11.25,0.725725798791502,0.5897435897435898,71,3.9,0.191,0,0.6473931577221554,1
9003,0.8535802327935997,99.41666666666667,0.8547889085403025,0.5813953488372093,78,3.9,0.138,0,0.7624125291569477,1
4357,0.692690806086791,19.416666666666668,0.7517027353799017,0.9761904761904762,73,5,0.031,0.027280803251852153,0.23364700481983017,1
14555,0.7141590081438575,6.583333333333333,0.7811187789140432,0.45652173913043476,15,5,0.134,0.00044846266996735194,0.21167983510821023,1
11129,0.8944389258750762,7.083333333333333,0.7591824765828386,0.5869565217391305,13,4.3,0.007,0,0.42045199263153166,1
21723,0.8323759611033976,9.583333333333334,0.7936728605616579,0.5897435897435898,29,4.3,0.078,0,0.8336517435838416,1
24498,0.8860665008623589,11,0.8036139182300648,0.7631578947368421,32,4,0.218,0.00834342021877015,0.47407951669524045,1
3205,0.79118466485558,95.58333333333333,0.8616354601303255,0.6976744186046512,36,3.7,0.109,0.00024040446852530723,0.31825273010920435,1
28621,0.7548477128662436,98.5,0.849331755536489,1,38,3.6,0,0,0.452472877832323,1
2020,0.7448576134399763,11.083333333333334,0.7232306418149479,0.7073170731707317,17,3.8,0.05,0.07658211011571044,0,1
16573,0.6940980988079282,10,0.729198719845468,0.6285714285714286,1,4,0.285,0.0013491286735720306,0.4247397797556193,0
15307,0.9011723592063203,11.583333333333334,0.7703469107983832,1,47,3.8,0.016,0,0.45399013491000556,1
21475,0.8887513088489347,6.333333333333333,0.7829944407569652,1,22,4,0.179,0,0.9055180442374855,1
17856,0.7529567421690833,91.75,0.9028071340724076,0.47368421052631576,1,4.3,0.022,0,0.8271400968889138,1
12619,0.7940796732687075,9.5,0.6026402928804868,0.6444444444444445,44,3,0.174,0,0.7474739469826049,0
24893,0.9126020869956507,6.416666666666667,0.7498524638408023,0.6956521739130435,63,5,0.303,0.010762065512503596,0.2467360302092958,1
22958,0.6337251559725379,18.5,0.7440743655614092,0.775,21,4.7,0.075,0,0.5293694870957204,1
2221,0.8764296578563101,95.33333333333333,0.8944658162742198,0.6,1,5,0.189,0.0056197816313423255,0.4385411976587123,1
11628,0.6319722329531429,16.666666666666668,0.7235945007782949,0.7142857142857143,41,3.4,0.183,0.0009765326985870793,0.827485380116959,0
30229,0.7240817768387198,99.41666666666667,0.9175169859623148,0.7619047619047619,92,4.3,0.134,0,0.7604287273809918,1
10712,0.7939780640962607,96.08333333333333,0.8550099197717553,0.6170212765957447,19,3.5,0.139,0.0012132690620895125,0.09606497689399243,1
5673,0.7369357099961009,103.08333333333333,0.8749213161382983,0.8627450980392157,24,4,0.222,0,0.9210294376872906,1
24490,0.6009809357237053,16.666666666666668,0.6927541700852557,0.4318181818181818,32,4.1,0,0.0021798515101473072,0.5100040832993058,1
16453,0.8912399761501527,6.916666666666667,0.7533796446932685,0.4888888888888889,60,3.9,0.101,0,0.49674831337749953,1
20666,0.8971181554192683,100.08333333333333,0.8696314181219298,0.6585365853658537,15,3.5,0.179,0.026812841376960026,0,1
1967,0.7679840914192366,11,0.6538284951880042,0.46511627906976744,1,4,0.223,0,1.0594814438230808,0
9982,0.7938616515698681,6.166666666666667,0.782101141937877,0.38636363636363635,69,4.3,0.018,0,0.45403997395181084,1
15653,0.7898888107470201,93.41666666666667,0.8815640386301382,0.8333333333333334,24,3.9,0.057,0,0.7279115824442599,1
2026,0.7401953698348591,9.166666666666666,0.5778841175911309,0.8095238095238095,68,4.1,0.1,0,0.6763762034065662,1
21661,0.7848039891432386,7.083333333333333,0.8227468332550663,0.42105263157894735,43,5,0.103,0,0.22349437916945591,1
6301,0.8334398214837532,12.166666666666666,0.6664165572086049,0.5909090909090909,13,4.2,0.109,0,0.8001904459609586,0
15962,0.8825515341976219,5.916666666666667,0.7564561061156256,0.6923076923076923,50,3.8,0.026,0.04628002107779449,0.06471822823669454,1
11293,0.7780385619214454,11.25,0.6918126805523745,0.6046511627906976,1,4.3,0.268,0.023443760846888945,0.03170245738321895,1
4727,0.7866978061862165,11.083333333333334,0.793404035127307,0.6578947368421053,22,4.3,0.125,0,1.2248783583668288,1
9225,0.6996347910370064,17.75,0.6956312283806435,0.9787234042553191,26,4.7,0.092,0.0007675050183020426,0.17777777777777778,1
26289,0.8526116933447181,7.333333333333333,0.8299246642375481,0.5,1,5,0.265,0.06526467930413439,0,1
13304,0.771726729225404,99.66666666666667,0.8678823932100088,0.525,21,4.2,0.105,0,1.2142669222385087,1
25478,0.6897585466017206,11.083333333333334,0.6908137564668859,0.6341463414634146,58,3.1,0,0.052111018088970375,0,1
14328,0.7445025092573474,10.25,0.6570878583908433,0.6744186046511628,1,3.8,0.089,0.020512585601273406,0,1
10355,0.7074656578610006,20.25,0.7992798617570832,0.46153846153846156,47,3.9,0.302,0,0.8002317832826308,0
27437,0.6387524290182016,9.583333333333334,0.6424193879138766,0.8333333333333334,32,3.6,0.157,0.004026999945094163,0.5798009986514561,1
14163,0.681491141321875,20.083333333333332,0.8269654816432113,0.7297297297297297,40,3,0.001,0,0.35176163242250935,1
5537,0.867216914943697,95.08333333333333,0.838864222741571,1,1,4.4,0.214,0,0.6495078117944549,1
9724,0.6951783074837218,9.166666666666666,0.5849922832540608,0.5384615384615384,60,4.2,0.025,0,0.664164138427521,1
11672,0.5705301942128325,17.916666666666668,0.7509563994376269,0.5531914893617021,24,4.6,0,0,0.5941824101443688,1
2112,0.7098010682251797,16.916666666666668,0.7533499947365508,0.9361702127659575,37,4.8,0.147,0,0.4532322993132844,1
17439,0.8653046979683051,6.583333333333333,0.7642033416430739,0.5384615384615384,34,3.1,0.008,0,0.26636465292312983,1
23831,0.6709099630115878,19.75,0.8611436061442672,0.3170731707317073,31,4.3,0.086,0,0.2824531587671262,1
32241,0.8894786016860232,100.75,0.8681901676278581,0.972972972972973,28,4.9,0,0,0.2696876647746658,1
13534,0.5685668169238833,19.583333333333332,0.7973913896660866,0.391304347826087,17,4.3,0.171,0,0.8987734594354958,0
32499,0.4844902113059716,16.75,0.7084135669235303,0.6,100,3.5,0,0,0.5088850254627136,1
10277,0.9002825494448117,6.666666666666667,0.83416876048223,0.717948717948718,13,4.2,0.172,0,0.7276796574709288,1
21473,0.6408971993716384,96.66666666666667,0.8366339505534528,0.5,7,4.7,0.04,0.0020873528980356318,0.5555943648853184,1
16354,0.6620061658630982,16.583333333333332,0.7412670218722411,0.8181818181818182,81,4.4,0.203,0,0.49162284456402106,1
8311,0.82301919382222,6.333333333333333,0.7239976715341707,0.7368421052631579,61,4.4,0.124,0,0.7881121405366381,1
7750,0.7348931983300971,18.666666666666668,0.7230703139415925,0.5777777777777777,11,4.4,0.247,0,0.6444286728176012,1
22836,0.8012166934978779,97,0.883212058639406,0.7209302325581395,22,4.3,0.067,0.005604366178098914,0.16378007926255173,1
8699,0.6965777818435337,6.25,0.8256440422583731,0.9302325581395349,48,4.1,0.141,0,0.6202218773351728,1
9022,0.82834232498943,104.33333333333333,0.8829824500203678,1,22,3.5,0.244,0,0.23088007093770782,1
5249,0.8310789920323056,98.58333333333333,0.9297884876429244,0.6590909090909091,4,4.3,0.059,0.10298545031884947,0,1
1728,0.665885453270542,11.416666666666666,0.7753768970302318,0.7441860465116279,12,4.2,0.185,0.0006348107109879963,0.2801736613603473,0
12141,0.7511160138202606,6.666666666666667,0.7525126265847084,0.7619047619047619,59,4,0.001,0,1.3201268481528767,1
23742,0.7926270598494609,11.916666666666666,0.7875460485179957,0.5121951219512195,30,4,0.045,0.005105292431451895,0.30301371016995554,1
32242,0.8953841958092836,100.33333333333333,0.8512570006277499,0.7368421052631579,43,4.4,0.055,0,0.9277173828761068,1
25496,0.8461035196601812,6.166666666666667,0.7537720654285325,0.7333333333333333,42,3.8,0.048,0.06496138142896281,0.06306995352120963,1
8138,0.8068629446765097,96.66666666666667,0.8646359556800653,0.2682926829268293,20,3.9,0.103,0,0.6553207176210372,0
21125,0.8769733318145257,11.416666666666666,0.7196662135814377,0.9761904761904762,33,3.7,0.142,0,1.1698934911242604,1
6904,0.7420299659193346,10.333333333333334,0.745999745999619,0.5813953488372093,7,3.9,0.152,0.007843839817633912,0.08734067207415991,1
13593,0.6491348192056872,18.583333333333332,0.736874069916043,0.5641025641025641,9,4,0.24,0.0004438235764904469,0.16354005738247626,0
15717,0.6765125547467081,103.58333333333333,0.8834522073558675,0.7368421052631579,42,4.2,0.392,0,0.7373544569574346,1
23708,0.736035618625103,15.25,0.8262501301029,0.7619047619047619,24,4.5,0,0,0.6928884764636409,1
2229,0.7761998371985495,6.75,0.7982699427361952,0.7674418604651163,58,3.2,0.234,0,0.402512901054521,1
17758,0.7669671173498788,98.33333333333333,0.8568824960502742,0.35,66,4.4,0,0,0.5422497536252288,1
4677,0.6029838070806095,18,0.7921301451792255,0.575,42,3.8,0.089,0,0.23414947075804554,1
15886,0.6749569031138131,96.08333333333333,0.8732817642561042,0.7555555555555555,72,4.2,0.15,0,1.1555457635654034,1
19288,0.5426864845593948,17.5,0.7166766708448854,0.7209302325581395,43,3.2,0.258,0.07405732979659042,0,1
1997,0.854360266667308,11,0.6850816713511132,0.8333333333333334,50,4.4,0.215,0.005388573530794104,0.24893563736538943,1
12628,0.7911980506044491,8.416666666666666,0.5786549934464711,0.3888888888888889,40,3.6,0.088,0,0.7657889526826371,0
27402,0.6911424428659911,16.833333333333332,0.762582597855806,0.8,25,4.1,0.046,0,0.7384132545069703,1
8564,0.8172646536980883,10.25,0.6761205806985027,0.7804878048780488,27,4.3,0.052,0,0.4808500700607193,1
1898,0.642699786313892,6.666666666666667,0.8232233047033631,0.631578947368421,37,4.6,0.032,0.04103026097989826,0.09538866930171278,1
11307,0.7047512005679992,18,0.6890211921528395,0.5625,59,4.5,0.068,0.000039968025579536374,0.35793570070313535,1
8756,0.8205304463145316,100.16666666666667,0.8519882781596932,0.65,44,2.9,0.142,0,0.6382273999200503,1
12956,0.7172211385393366,6.583333333333333,0.7642033416430739,0.29545454545454547,49,4,0.114,0,0.7658999691262736,1
25605,0.6889824897976151,101.66666666666667,0.8958790524052431,0.5277777777777778,41,4.3,0.105,0.030445742555751245,0,1
13612,0.7218987176005809,6.25,0.7725503718769069,0.8378378378378378,15,4,0.14,0,0.4886309370752672,1
22247,0.8388552076690805,6.666666666666667,0.793844718719117,0.717948717948718,24,3.9,0.091,0,0.9047265862045715,1
16759,0.9414374292395247,98.58333333333333,0.9208337978682861,0.7555555555555555,36,4.6,0,0.06982949585699941,0,1
14640,0.7131316984639628,14.666666666666666,0.6972065319437675,1,1,4.2,0.081,0.04293419853088973,0.25485843095734145,1
18539,0.6820914867005359,6.333333333333333,0.7475878145624884,0.7111111111111111,14,3.8,0.052,0,0.7277630940180161,1
16547,0.7871127116345092,102.08333333333333,0.8549532238771225,0.4523809523809524,52,4.8,0.196,0.022061900800349633,0.2790318194180038,1
14780,0.8830523524625231,11.75,0.6775583568320764,0.925,21,3.9,0.374,0,0.520297699594046,1
1987,0.8393650636041254,6.666666666666667,0.7307417596432748,0.6046511627906976,38,3.5,0.137,0,0.41127611376793355,0
3421,0.6609351594159028,18.916666666666668,0.7783742514871319,0.5555555555555556,35,3.5,0,0.0009290753338372387,0.4142669200409297,1
20104,0.593921149475429,18.75,0.7956038704432548,0.575,18,3.8,0.341,0.08152005581750177,0,1
19317,0.6504531856160192,17.166666666666668,0.7418497902852752,0.5957446808510638,14,4.6,0.057,0.048729796328390564,0.03742817207640938,1
13827,0.8688459734574167,6.583333333333333,0.8306444536675994,0.40425531914893614,35,4.3,0.053,0.003714852065701156,0.05453296206559867,1
5840,0.8291465259080902,10.5,0.7264493977839034,0.5581395348837209,38,4.5,0.159,0,0.9956331877729258,0
10969,0.5637232322603426,18.75,0.710223585551946,0.4166666666666667,61,3.9,0.246,0.004243678603516879,0.46886680645455375,0
19980,0.6634506450500893,98.58333333333333,0.879802595019515,0.627906976744186,1,4,0.133,0,0.623539127605796,1
6565,0.7452388288826697,11,0.7077681587577893,0.7906976744186046,25,4.4,0.117,0,0.7834564704090182,1
5738,0.6418719691230843,6,0.6957096902749077,0.7,10,4.2,0.037,0.0060172580996906465,0.32610021786492377,1
15718,0.8039715019822987,6.583333333333333,0.7994559554714575,0.8285714285714286,13,4.2,0.103,0.063771673563147,0.23940704924290623,1
10195,0.7260256732864387,6.416666666666667,0.8149635474185064,0.7105263157894737,8,4.1,0.155,0,0.34057580067683557,0
13530,0.748260441690379,10.166666666666666,0.6151903411703115,0.631578947368421,47,3.5,0.059,0,0.6411677753141167,0
1908,0.7752658192570382,9,0.550949790630291,0.8222222222222222,17,2.9,0.062,0,1.0322411533420708,0
11736,0.6320427776695374,18.916666666666668,0.7762825739983327,0.78,48,3.4,0.062,0.03495199546514852,0.18268575323790048,1
7811,0.44049829539920593,20.166666666666668,0.7897835150086463,0.7111111111111111,2,3.8,0.167,0.028750156661003293,0.06247599539111509,1
1955,0.6804864448220233,19.583333333333332,0.798466719383581,0.8372093023255814,32,3.6,0.131,0.11122132935003663,0,1
17095,0.6390529012200789,7.333333333333333,0.7967210929545645,0.6888888888888889,83,4.4,0,0.024827855479470456,0.3122641785369563,1
10902,0.6910283293094863,17.5,0.7128606965394031,0.4166666666666667,39,3.9,0.236,0,0.4306549257017061,0
10324,0.7213060782310836,19.416666666666668,0.7840813523072058,0.6136363636363636,19,4.3,0.176,0.19012265607232978,0,1
13251,0.6712162604576875,19.333333333333332,0.7393755783132591,0.9473684210526315,2,4.6,0,0.000794999128768078,0.5478283838345723,1
1991,0.5110123130150874,18.833333333333332,0.7473610190509699,0.5641025641025641,13,3.4,0,0,0.7157207433450528,0
26802,0.9378078825602263,95.33333333333333,0.8468307964069265,0.325,16,3,0.261,0,0.4060517871800612,1
40347,0.7182388373770756,6.5,0.7870096445405621,0.9285714285714286,76,3.9,0.017,0,0.3349237232473697,1
9974,0.8336863667359269,92.08333333333333,0.9064277900143233,0.5652173913043478,1,4.2,0.082,0.009733718856993182,0.27371165029075595,1
13114,0.957696418326831,7.166666666666667,0.8510901340131896,0.75,3,4.2,0.228,0,0.7123684611865182,1
4992,0.5825746743135678,16,0.6970200089114794,0.7073170731707317,39,3.9,0.043,0.021716810668137545,0,1
14455,0.5301517168356873,17.666666666666668,0.7594802116229818,0.575,75,4.3,0.096,0.01142536053644141,0.7623231519595973,1
11207,0.836155320658807,5.833333333333333,0.7304576819412398,0.5581395348837209,53,3.4,0.247,0.0038409146505542567,0.36924998884575916,1
9530,0.6841448829936576,16.416666666666668,0.7203510960235672,0.5,2,5,0.056,0,0.8445960125918153,1
10806,0.9441675486611409,6.333333333333333,0.7646244234210747,0.8,6,4.5,0.329,0,0.4381824912085878,1
15710,0.6791640482734225,95.41666666666667,0.8727555574987973,0.5348837209302325,14,3.7,0.232,0.05668440817569267,0.3635900700190961,1
17469,0.6603913388510988,11,0.6639231361694116,0.7073170731707317,47,4.3,0.192,0.08914227136410473,0,1
20917,0.7190864816785609,17.25,0.8324430415843032,0.5609756097560976,66,4.6,0.124,0,0.4048859779127026,1
9185,0.6688594341393499,17,0.6952888182760774,0.5238095238095238,48,4.3,0.064,0.006959249879369921,0.3231531384397626,1
8009,0.735305285731076,6.583333333333333,0.7900870385851013,0.6666666666666666,40,3.7,0.25,0.013610087246687054,0.35899356933258414,1
8334,0.5178202055808763,101.25,0.8852360836744737,0.76,1,4.3,0.119,0,0.757904841903162,1
11912,0.8456081546817493,10.75,0.6774783866245779,0.6216216216216216,49,3.3,0.08,0,0.9556749496306246,0
9738,0.9042847201623458,10.666666666666666,0.6836178635731783,0.6923076923076923,1,4.6,0.164,0,0.42513863216266173,1
22769,0.7986022639413659,10.666666666666666,0.7509784773357933,0.7450980392156863,15,3.8,0.069,0.01487194127914685,0.27827309060564803,1
13882,0.8410118707485308,8.583333333333334,0.5680975452517432,0.6444444444444445,31,3.7,0.157,0,0.3895832582934121,0
2075,0.6052603724649254,17.75,0.7386447763433468,0.6097560975609756,9,4,0.125,0,0.5802409638554217,0
13197,0.8933955529233351,6.666666666666667,0.7681595376126074,0.627906976744186,3,4.4,0.216,0,0.47238008638326895,1
15237,0.7796470486580906,6.583333333333333,0.7811187789140432,0.5609756097560976,4,5,0.174,0,0.48106582660628733,1
12463,0.7541366317448901,11,0.7402056333411782,0.4722222222222222,3,4.5,0.176,0,0.7246248896734334,0
16585,0.7798294460042341,6.75,0.8075499102701247,0.6363636363636364,25,3.7,0.201,0.02904007483549044,0.1162531279206488,1
26115,0.7375825909102894,95.75,0.8941672678876698,0.5714285714285714,53,4.1,0.196,0.015421397312840382,0.25192900495893084,1
22865,0.7228995856662626,11.583333333333334,0.7305277582686613,0.7674418604651163,1,3.9,0.22,0,0.7736278154384431,0
17369,0.8437699392423101,10.166666666666666,0.7497649586479713,0.6842105263157895,22,4.5,0.187,0,0.6910587828890552,1
10830,0.642023071593458,17.583333333333332,0.7086560589705463,0.8461538461538461,35,4,0.225,0,0.5842105263157895,0
6930,0.6849276707329,92.5,0.8680003394061812,0.9361702127659575,56,4.4,0.198,0.021616922307790564,0,1
9152,0.742851211819405,6,0.7454124613913422,0.45,1,4.4,0.085,0,0.9831730769230769,0
12287,0.8579255827921416,12.25,0.7111445748903109,0.4594594594594595,66,3.9,0,0,0.36453161878408075,1
23246,0.9133438540242731,96.16666666666667,0.8742933254364743,0.9285714285714286,55,4.1,0.372,0,0.3468553729673922,1
8523,0.729321908062586,96.16666666666667,0.8444353670314098,0.5652173913043478,52,3.5,0,0,0.44012907010853625,1
17152,0.829299466664283,95.75,0.8698264735478783,0.9574468085106383,32,4.5,0,0.04931118462268249,0.27297903973413407,1
15737,0.7739802673711434,9.666666666666666,0.8346264991961131,0.6190476190476191,29,4.2,0,0,0.4198385969371545,1
19548,0.6830032864655575,96.58333333333333,0.8564434077805448,0.7619047619047619,62,3.1,0.174,0.0012091426788361026,0.49375895232248823,1
27629,0.7589576844433924,9.916666666666666,0.6852383058768396,0.5882352941176471,43,3.7,0.052,0,0.9122102177099733,1
10415,0.8122660923980682,96,0.8761628159713402,0.4473684210526316,32,3.4,0.154,0,0.4304575351673148,1
13199,0.6853377139643491,15.5,0.7169366326647703,0.6285714285714286,26,3.1,0.113,0,0.5411773619213577,0
5483,0.6503070552484139,97.33333333333333,0.8785573751609784,0.6428571428571429,20,4,0.066,0,0.6624715002279982,1
4017,0.7625334978552692,96.91666666666667,0.8522391563488073,0.7073170731707317,43,4.1,0,0.009803052308242674,0,1
17739,0.8406241965343847,95.25,0.8465296177843179,1,70,3.8,0.068,0,0.6054626941398653,1
28701,0.6145639091290723,16.583333333333332,0.6814292289327546,0.43902439024390244,1,3.6,0.013,0,0.4604369185742657,0
25822,0.7421394075500722,5.75,0.7740803294475378,0.8974358974358975,31,4.9,0,0,0.5097302635400732,1
7386,0.7317171880592813,18.083333333333332,0.759528237315212,0.775,11,4.3,0.161,0.003734141055462154,0.06973123011305937,1
24846,0.7545444793200051,6.5,0.8279947709615546,0.5909090909090909,1,3.8,0.116,0,0.9059003461321742,1
10206,0.7757572695204322,12.333333333333334,0.7771294256422886,0.5227272727272727,62,4.7,0.153,0.09505442395686081,0,1
23335,0.7456537628838293,11.833333333333334,0.7934805873434482,1,74,4.5,0.23,0,0.555100816387752,1
12374,0.9036052905180141,10.416666666666666,0.7538130791451341,0.8260869565217391,1,3.7,0.264,0,0.5577824470664297,1
1829,0.687974598612553,8.333333333333334,0.6738098713939982,0.7446808510638298,1,4.3,0.128,0,0.6934645884604868,0
29503,0.6595615805351444,20.166666666666668,0.784014308340959,0.7804878048780488,13,3.6,0.226,0.0448613764507578,0.07785648917059282,1
3170,0.49796243689207964,18.333333333333332,0.8227855573671097,0.34285714285714286,10,3.5,0.101,0.00041479503055319493,0.2757097791798107,0
14355,0.9033648574247151,6.75,0.7893984924786175,0.8372093023255814,47,3.5,0.01,0,0.8874568950503327,1
4462,0.6739158130106879,5.583333333333333,0.7635376191379872,0.40425531914893614,21,3.9,0.155,0.00703262017439837,0.3377787739549479,0
17121,0.7819317201473058,7,0.8695898672606748,0.5526315789473685,49,3.7,0.328,0,0.8711194182412897,0
14402,0.8251840484442058,10.333333333333334,0.7034713498249963,0.9767441860465116,23,4.2,0.106,0,0.4228579363977225,1
3073,0.7433344600377768,6.416666666666667,0.7498524638408023,0.825,29,4.4,0.272,0,0.8893589326391149,0
4177,0.7047197052543958,6.666666666666667,0.8458896499257755,0.4,1,4.1,0.165,0,0.9876691009218245,0
9994,0.7638227469099439,91.25,0.8707093127233214,0.4888888888888889,54,3.5,0.135,0.0036329978016892282,0.43238104768099267,1
13649,0.8702378128674728,12,0.6995373937113343,0.38636363636363635,45,3.9,0.141,0,1.514103597333138,0
9590,0.8083404968079,6.25,0.7633568086760154,0.7804878048780488,27,4.4,0.14,0,0.8004171011470281,1
22393,0.7775642513376407,11.416666666666666,0.6977185512284867,0.6829268292682927,28,4,0.104,0.0004991344124745694,0.5863439467690796,1
18672,0.7307255199964734,98.58333333333333,0.8993727731262529,0.6428571428571429,10,4.3,0.134,0,1.2340938303341902,1
28705,0.7954395867743189,10.333333333333334,0.6782268170441934,0.9318181818181818,1,3.3,0.149,0,0.668675643191834,1
14476,0.6307590635131994,6.666666666666667,0.83416876048223,0.5853658536585366,11,4,0.101,0.06697155709757807,0,1
7228,0.7819703301733081,101.25,0.8836183724586112,0.3783783783783784,31,3.5,0.118,0.021859014446009087,0.05894154271878243,1
17023,0.5886230994170277,19.416666666666668,0.8000257895755924,0.7142857142857143,38,4.1,0.135,0.0026764603511804028,0.428361628385126,1
20655,0.7305280329174177,10.916666666666666,0.7396733907636652,1,25,3.1,0.119,0.010544770954750185,0.38092471556523844,1
14015,0.6909983843501559,6.25,0.73770245902792,0.6904761904761905,54,4.3,0.075,0.0006431376088820689,0.48392736094759,1
8055,0.7378615686925587,92.16666666666667,0.8708729067960781,0.5128205128205128,35,4.9,0.171,0.0002769938329674924,0.42731222842954686,1
24285,0.7770606832431054,18.083333333333332,0.7794267660133766,0.5714285714285714,15,3.4,0,0.011925455974862631,0.3580811200329421,1
8822,0.8169850432865082,102.16666666666667,0.8563788519682939,0.6818181818181818,29,3.9,0.154,0.009691978473670879,0,1
19158,0.7442003650426203,19.166666666666668,0.7727454896457047,0.5909090909090909,41,3.9,0.074,0.0006738628547561971,0.28046457001174474,1
11764,0.7880675130447865,99.58333333333333,0.8882195039761903,0.9285714285714286,20,4.8,0.147,0,0.6177583202278234,1
16998,0.8544015685152921,6.416666666666667,0.7942470192499369,0.675,23,4.8,0.016,0,1.13528460067657,1
5594,0.8203049635258863,6.333333333333333,0.7646244234210747,0.7045454545454546,62,3.6,0.081,0.05383210643035063,0.3023151872709395,1
18057,0.8305235756373537,106.58333333333333,0.9083553710293966,0.48717948717948717,10,4.2,0.114,0.05367490497990033,0.2153181591626516,1
5816,0.8143785419742323,98.25,0.8910002545007435,0.7708333333333334,69,4.7,0.165,0,0.7532668500687758,1
10606,0.713975850892548,19.083333333333332,0.6971119103255924,0.5581395348837209,1,3.8,0.296,0.0031825612274478717,0.2920988119932114,0
23509,0.7964981831212243,97.41666666666667,0.8763582613811763,0.5333333333333333,51,4.3,0.129,0.07268338653638255,0,1
1952,0.662464520715171,7.833333333333333,0.8451040449089251,0.6428571428571429,51,3.8,0.022,0,0.430327868852459,1
2205,0.519086407974001,19.583333333333332,0.7294272794556675,0.75,36,3.7,0.108,0,0.32524381946019504,0
12374,0.8844909054943813,97.66666666666667,0.8771805173007059,0.5111111111111111,26,4.4,0.301,0,0.5898896835980119,1
23363,0.6708770384452336,16.416666666666668,0.7434162039370535,0.6428571428571429,92,4,0.191,0,0.5788640157514018,1
26162,0.6645320019312704,10.5,0.6975784304244818,0.8205128205128205,77,3.7,0.032,0.004043868058939147,0.36244099153336007,1
24177,0.6393502191016155,16.5,0.8156738627182358,0.6666666666666666,1,4.9,0,0,0.7685148801522139,1
3234,0.7225260216033115,99.16666666666667,0.8721252466445226,0.8292682926829268,73,4.1,0,0.09592958307666065,0,1
19791,0.6631207985375804,16.583333333333332,0.7751010653206005,0.6097560975609756,77,4.5,0,0.013628211405596788,0.28816856572597965,1
17493,0.8354444491125408,9.583333333333334,0.6660371413970171,0.7804878048780488,39,3.3,0.188,0,0.11558909277996914,1
5868,0.7251923676912836,6.166666666666667,0.8032402732626887,0.8636363636363636,21,3.8,0.138,0,0.7774369461486026,1
9837,0.6985158830915053,9.666666666666666,0.6286093236458963,0.6666666666666666,56,3.7,0.154,0.024087514651365067,0.25354546840847864,1
16229,0.7312288229587132,104.25,0.9170088225464835,0.7804878048780488,3,4,0.211,0,0.3898696737221555,1
9381,0.8146849282442508,6.75,0.7647832236634858,0.4583333333333333,1,4.5,0.047,0.05581131887965834,0,1
7798,0.7259576249676293,18.166666666666668,0.7390557311315984,0.6444444444444445,1,4,0,0,0.27277973709522285,1
9825,0.6439151775739803,17.166666666666668,0.772103017586301,0.4782608695652174,19,4.6,0.236,0,0.7941371062140566,0
20030,0.8169778361884621,10.833333333333334,0.8047911147623151,0.5581395348837209,1,3.5,0.103,0.00039238038593708693,0.2129359195187099,1
8545,0.8271296766951011,6.083333333333333,0.7538054691012133,0.9523809523809523,80,3.2,0.163,0,0.2556030194862192,1
15231,0.7930286461066898,95.58333333333333,0.8585710655700127,0.717948717948718,48,3.6,0.321,0,0.567742359082105,1
26301,0.7292827480725079,97.66666666666667,0.8549387676631166,0.32432432432432434,10,3.1,0.069,0,0.7459934221782856,1
2161,0.9291241174371799,99.58333333333333,0.8415711496112748,0.6744186046511628,1,4,0.033,0,0.3003239241092087,1
17982,0.7160568952320545,6.416666666666667,0.7341624741498868,0.7446808510638298,49,3.9,0,0,0.4656322989656323,1
13689,0.7736780073712759,9.833333333333334,0.5851783643891384,0.5609756097560976,64,3.7,0,0,0.976039155526335,0
2217,0.7179025978134548,5.166666666666667,0.7788498515999663,0.7619047619047619,34,3.7,0.049,0,0.40640505187189896,1
14186,0.7811237544817896,11.666666666666666,0.7304576819412398,0.5555555555555556,52,4.2,0.241,0,0.5649430756758662,0
12680,0.7000432821016168,6.083333333333333,0.7728339184688082,0.475,1,4.1,0.105,0.012983170835930773,0.21948815016364998,1
11160,0.6004531288433739,6.5,0.7527269035642832,0.574468085106383,9,3.9,0.083,0.022223239855491867,0.16586764639992832,1
8989,0.761916471954336,99.58333333333333,0.8529599716250579,0.5238095238095238,11,4,0.141,0,0.4147291133607743,1
10404,0.7548551611798309,6.166666666666667,0.7450275369714432,0.631578947368421,41,3.9,0.045,0,0.10438292964244521,1
28906,0.6362720985048516,89,0.9201535370586972,0.5116279069767442,11,3.6,0,0.10358355539341353,0,1
8338,0.903390856429848,11.666666666666666,0.8204313558574781,0.5789473684210527,3,4.8,0.228,0,0.6187706146926537,1
13625,0.8208565599766988,6.166666666666667,0.7283817399697057,0.6410256410256411,50,3.8,0.114,0,0.6591559633027523,1
8021,0.632731096654773,18.75,0.7991130776890751,0.9523809523809523,34,3.6,0.139,0,0.8294994077675956,0
29089,0.7398841528229179,95.5,0.8519456645182402,0.975,27,2.5,0.067,0,0.6918422771494379,1
7982,0.8716997344643317,9.083333333333334,0.6534343712380899,0.9047619047619048,15,5,0.159,0.00041768659905971943,0.4622901528438988,1
23130,0.6832211760332854,6.833333333333333,0.762273308663196,0.7428571428571429,37,4.2,0,0.0009625738877139161,0.4825871722259452,1
5069,0.7027933416670686,95.5,0.8553166519583764,0.6666666666666666,40,3.6,0.198,0,0.6206964585182994,1
21732,0.6424086476556552,18.583333333333332,0.804173941157865,0.4,13,3.5,0,0,0.7146143935210749,0
15874,0.7354027255557514,100.08333333333333,0.8705279095291842,0.48717948717948717,3,4.2,0,0,0.545311368003276,1
16008,0.6754083997161866,8.916666666666666,0.6022818162438652,0.5405405405405406,41,3.5,0.304,0,0.32266125253787287,0
30663,0.6431088608519044,17.833333333333332,0.7226014564550312,0.8775510204081632,30,4.2,0.247,0.0281913340147732,0.018687016925936797,1
11317,0.6622580042094319,20.083333333333332,0.8599623482930605,0.68,41,3.7,0.07,0,0.747989749933728,1
15326,0.5763524519784731,18.333333333333332,0.7682263857457825,0.8979591836734694,35,3.3,0.159,0.0002976108714962043,0.6607941013343773,1
25697,0.5888922601212401,18.416666666666668,0.756705790791492,0.9130434782608695,1,3.5,0.004,0.07541695508248299,0,1
5738,0.7387995232918213,10.583333333333334,0.7399189832297048,0.8461538461538461,11,4,0.144,0.002264975052813729,0.13942140118508192,1
16991,0.5102334784000808,10.583333333333334,0.6831748104136897,0.5869565217391305,46,3.2,0.085,0,0.5384615384615384,0
2069,0.8129348535935945,99,0.8659949579654384,0.7111111111111111,12,3.4,0.144,0,0.5302078298695022,1
22410,0.7963848782506359,7.083333333333333,0.773395761361668,0.7073170731707317,16,3.9,0.092,0.009731246382158198,0.03003123605533244,1
9034,0.6374218648867829,5.75,0.8104826546286663,0.3488372093023256,1,3.9,0.175,0,0.5860084126632721,0
5912,0.5484326720804737,6.333333333333333,0.7829944407569652,0.7692307692307693,1,4.1,0,0.007258717791802744,0.3381544447263808,1
15781,0.8676859347724137,97.91666666666667,0.8707195103747803,0.4222222222222222,1,3.9,0,0.016502623769394754,0.2707686458399341,1
14277,0.6697199959049067,9.083333333333334,0.5631832712984436,1,54,4.4,0.127,0.0018671681363171917,0.5241997618547314,1
2135,0.7843459114075063,96.83333333333333,0.8973483817469986,0.7906976744186046,65,3.5,0.146,0,0.46885245901639344,1
5508,0.7951478653912498,98.08333333333333,0.8808503979851857,0.65,23,3.4,0.039,0,0.8559237403540626,1
10579,0.7315067223413125,7.166666666666667,0.8213687035379393,0.35,67,4,0.117,0,0.4237840903719809,1
16821,0.7754434452286407,6.5,0.7527269035642832,0.7857142857142857,37,4.8,0.286,0.04724673446851782,0,1
21053,0.8454794493379041,6.583333333333333,0.7994559554714575,0.35714285714285715,29,4.2,0.117,0,0.5453984087400546,1
12384,0.8904172595527297,6,0.7194581961566089,0.5454545454545454,6,4.5,0.185,0,0.5118100698510114,1
19569,0.7466133937740911,6.333333333333333,0.8139192681088032,0.6666666666666666,8,4.7,0.159,0.05426249212649876,0.0829905204793418,1
10025,0.6785044121225371,18.5,0.7178295538132284,0.7045454545454546,40,4.2,0,0.06563316319217385,0,1
4353,0.8518746519362657,9.666666666666666,0.6121647627861382,0.9069767441860465,53,3.6,0.155,0,0.8591775786813691,1
35208,0.8237621204205484,6.666666666666667,0.793844718719117,0.5675675675675675,40,5,0.331,0.0016112568704576202,0.5476596228129971,1
28686,0.8721933270990393,97.66666666666667,0.8554818064181562,0.5952380952380952,53,3.2,0,0,0.6568126753934915,1
7803,0.784714061219556,10.75,0.6579471089471285,0.75,44,4.3,0.077,0,0.5744312720281961,1
2640,0.7341942395412141,17.083333333333332,0.7557563362513161,0.875,64,4.1,0.19,0,1.2704545454545455,0
11748,0.8497867300007822,6.583333333333333,0.7195124075169578,0.6888888888888889,37,4,0.284,0,0.9134709512662269,0
35713,0.7641555044264547,6.5,0.7608364345361842,0.627906976744186,52,4.8,0.128,0.005147670382540345,0.49029765071542575,1
29212,0.9088154788970303,12.416666666666666,0.7380830026699616,0.6511627906976745,23,4,0.109,0.05058822701445553,0,1
15557,0.8177478632970445,6.083333333333333,0.7039700988359684,0.3333333333333333,1,3.4,0.193,0.0018911752781325284,0.3348974738060037,0
31273,0.7488975995976349,17,0.8034319837670253,0.7674418604651163,18,4.7,0.075,0,0.6613798065392917,1
13869,0.6525659066073303,18.083333333333332,0.7372463540986465,0.7727272727272727,1,3.4,0.179,0.002079077158009864,0.2551734083207153,0
8543,0.7166299285494784,6.166666666666667,0.8147120378269987,0.8648648648648649,5,3.9,0.051,0,1.1567365094229194,1
24379,0.7015385061223472,98.25,0.8609326878174075,0.75,9,3.7,0.062,0,0.731136042004225,1
8374,0.8181723794283656,11,0.748284125366119,0.5121951219512195,25,2.9,0.211,0.020728103992493554,0,1
17597,0.49548983067730723,17.416666666666668,0.7820470435611412,0.36585365853658536,39,3.3,0.222,0.10428636224700995,0.02858441779848838,1
11652,0.6949954115092389,9.666666666666666,0.6612606430277845,0.8125,11,4.6,0.16,0,1.0652705660215422,1
14653,0.7016334585459185,10,0.6560038759908284,0.7674418604651163,19,3.4,0.223,0,0.8542960485907323,0
21835,0.7889306479646481,6.666666666666667,0.7681595376126074,0.5581395348837209,1,3.6,0.056,0,0.3608051478165289,1
7512,0.6742742016665104,17.333333333333332,0.6551842100569018,0.926829268292683,1,3.9,0.184,0,0.7290155095520202,0
18869,0.832550054703479,97.83333333333333,0.8893723468820837,0.7317073170731707,62,3.9,0.063,0,0.4976018231443941,1
17407,0.7522507011202517,11.166666666666666,0.7342612863467932,0.627906976744186,1,4.2,0.108,0,0.3561313302501939,1
24332,0.7627139409102137,101.16666666666667,0.8842441702102724,0.95,17,4.4,0.101,0,0.5588936380075621,1
15635,0.6685072633715718,10.333333333333334,0.6855872791997109,0.7906976744186046,34,4.6,0.098,0.09061564017133462,0,1
20222,0.7975570690531765,98.75,0.8739843907632974,0.55,51,4.2,0.174,0,0.21857383048165366,1
23285,0.896007013719755,10.583333333333334,0.7101549241054179,0.6428571428571429,64,4,0.144,0,0.11303414215159974,1
20465,0.9178223403710997,101.75,0.8444437353544424,0.7297297297297297,27,4.4,0.069,0,0.9091131199609088,1
4046,0.8569095254809119,99.08333333333333,0.8659519040670502,0.4222222222222222,35,4.1,0.156,0,0.6666666666666666,1
11254,0.8611557376635117,92.41666666666667,0.8741633387109751,0.7777777777777778,39,4.1,0.117,0,0.22489781411053847,1
24468,0.7069777074134664,6.166666666666667,0.7537720654285325,0.625,29,3.6,0.059,0,0.2920957985940821,1
18382,0.687698182701864,10.166666666666666,0.625812714409399,0.5531914893617021,19,3.9,0.057,0,0.41818082907191817,1
23409,0.2532998502288636,18.166666666666668,0.7509381291651702,0.675,59,3.5,0.214,0.06971981859856075,0.27067091013947925,0
11691,0.739024122667154,6.083333333333333,0.8167248197224705,0.7,46,3,0.192,0,0.28757163630142846,1
11986,0.828249835998436,6.916666666666667,0.8091207287017487,0.7555555555555555,2,4.5,0.005,0,0.6916402469547805,1
15191,0.540584612018151,18.916666666666668,0.7266236742889832,1,25,3.7,0.074,0.00010879333995553664,0.6526447450709325,1
14761,0.9072035790030386,97.91666666666667,0.8812316107493373,0.38461538461538464,21,4,0.247,0,0.6987331481606938,1
6482,0.7770164381111215,6.5,0.8279947709615546,0.4,17,3.5,0.152,0.0019963310672277976,0.4262902105993983,0
16704,0.787549191731744,9.833333333333334,0.6065021435171559,0.8936170212765957,39,3,0.167,0,0.4698275862068966,0
3418,0.934878742448237,6.25,0.7219112851384772,0.6976744186046512,39,3.9,0.07,0.08689436819991342,0.2018724400234055,1
39372,0.6517571146686529,6.083333333333333,0.7361457495307093,0.5116279069767442,9,3.6,0.282,0,0.6192217819770395,0
16827,0.7371784666920451,97.25,0.8554836964550561,0.7894736842105263,40,3.9,0.214,0,0.3776074166518096,1
15879,0.6651720994348493,21.416666666666668,0.7789622967046883,0.4878048780487805,5,3.8,0.014,0,0.5541910699666226,0
13522,0.6344382625838272,11.833333333333334,0.8084299928347121,0.9782608695652174,28,3.4,0.034,0,0.2629048957254844,1
8707,0.7687445598519713,9.833333333333334,0.6605934848389698,0.5454545454545454,15,3.4,0.024,0,0.5335094469649113,0
14417,0.6507670272055965,9,0.6666666666666667,0.6388888888888888,19,3.7,0.103,0,0.7763057501560657,0
9001,0.8266369501032932,10.666666666666666,0.6485243162749377,0.32653061224489793,1,4.3,0.218,0,0.9903344072880791,0
2116,0.7570618974245886,98.91666666666667,0.87608390161017,0.4523809523809524,3,3.5,0.114,0,1.007561436672968,0
14112,0.5587225680361645,16.833333333333332,0.6793240645405614,0.9090909090909091,10,3.5,0.128,0.011672236666174294,0.47918364454522905,0
3861,0.6488665101702784,6.166666666666667,0.8032402732626887,0.4489795918367347,46,3.3,0.136,0.0016307628023585123,0.28075628075628073,1
8779,0.7960219100620531,6.583333333333333,0.7900870385851013,0.7045454545454546,67,5,0.032,0.05782093487495275,0,1
20754,0.6976597167987311,101,0.9080042253150735,0.5121951219512195,59,4,0.335,0.0017901712930658046,0.4294593813240821,1
10295,0.6382746981148261,11.25,0.7162856592265844,0.5116279069767442,40,4,0.105,0,0.5308659964058478,1
7554,0.6319840321305237,7.166666666666667,0.8213687035379393,0.7954545454545454,1,3.8,0.098,0,0.7099549907333863,0
3882,0.841500253826123,6.416666666666667,0.7266549976642962,0.14634146341463414,58,4.5,0.082,0.06209636027825446,0.08682210485636996,1
29493,0.8284842293217423,9.916666666666666,0.6194288445638907,0.4634146341463415,47,3.8,0.049,0,0.43823958227375986,1
9664,0.8618060839585302,6.583333333333333,0.764203341643074,0.6904761904761905,36,4,0.076,0,0.35442645004397993,1
17738,0.6105764895779275,6.583333333333333,0.7408925380954592,0.631578947368421,32,5,0.147,0,0.7399932348630059,1
16735,0.6528436097446365,11.083333333333334,0.6059260847705666,0.45,12,4.2,0.172,0,0.8281446071108456,0
9978,0.8905179171608477,103.58333333333333,0.8994046712775163,0.7777777777777778,1,4.1,0,0,0.575265584285428,1
23889,0.8097718433122568,99,0.8661854414192751,0.9318181818181818,1,4.3,0.074,0.06913651505383354,0.19482177616844926,1
16806,0.7026007533901987,102.08333333333333,0.8914715444872789,0.6842105263157895,1,3.4,0.179,0,0.29157121180565887,1
12282,0.8856428832757214,5.583333333333333,0.7219711043254156,0.4666666666666667,71,3.4,0,0.0011126678779553977,0.42370949356782284,1
2675,0.7537261249860218,6.416666666666667,0.7942470192499369,0.9459459459459459,83,4.2,0.198,0,0.27551401869158876,1
19689,0.8247601369955273,6.25,0.7459658815565646,0.5555555555555556,42,5,0.033,0,0.5888059322464321,1
2378,0.7440962890244662,19.166666666666668,0.7958835722729478,0.5609756097560976,44,3.4,0.018,0.019208574238729906,0.46771819137749737,1
23657,0.8286147610253738,92.41666666666667,0.8481610192993769,0.625,52,3.7,0.093,0.027468086271832216,0.10360569810204168,1
29053,0.6132450583354447,17.833333333333332,0.7525569664509584,1,1,5,0.001,0,0.7708670361064262,1
7991,0.8679201996032242,10.583333333333334,0.5927527388665905,0.6818181818181818,1,4.3,0,0,0.41108747340758356,1
18890,0.7532699235076015,6.75,0.7982699427361952,0.5348837209302325,1,4.2,0.11,0,0.7296646284973133,1
17672,0.8614264247612775,6.083333333333333,0.6891286104682133,0.5526315789473685,17,3.9,0.018,0,1.190278131454602,0
13198,0.7238170603569152,18,0.7268910888193958,0.7027027027027027,7,3.7,0.035,0,1.2849403296078803,0
13167,0.7992189438753312,5.916666666666667,0.7564561061156256,0.7209302325581395,50,4.3,0.075,0,0.38064859117490696,1
17934,0.7826293929035203,12.083333333333334,0.7007341523621085,0.5,44,3.4,0.146,0.07752398928585795,0.0547563287610126,1
21352,0.8794535587845691,10.5,0.6950893220270072,0.4,15,3.7,0.219,0.08997778259029245,0,1
1969,0.9098572851660486,6.333333333333333,0.7829944407569652,0.7073170731707317,27,3.7,0,0,0.6243332486664973,1
27006,0.7117163077323283,96.25,0.8494925283710626,0.5609756097560976,24,3.7,0.048,0,0.53243723616974,1
22363,0.778027880260412,7.166666666666667,0.8510901340131896,0.7804878048780488,54,3.6,0.271,0,0.26986540267405984,1
9553,0.4831201927260863,18.166666666666668,0.7942416376880201,0.8085106382978723,29,3.7,0,0.010829028953592397,0.52206228735933,1
15727,0.576723378380289,10.833333333333334,0.7744172569443819,0.6585365853658537,12,3.9,0.09,0.12798010414711597,0,1
9189,0.6812544403139857,11.416666666666666,0.6977185512284867,0.7,1,3.5,0.177,0.08960264172312837,0.01599825869293138,1
23117,0.7927795970206305,10.333333333333334,0.6982534365504887,0.5869565217391305,22,4.6,0.155,0,0.7593545875329843,1
13404,0.7550667857500752,10,0.5660261144569488,0.5,23,4.2,0.186,0,0.24359309135673518,0
10419,0.7227937445921737,16.666666666666668,0.8097370240955956,0.625,1,4.2,0.265,0.1930343154198937,0.08052596218447068,1
7868,0.6750451399760967,15.833333333333334,0.6551928557019115,0.8421052631578947,51,4.8,0.191,0,0.7412302999491611,0
26893,0.588963709727726,19.916666666666668,0.7704076164298084,0.7804878048780488,74,4.1,0.185,0,0.8238728269963744,1
23822,0.652362433555693,6.75,0.7982699427361952,0.2727272727272727,21,4.2,0.146,0,0.24826312364880465,1
10263,0.6396512065842365,8.416666666666666,0.5758722774137842,0.6,16,3.9,0.057,0.17246949190859903,0,1
16739,0.7217654285194858,20.166666666666668,0.7977315991649518,0.42857142857142855,49,3.9,0.021,0,0.6324750582472071,1
6493,0.8063297731635571,100.16666666666667,0.8979584152648122,0.8292682926829268,57,3.3,0.271,0.0011047061936307106,0.26043431387648236,1
16978,0.6667328919901323,17.416666666666668,0.7153612685600795,0.723404255319149,51,4.1,0.119,0,0.3619496392283905,1
13648,0.7791901876273608,6.916666666666667,0.7533796446932685,1,43,4.5,0.156,0,0.86957796014068,1
13299,0.7076417975267857,16.583333333333332,0.6891319029503207,0.7209302325581395,12,5,0.033,0,0.9001428678848034,1
10238,0.7707732045029829,7.75,0.8408747463768953,0.65,20,4.6,0.141,0.003685142287404996,0.3586813186813187,1
9223,0.8019417987802349,99.75,0.8806691142143618,0.7659574468085106,53,3.5,0.164,0.08683375410815408,0,1
8048,0.7936660046168519,96.66666666666667,0.8578239439442186,0.8222222222222222,23,4.6,0.331,0.08519061758186998,0,1
26357,0.7078503258192348,17.416666666666668,0.7202286333771537,0.9428571428571428,1,3.8,0.089,0.10438585522627085,0,1
12702,0.6416797954003912,18.333333333333332,0.7703758010851802,0.39473684210526316,1,3.9,0.211,0,0.3324673279798457,0
12135,0.8617352933340948,92.58333333333333,0.8877988070667336,0.8108108108108109,14,4.2,0.282,0,0.7931602801812938,1
10106,0.6708960028490815,17.083333333333332,0.7790830853809901,0.7391304347826086,24,4,0.068,0,0.9125723615852753,1
14994,0.7319426510796823,9.583333333333334,0.7324055208099284,0.9318181818181818,42,3.9,0.129,0.0007287185047862231,0.33500066693344005,1
1974,0.8199308003667611,8.833333333333334,0.6515814091958607,0.34146341463414637,19,4.4,0.088,0,0.29288066886242714,0
11440,0.7303237096699451,10.083333333333334,0.7330949543478489,0.6428571428571429,11,3.9,0.238,0.0003545413524141043,0.2667948773984877,0
5749,0.6948245966867921,10.25,0.617713237544431,0.40425531914893614,33,3.6,0,0,0.20577491737693512,0
16493,0.7794356782571437,9.166666666666666,0.6413984923033451,0.5405405405405406,29,3.8,0.038,0,0.8806160189171164,1
17083,0.705505130717953,20.083333333333332,0.8305854301859452,0.5434782608695652,21,4.3,0.09,0,1.1500658568710669,1
21478,0.7732455419518858,11.666666666666666,0.7618095428495276,0.6052631578947368,13,4.6,0.27,0.03272705893013512,0.23061343266208822,1
2099,0.6357092015786203,18.5,0.780986562501924,0.6923076923076923,36,2.8,0.053,0.004419480503957049,0.4922563736001906,0
4542,0.7380372408182848,5.666666666666667,0.6915268093617202,0.6956521739130435,44,3.1,0.196,0,0.9077498899163364,0
15265,0.8841711218740527,93.5,0.8694851158075902,0.8205128205128205,38,3.3,0.085,0.13480013880394545,0,1
23002,0.8339533224661833,9.5,0.6290811489146321,0.4146341463414634,22,3.8,0,0.0008561271836474327,0.2994522215459525,1
11510,0.6019669934039223,15.833333333333334,0.6438121196697131,1,43,4,0.205,0,1.0371432295060603,0
8446,0.7989040392950668,11.25,0.7508863448770335,0.9565217391304348,1,4.3,0,0,0.9084773857447312,1
19063,0.7387550571054495,9.916666666666666,0.7046843127595701,0.425,1,4.1,0.158,0,0.12894426229508196,1
12975,0.799006354985062,10,0.6944949536696107,0.5263157894736842,81,5,0.12,0,0.7539884393063584,1
15565,0.7915705162880445,100.91666666666667,0.8674578309252136,0.6666666666666666,13,3.6,0.119,0.08876317880789836,0,1
11739,0.9070914594311286,6.166666666666667,0.782101141937877,0.9743589743589743,1,4.6,0.057,0,0.7167866422456021,1
10101,0.8267001276750202,100.16666666666667,0.8901956342635846,0.7111111111111111,25,3.9,0,0,0.7628947628947629,1
14919,0.7064913367357879,10.916666666666666,0.6365418058895447,0.6842105263157895,9,3.7,0.077,0.00524304719806045,0.2578007172302845,1
18338,0.8165577009039123,5.916666666666667,0.7468704118927968,0.5555555555555556,11,3.8,0,0,0.6905521472392638,1
14016,0.7917993323273624,5.916666666666667,0.7664348739186339,0.5641025641025641,7,3.7,0.134,0,0.2789768470621812,1
15006,0.8565465302105708,93.25,0.8510113267850924,0.3181818181818182,3,3.9,0.093,0,1.0662756989103994,0
6120,0.6521128218633931,16.666666666666668,0.7358031037275419,0.6585365853658537,1,4.1,0,0,0.6802287581699347,1
16616,0.7405550566438317,12.833333333333334,0.8043309198270212,0.6818181818181818,29,3.4,0.094,0.09944390060901102,0,1
15004,0.886173924281828,10.333333333333334,0.7061150458340548,0.8723404255319149,49,4.2,0.116,0,0.5565182617968542,1
10581,0.8474872995650484,10.166666666666666,0.7165308776099903,0.7,32,4,0.254,0,1.219696611691319,0
25478,0.8794211020296838,97.66666666666667,0.8549387676631166,0.9130434782608695,68,4.1,0.065,0.004002472132149211,0.21025983201193185,1
12562,0.7683640758206994,10.583333333333334,0.7546387960490885,0.85,78,3.1,0.126,0,0.6601655787295017,1
15484,0.7149302482782351,19.75,0.8196480145724683,0.9555555555555556,33,4.8,0.004,0.010079707593250515,0.2184190131748902,1
12192,0.8843345039566122,5.583333333333333,0.775126579502696,0.7619047619047619,47,4.2,0.079,0,0.41272965879265094,1
5274,0.6819060092676932,19.166666666666668,0.7463312670293074,0.7619047619047619,31,4.1,0.184,0,0.8889731677254196,0
11326,0.7014646513352678,10.666666666666666,0.6185451370083217,0.5476190476190477,36,3.8,0.021,0.11353885829114356,0,1
17107,0.6721690447703178,19.333333333333332,0.7117542500465432,0.6857142857142857,26,4.4,0.101,0,1.0993745250482259,0
6121,0.7265893453393992,102.5,0.9344935379561506,0.9047619047619048,26,4.7,0.243,0,0.7974187224309753,1
17548,0.7973094904432837,95.33333333333333,0.8749786071413908,0.8837209302325582,35,3.4,0.134,0.16257272304747825,0,1
31647,0.7726224990371142,98.75,0.8691275541868395,0.717948717948718,16,3.6,0.198,0.05097079372275818,0.29311298247831513,1
15433,0.8819053875039468,9.166666666666666,0.7527005362048101,0.7333333333333333,26,4,0.225,0,0.6441391822717554,1
4533,0.8446214953649269,9.666666666666666,0.8516840471199547,1,41,3.4,0.131,0,0.4979042576660049,1
9881,0.48232816131180245,11,0.7054208773450972,0.7027027027027027,16,4.7,0.219,0.009552254414060055,0.35887055965995346,0
12328,0.7425978966890512,10.75,0.6643312388432409,0.5476190476190477,14,4.3,0.006,0,0.3174204015412695,1
27470,0.7588020289560535,94.83333333333333,0.8837012073352147,0.6,89,3.5,0.226,0,0.8690935566072079,1
13955,0.7563278003391231,5.916666666666667,0.7564561061156256,0.3617021276595745,16,3.7,0.066,0.06546762954357484,0,1
14277,0.5533516482466952,17.5,0.7525641703473032,0.9166666666666666,1,3.2,0.25,0.0006193949122378477,0.7629754150031519,0
29854,0.5293785444766816,93.5,0.8515781847546088,0.9523809523809523,9,4.2,0,0,0.6129264575342924,1
24030,0.7038504916995509,9.5,0.6798546036685147,0.6829268292682927,17,3.1,0.181,0,0.7615896795672077,0
13838,0.8133158827252014,10.5,0.6782042074172494,0.7674418604651163,43,3.7,0.119,0,0.6813369467028003,1
8794,0.7921488070076675,10.833333333333334,0.7184153043427212,0.7674418604651163,80,2.9,0.276,0,0.9199977255927674,0
22698,0.651937972648346,17.916666666666668,0.6888584148776825,0.7619047619047619,1,4.5,0.015,0,0.7357476429641379,1
1872,0.6753864470084447,5.75,0.797619709510595,0.8571428571428571,57,3.8,0.114,0.015534303683826967,0,1
15229,0.5717284097516657,17.25,0.7703916011919586,0.5882352941176471,32,4.1,0.168,0.04284006596232804,0.11563844108086811,1
1859,0.7155674839616056,7.583333333333333,0.670512871416155,0.8372093023255814,38,2.6,0.178,0,0.38095238095238093,0
24281,0.7974191260816579,6.083333333333333,0.7728339184688082,0.6216216216216216,18,3.3,0.023,0,0.23030352950866934,1
28209,0.8877760317016968,7.333333333333333,0.7552197814938861,0.6888888888888889,3,4.7,0.139,0.0029042483506244547,0.34273357321374764,1
11986,0.6968856026253161,19.416666666666668,0.7913703930860664,0.9024390243902439,21,3.6,0.05,0.00563779209895695,0.5020023360587352,1
21701,0.6400094259963129,19.333333333333332,0.803796436607913,0.45,43,4.6,0,0.000035315410762371426,0.5642136307082622,1
18350,0.7138178953579704,19.75,0.7801448865803708,0.723404255319149,14,3.5,0.076,0.08301671795455765,0.16070844686648503,1
8339,0.6296268564913599,16.416666666666668,0.7458378118351261,0.9767441860465116,38,3.9,0.144,0.0022613960113960115,0.979973617939801,0
20610,0.6631556629203779,19,0.828105982962584,0.47619047619047616,25,3.7,0.07,0,0.40000970426259735,1
12249,0.841488336142909,8.75,0.6442885829146077,0.6976744186046512,39,3.7,0.012,0,0.7102094133975588,1
12578,0.6759954908460319,10.583333333333334,0.7127332858747292,0.5217391304347826,25,5,0,0,0.25568452854189855,1
12311,0.804094695043468,102.33333333333333,0.8825101707044206,0.5714285714285714,52,4.4,0.139,0,0.780440256681017,1
10680,0.865853534744763,7,0.7667152625920783,0.6486486486486487,35,4.5,0.051,0,0.6605178145044244,1
8606,0.4678673446642918,18.666666666666668,0.7512787807645693,0.7560975609756098,33,3.7,0,0.0007126374372200353,0.7454101789449221,0
15716,0.5177589919003475,15.833333333333334,0.6907698774406656,0.5,31,4,0,0,0.19681206452228692,1
20865,0.9141680224284596,5.666666666666667,0.7469904333222757,0.5,35,3.9,0.097,0,0.35927053128519737,1
3178,0.6023363509104613,16.666666666666668,0.7684832619441955,0.9767441860465116,9,3.2,0.123,0.01336076941780099,0.24704956726986624,1
17135,0.7105457311632968,96.58333333333333,0.8566925390441196,0.23255813953488372,76,4.3,0.07,0.03619439707675615,0.08409933175756515,1
11955,0.755630968980551,10.833333333333334,0.7393680869831167,0.6829268292682927,17,3.5,0.092,0,1.181563427997825,0
14434,0.7766290102220983,6.666666666666667,0.7763932022500211,0.7,20,4.1,0.226,0,0.5465756746457893,0
12921,0.63655933507853,17.666666666666668,0.7214184328257849,0.5,10,4.4,0,0.008076853491346047,0.10812275066754383,1
15697,0.7147149917538003,11.916666666666666,0.706376968178783,0.8260869565217391,1,3.3,0.11,0.0033532643826761476,0.804956518969197,0
16998,0.6155006854953486,16.833333333333332,0.748156488277685,0.5,35,4.2,0.185,0,0.2876220731850806,0
17370,0.8236228561776179,97.5,0.8951118020058636,0.40476190476190477,1,3.8,0.051,0,0.9909323814732721,1
19943,0.5085055810895723,19.333333333333332,0.7489617279558443,0.9736842105263158,11,4.2,0.215,0.0006726410994060062,0.5903324474753047,0
16793,0.48818646157791123,18.166666666666668,0.6969698244969955,1,42,3.9,0.06,0.0487178486774228,0.0858121185052851,1
19039,0.6223664680327641,17.166666666666668,0.7611966237621584,0.9787234042553191,6,3.6,0.047,0.060938653501363925,0.4331223573285711,1
2091,0.7033510140096964,17.25,0.7550481674572518,0.5897435897435898,41,4.1,0.186,0,0.41080822572931613,0
11740,0.8176073446512137,8.916666666666666,0.6102680474393825,0.5365853658536586,77,4.3,0,0,0.631686541737649,1
19384,0.8076966104162688,6.583333333333333,0.7408925380954592,0.9777777777777777,34,3.9,0.191,0.03369524235227527,0.2160084608042923,1
8988,0.6969607984884847,18.083333333333332,0.7748528387040349,0.6976744186046512,72,4.3,0,0.002100486523373006,0.5463143254520166,1
3067,0.691177674107398,18.166666666666668,0.6615437294367575,1,39,4.3,0.036,0,1.5744333931191912,1
5005,0.772910444865511,6.166666666666667,0.8147120378269987,0.9285714285714286,25,4.6,0.086,0,0.586013986013986,1
31170,0.9298030735276751,98.91666666666667,0.8451637390362785,0.85,52,3.8,0.09,0,0.38729547641963424,1
11330,0.5462752443875123,17.083333333333332,0.7260029918051977,0.6,51,4,0.133,0.036960838240452105,0.1940864960282436,1
1906,0.9037827946170756,5.916666666666667,0.7376347040817302,1,71,5,0,0.06214322352109896,0.08291786932563631,1
5526,0.673351699682329,11.666666666666666,0.7259524843821303,0.6511627906976745,14,3.6,0.058,0,1.1780673181324648,0
9595,0.6907091753599793,6.416666666666667,0.7754335523923301,0.6585365853658537,32,3.9,0.106,0,0.6285892959508051,1
16628,0.8623615926328771,8.583333333333334,0.6793175812638108,0.55,17,2.8,0.016,0.07416357402328473,0,1
10219,0.8471861272289566,10.833333333333334,0.6896270615102766,0.34146341463414637,32,4.1,0.122,0,0.5864566004501419,0
17412,0.6678185861519821,6.5,0.7448750161265076,0.675,1,4.5,0.15,0,0.7414426832069837,0
10050,0.6869877494761607,16.75,0.7622848295442728,0.7560975609756098,31,4.1,0.089,0.04011396342295309,0.2128358208955224,1
20590,0.6615847834408652,7,0.7817821097640076,0.6590909090909091,37,3.8,0.094,0,0.2503703343937444,1
12981,0.71584989109218,10,0.6192113447068046,0.6756756756756757,64,4.6,0.11,0,1.040674832447423,1
14058,0.8869211585041031,10,0.639444872453601,0.9761904761904762,21,4.1,0.003,0,0.6707451538324738,1
12439,0.8309272580229031,9.25,0.6549420179782783,1,6,4.3,0.106,0,1.1826988784821322,1
10565,0.7429878725052245,18.833333333333332,0.8124812380494062,0.8717948717948718,32,4.2,0.077,0,0.5122574538570752,1
12273,0.636794682314056,16.583333333333332,0.7778121510609634,0.9512195121951219,23,4.1,0,0.040337336568783695,0,1
18294,0.8430082095602116,6.333333333333333,0.8139192681088033,0.6444444444444445,1,4.4,0.11,0,0.9486170329069641,1
15256,0.7150000801425813,95.66666666666667,0.8536377980515106,0.5609756097560976,27,3.3,0.138,0,0.4691924488725747,1
30471,0.6923774218234906,19.583333333333332,0.7618921730461654,0.6285714285714286,85,4.1,0.07,0.1259700504740913,0.06202720664249028,1
17023,0.6887965345777797,19.5,0.7954066802805843,0.5227272727272727,42,5,0.089,0,0.8483477750036716,1
6043,0.7604923822310252,94.58333333333333,0.8545561505928915,0.7083333333333334,38,4.7,0.115,0,0.7153731590269734,1
20198,0.620380596144487,17.25,0.7248920574897807,0.375,59,4.3,0.17,0,0.7728184181210546,0
6863,0.7050573178714632,6,0.6597930912801142,0.5208333333333334,14,3.9,0.091,0,0.9855009107468123,0
20934,0.7607165092250533,6.833333333333333,0.8126549817593023,0.825,34,5,0.171,0.1383759614104154,0.03826311263972485,1
15126,0.7644237674400899,11.083333333333334,0.6800312356247638,0.7142857142857143,33,3.6,0.061,0.0010622794907194355,0.6441888139627132,1
25003,0.8505730455583658,99.66666666666667,0.8819677522741051,0.7857142857142857,21,4.8,0.244,0,0.787065552133744,1
18631,0.8153079351270596,6.833333333333333,0.7548810824116856,0.9777777777777777,33,4.5,0.128,0,0.6999812136013526,1
7958,0.7241739282583555,18.416666666666668,0.7439137882926512,0.9555555555555556,51,3.6,0.127,0.006825225824009706,0.513980521520578,1
12363,0.7868781504388828,100.91666666666667,0.8743671497804155,0.7111111111111111,73,3.3,0.073,0.018766355607111318,0.22196157735085945,1
15667,0.6080073315080938,90,0.8662814207515874,1,65,3.7,0.161,0,0.39682134422671855,1
28049,0.6965044150895476,19.75,0.8015980093585022,0.775,40,4.7,0.155,0.0010004720175672626,0.4085350636386324,1
11089,0.6523966625532217,18.416666666666668,0.6861476355862473,0.813953488372093,25,4.8,0.052,0,0.36098836685003155,1
2113,0.7476680374426024,7,0.8833576312960392,0.6086956521739131,1,3,0.233,0,0.3256034074775201,0
23117,0.8395244029989296,10.083333333333334,0.6235358025146984,0.6842105263157895,16,4.5,0.126,0,0.1928883505645196,1
14360,0.7912933425099142,97.75,0.8922082617625506,0.9534883720930233,4,4.1,0.223,0,0.33420383718096036,1
8458,0.6991504929270824,9.25,0.638403022695685,1,51,4.4,0.065,0,0.638685268384961,1
22420,0.6945490019996111,106.75,0.8758929500735,0.5,20,4.4,0.248,0.0021088213207063615,0.44282878743950577,1
9236,0.8568341205091966,100.5,0.89240993974588,0.6428571428571429,38,4,0.058,0,0.6887553462183964,1
23636,0.8339964494949401,98.25,0.8861198778595407,0.875,72,3.9,0.128,0,0.4717480061771488,1
18470,0.7778138212070748,6.5,0.8168864505501834,0.4878048780487805,1,4.3,0.179,0,0.8137740599366523,0
11114,0.6844809418425086,10.5,0.6758638435450455,0.8095238095238095,56,3.1,0.282,0,0.5798992262011877,0
22133,0.6948514444152065,17.666666666666668,0.6811934858732869,0.6052631578947368,50,3.6,0.182,0.0038586638165549903,0.3423924093527618,1
19704,0.6757400546694966,10.916666666666666,0.734355532193812,0.5897435897435898,32,3.9,0.06,0.008560770955547053,0.2916666666666667,1
27799,0.6933619207455615,20.916666666666668,0.8304547981597353,0.6410256410256411,17,4.4,0.027,0,0.5000269798730147,1
10789,0.7457933804962338,7,0.8155722216091706,0.5945945945945946,45,5,0.115,0.0029300445189663084,0.18963759384558346,1
7959,0.8645659700486741,92.66666666666667,0.8738953371010209,0.8837209302325582,32,3.7,0.202,0,0.4187975120939876,1
24477,0.8999176117847334,10.666666666666666,0.7569320439671242,0.9024390243902439,24,4.4,0.158,0,0.5022776949318735,1
25984,0.9008286599997737,11.333333333333334,0.7248781333254455,0.7608695652173914,10,4.2,0.215,0.06508301320791247,0.01608682266009852,1
19391,0.8886212337718703,6.333333333333333,0.7736230192883519,0.6388888888888888,40,4.5,0.054,0,0.5954824403073591,1
11513,0.6178481959882993,6.333333333333333,0.7559574080132709,0.85,57,3.8,0.04,0,0.876786102062975,1
17180,0.520853459485408,102.16666666666667,0.8931640174222973,0.6923076923076923,67,3.3,0.199,0,0.8864053086527547,1
6719,0.8822910987743807,9.5,0.6575575211238047,0.723404255319149,74,3.2,0,0,0.5965173388897157,1
10689,0.5719788070126867,5.916666666666667,0.7564561061156256,0.43902439024390244,39,3.2,0.01,0.02779863579432608,0.21611001964636542,1
16358,0.7403088656771429,7,0.8065705141753343,0.8837209302325582,14,3.6,0.217,0.041989467525020606,0.1284386844357501,1
12923,0.8151396275224565,6.916666666666667,0.7755670360217211,0.7441860465116279,35,4.3,0.23,0,0.8876421883463592,0
26202,0.7587568813336065,7,0.7667152625920783,0.9534883720930233,1,3.8,0.297,0.0011024510306635218,0.3984810319822914,1
11393,0.7970553243720889,10.666666666666666,0.6978268811591607,0.41025641025641024,8,4.2,0.272,0,0.7873601053324556,0
2511,0.641246236071566,18.25,0.7507752685115033,0.8780487804878049,64,4.3,0.066,0,0.8129854610635332,1
12668,0.7085797918395689,96.41666666666667,0.8614657539048372,0.7027027027027027,28,4.2,0.111,0,0.3467140319715808,1
1832,0.7799523273250843,9.583333333333334,0.7499338461817668,0.38461538461538464,14,4.4,0.122,0,0.6726726726726727,1
22103,0.6736180734588121,10.333333333333334,0.7034713498249962,0.7045454545454546,28,3.7,0.164,0,0.7414378138714202,1
21782,0.7444561059944277,18.5,0.7983510875171226,0.8809523809523809,100,3.7,0.242,0,0.6696967610127861,1
19037,0.7857015294292222,9.666666666666666,0.6639036432824494,0.525,41,4.1,0.233,0,0.6745810789515154,0
5619,0.7962256775643127,7,0.7667152625920783,0.46511627906976744,1,3.7,0,0,0.5319451859761524,1
12130,0.765102828759403,98.41666666666667,0.8962579286866045,0.627906976744186,38,4.4,0.105,0,0.8490869368069582,1
23871,0.5120859546041174,15.583333333333334,0.762107204069142,0.37209302325581395,12,3.7,0.127,0.0029626225145992333,1.0741485484479074,0
8660,0.65724975630624,17.333333333333332,0.7141140625515672,1,19,3.3,0.066,0,0.43810623556581985,1
9331,0.6660257434899467,98.08333333333333,0.8700695941586909,0.7297297297297297,1,3.9,0.089,0,0.6922087664773336,1
5421,0.8869751903755249,6.666666666666667,0.7763932022500211,1,30,4.1,0.184,0.1383825980513628,0,1
17512,0.7655017393509363,11.5,0.6915391789305396,0.4857142857142857,28,3.1,0.179,0,0.9171425308359982,0
12339,0.7716907324433542,6.5,0.8398718461949128,0.5434782608695652,29,3.7,0.154,0,0.7916683551485189,0
8558,0.7326333457976498,12,0.7093270897714397,0.5106382978723404,42,4.1,0.165,0,1.0346479696172948,0
12140,0.7504809142803668,18.166666666666668,0.7823154033448684,0.8181818181818182,31,4.3,0.291,0,0.17084723423534742,1
16253,0.720207235441634,9.5,0.6976545975506301,0.6097560975609756,66,4.4,0.198,0,0.8271342870327641,0
19903,0.7032832021189847,6.666666666666667,0.8031498031497047,0.47619047619047616,30,3.7,0,0.0018116679558685827,0.2908679814093707,1
13332,0.8709209030266989,104.58333333333333,0.8828631055269395,0.8163265306122449,58,3.7,0.091,0.03375356382043505,0.04973183812774257,1
8506,0.6383504585920052,5.333333333333333,0.7311773354049179,1,37,3.6,0.198,0,0.7414026218329316,1
12778,0.899206274651472,96.83333333333333,0.8695198443279589,0.5869565217391305,44,3.8,0.165,0,0.44482704648614807,1
15358,0.7355056526258281,18.833333333333332,0.7482926964012762,0.6428571428571429,45,3.5,0.185,0,0.7598241901351132,1
12496,0.729576800661071,10.083333333333334,0.7802523008213499,0.8260869565217391,61,3.2,0.159,0,0.21742957746478872,1
21391,0.6908178572296306,6.5,0.8064145016597244,0.7804878048780488,1,4,0.017,0,0.8020382880250578,1
29761,0.8808632559395072,6.25,0.7545072981397071,0.5384615384615384,43,4.5,0.141,0,0.8356910050065522,1
20990,0.626809231141939,16.583333333333332,0.6776469057292538,0.16666666666666666,1,4.3,0.022,0,0.6846280282998642,0
18377,0.8608895624980633,99.91666666666667,0.8702475947227495,0.3333333333333333,18,4.7,0.106,0.07648010948372495,0.033738742415585124,1
5509,0.768375153929098,96,0.871786108071967,0.76,20,4.3,0.27,0,0.5054007443042571,1
24314,0.3442949585038123,20.166666666666668,0.7563735045787823,0.625,29,4.6,0.309,0.009307398990567109,0.42614185534785204,0
8003,0.553962519638354,15.916666666666666,0.6670963909533083,0.5531914893617021,1,4.2,0.078,0,0.2371610646007747,0
10599,0.8052869705081958,6.416666666666667,0.7052777735607736,0.75,17,3.6,0.177,0.050949533627181416,0.1378496957116573,1
19328,0.8126003629434163,92,0.8455144521353055,0.5263157894736842,1,4.4,0.083,0.006522680663352014,0.06534730306558013,1
19017,0.44740688559042197,18,0.750514933605417,0.6829268292682927,1,3.6,0.182,0,0.5401624904688034,0
25024,0.8951818385015219,103.58333333333333,0.9066947334887894,0.6428571428571429,12,4.2,0.007,0,0.49904092071611256,1
2050,0.6966934806829266,16,0.7336101697386579,0.8888888888888888,34,5,0.051,0,0.5858536585365853,1
39131,0.6795213814037404,18.75,0.7126880647307736,0.9736842105263158,1,4.2,0.122,0.006189990511884534,0.1351869361886995,1
4714,0.7849042602968079,6.833333333333333,0.8438262381113939,0.6976744186046512,1,4.2,0.252,0,1.4301474488172272,0
29629,0.7521445795955505,6.25,0.7821315381550907,0.40476190476190477,1,3.7,0.058,0.0009543683308009414,0.328231263816933,1
1944,0.8210874773534941,96.91666666666667,0.887091483992222,0.7073170731707317,28,4.1,0.136,0.01733896755086484,0.29886831275720166,1
11994,0.7985371118923288,7,0.8695898672606748,0.7619047619047619,39,3.6,0.094,0,0.6734200433550108,1
5360,0.6162218527563453,17.75,0.7306702439574936,0.8913043478260869,50,3.5,0.26,0.0011448253892406323,0.47313432835820896,0
21061,0.8001753679488312,101.83333333333333,0.8876887825577888,0.6326530612244898,45,4.4,0.032,0.11403910692097256,0,1
19461,0.7301095841100412,10.166666666666666,0.8304249109378918,0.38235294117647056,30,4.4,0.272,0,1.0658513398936307,0
1895,0.8227035716927298,6.416666666666667,0.8149635474185064,0.8095238095238095,1,4.1,0.072,0,0.3668514119820533,1
35514,0.67156273110929,9.416666666666666,0.7311423445847202,0.53125,4,3.4,0.083,0,0.5381821253590133,1
9756,0.7959330899362693,11.833333333333334,0.7468704118927968,0.8,1,4.7,0,0,1.3449159491594915,1
25683,0.8591509460299885,101.5,0.8782344128639579,0.6739130434782609,8,4.2,0.086,0.066521670771168,0.06097418525873146,1
26150,0.8354613176407968,6.583333333333333,0.7811187789140432,0.40540540540540543,20,4.4,0.129,0.05277073101625308,0,1
23541,0.8032168429535848,6.416666666666667,0.7665947953816697,0.40476190476190477,25,3.7,0.195,0,0.6494201605709188,0
8310,0.8317848035622353,11.25,0.7616932156719198,0.7391304347826086,46,4.6,0.066,0,0.6889290012033694,1
10844,0.6639383586708819,19.833333333333332,0.7813510616595346,0.525,49,4.5,0.053,0.09790386266170338,0,1
1882,0.7596174062548824,11.416666666666666,0.6506248775540344,0.6666666666666666,78,4.1,0.122,0.031547466544327135,0.18761626361945258,1
7173,0.8828942810293995,102.91666666666667,0.8552010268967842,0.675,75,5,0.034,0,0.49912861624259325,1
17454,0.6837521742945978,104.83333333333333,0.8994380629515518,0.8541666666666666,63,3.7,0.159,0,0.4809785722470494,1
21766,0.7440063738359002,10.333333333333334,0.7369434446725792,0.5641025641025641,56,4.1,0.334,0,0.3002917461119662,0
11928,0.7417917274134724,11.25,0.7644723985839312,0.9736842105263158,63,4,0,0,1.10232655627751,1
1772,0.7249182605049118,10,0.7450490243203608,0.7674418604651163,38,3.9,0.075,0.06027181750561297,0,1
8050,0.8656052318456384,7.083333333333333,0.8136120056734722,0.7692307692307693,27,3.5,0.009,0,0.8251444189080067,1
19861,0.8032684622281607,7,0.8571428571428572,0.7111111111111111,13,5,0.26,0.1583960919103966,0,1
2875,0.7351964325322733,90.33333333333333,0.853463249803212,0.7692307692307693,48,4.2,0.187,0,0.5583579753000522,1
20621,0.881490202662101,7.25,0.803922734376644,0.7073170731707317,1,3.2,0.204,0,0.636050628000582,1
14292,0.8017066804445877,6.25,0.7545072981397071,0.6341463414634146,40,4.4,0.22,0,0.742793171004758,0
13677,0.756208501094647,7.083333333333333,0.8227468332550663,0.6428571428571429,14,4.2,0,0.029590596082286143,0.2882211011186664,1
17833,0.7202617900918626,19.25,0.8137521665428662,0.5609756097560976,46,4,0.06,0.05276632045401444,0.016149834576347222,1
8416,0.6919354038283785,18.166666666666668,0.7419750254967847,0.6585365853658537,38,4.3,0.189,0,0.8889549046402472,0
18202,0.8590295285302615,87.66666666666667,0.8635674895968886,0.6666666666666666,70,3.9,0,0,0.4542907372816174,1
22604,0.6913091048569774,17.75,0.7941219535278807,0.8157894736842105,31,4.4,0.108,0,0.8198991328968325,1
13565,0.8562433280217471,11.75,0.7397056836382614,0.9787234042553191,23,4.4,0.145,0,0.31258063327066976,1
18750,0.8688124486114553,94.25,0.8561349240028915,0.65,74,3.4,0.156,0.05884592057883361,0,1
14032,0.603925419013394,20.583333333333332,0.7752033633700123,0.28888888888888886,19,3.5,0.048,0.00029265961894523086,0.3132126567844926,0
16593,0.7216766644022411,6.416666666666667,0.7580787531143227,0.8461538461538461,21,4.3,0.187,0.0469281865791329,0.12354979659484706,1
2099,0.5942133008157335,91.33333333333333,0.8701940201184033,0.6578947368421053,89,4,0.139,0.07531282807546975,0,1
1977,0.6763357232566708,6.75,0.7893984924786175,0.7608695652173914,35,4.2,0.084,0.15814959793860242,0,1
13103,0.9324975058528857,97.58333333333333,0.872729672699356,0.475,3,4.8,0.133,0,0.23735022513928108,1
21945,0.8162114080718851,5.916666666666667,0.6879081717442206,0.7777777777777778,1,4.2,0.133,0.014166958934170642,0.1613616168060334,1
15457,0.7491387097497497,10.166666666666666,0.6741867718958723,0.7948717948717948,60,4.4,0.115,0,0.6248301740311832,1
27977,0.9202524520478594,98,0.877763790298868,0.76,1,4.1,0,0,0.45763408575054065,1
6501,0.8716117218258923,95,0.8634956935864778,0.825,32,3.7,0.122,0.003633411731513965,0.2570571494500423,1
4700,0.824436117698749,94.41666666666667,0.8679645869863961,0.7837837837837838,33,3.1,0.135,0,1.009256303862113,1
20640,0.8556591523507818,6.083333333333333,0.7361457495307093,0.425,39,3.9,0,0,0.5611085539862884,1
4295,0.8854230877335718,9.416666666666666,0.7276693353375376,0.7297297297297297,57,4.5,0.064,0.0041436616465152145,0.19327046221911748,1
20883,0.6985242116611654,6.666666666666667,0.793844718719117,0.6222222222222222,65,4.2,0,0.04461128729245747,0.045012689747641624,1
4551,0.7530080347810423,5.916666666666667,0.7468704118927968,0.5714285714285714,1,3.5,0.298,0,0.970775653702483,0
17898,0.7732300419385856,93.66666666666667,0.8545054014465507,0.8048780487804879,20,4.3,0.035,0,0.33792429110210925,1
18431,0.5713586688458832,5.75,0.7527721433444641,0.723404255319149,51,3.7,0.096,0.001898863908815853,0.3822364494601487,0
14470,0.6944252400181775,20.333333333333332,0.7538252882347343,0.7209302325581395,8,4.8,0.181,0.0824854668240456,0.33130615065653074,1
9653,0.5214608986242381,20.25,0.815089366759992,0.8837209302325582,54,3.9,0.035,0,0.6423206423206423,1
17099,0.7566502821320591,96.41666666666667,0.8542141380690447,0.45454545454545453,1,3.9,0.158,0.002261133482472583,0.32675380881363864,1
10329,0.7220871835668815,12.166666666666666,0.7655172223476207,0.5714285714285714,43,3.7,0.187,0.052419820084135905,0,1
4978,0.6110201493622139,100.25,0.8889877437477326,0.7419354838709677,1,4,0.14,0,0.2103254319003616,1
7475,0.7550227140923551,97.91666666666667,0.8991175199305124,0.75,61,4.5,0,0,1.0986688072780788,1
14294,0.8172949524313586,7.083333333333333,0.7885623440516303,0.7804878048780488,28,3.6,0.11,0.0038997351123319923,0.3541346019308801,1
6842,0.5276423288210037,6.416666666666667,0.7580787531143227,0.9111111111111111,52,3.8,0.105,0,1.1460099386144402,0
1902,0.7748942674513581,6.333333333333333,0.803070663854003,0.4883720930232558,22,3.6,0,0,0.18353931107020774,1
26428,0.8438480979075447,100.16666666666667,0.9071642846285303,0.7111111111111111,1,4.2,0.059,0,0.908657484486151,1
7079,0.76695101995113,100.25,0.8604605004135882,1,57,4.3,0.089,0.04116736541662281,0.06766492442435372,1
16595,0.6594675091653287,21.25,0.7725828287466984,0.5121951219512195,1,4.5,0.124,0.0003037764205544719,0.7426333232901476,0
4358,0.5725390895821227,19.666666666666668,0.7212392507898555,0.717948717948718,1,4.6,0.053,0,0.778886976477338,1
20158,0.5496476354657232,6.25,0.8138101327497475,0.7692307692307693,4,3.8,0.202,0,0.2848496874689949,1
6018,0.5479616669122205,9.75,0.6346716192621793,0.8571428571428571,1,4.3,0,0.004555493970365045,0.4059488202060485,0
5612,0.8238843151640914,100.16666666666667,0.8739278087220325,0.37209302325581395,42,4.2,0.189,0,0.5328343580147911,1
2117,0.9058986065399129,90.5,0.8946406280634416,0.5454545454545454,55,3.5,0.028,0,0.7587999055043704,1
2151,0.7494192880691084,11.166666666666666,0.7268208176459234,0.9302325581395349,45,4.3,0.183,0,0.575680074401302,1
5053,0.83157918981673,10.583333333333334,0.6539909835792153,0.5277777777777778,63,4.2,0.073,0,0.43958436417615043,0
8987,0.579805352025538,18.25,0.7739380128860902,0.37777777777777777,18,4.2,0.15,0,0.8141760320462891,0
7584,0.6874668138560494,19.75,0.7142304018869696,0.625,1,4.2,0.063,0,0.7637130801687764,0
16445,0.8196294424682566,10.166666666666666,0.6480178597773133,0.45098039215686275,1,4.3,0.077,0,0.5134847517407036,1
3821,0.910079416111407,92.75,0.8863121471214925,0.6842105263157895,35,4.4,0.091,0,0.6399685904986259,1
30363,0.7487884990692293,101.08333333333333,0.9011163882088242,0.7209302325581395,3,3.5,0.231,0,0.8193195665777426,1
25002,0.666777288332025,18.416666666666668,0.7122869261180176,0.7073170731707317,35,4.4,0.092,0,0.4702917824930504,1
11030,0.7341261004629812,7.083333333333333,0.8049044240967411,0.4594594594594595,58,3.2,0,0,0.7587832630672288,0
12043,0.9552181949253997,6.333333333333333,0.7475878145624884,0.6590909090909091,1,5,0.135,0,0.3868798007058335,1
1984,0.5330732020171542,17,0.7019865852241046,0.5609756097560976,21,4.3,0.179,0,0.6564154272750189,0
2313,0.6579434897958382,18.166666666666668,0.7439397112485714,0.9555555555555556,1,4.5,0.088,0.0015278838808250575,0.33254054054054055,1
17397,0.9341265889982682,89.5,0.8861010898817652,0.975609756097561,1,3.9,0.159,0.06787796665332275,0.22751049031442203,1
20323,0.8227846900566185,97.41666666666667,0.8759328668439809,0.2926829268292683,26,3.7,0.129,0,0.4385671406780495,1
3706,0.6756045373919752,91.16666666666667,0.855877017744042,0.7391304347826086,1,3.4,0,0.012947816513629739,0.3394495412844037,1
29222,0.8208857689667133,5.75,0.7855268320732066,0.825,23,3.5,0.235,0,0.10724796386284306,1
16578,0.5858266051028436,19.083333333333332,0.774146715441297,0.35714285714285715,1,4.3,0.152,0,0.7767154275373247,0
20203,0.5260373180624565,17.5,0.7304576819412398,0.7619047619047619,14,4.8,0,0,1.023883182774409,1
13381,0.8543907666638784,12.166666666666666,0.7936093263928854,0.7317073170731707,51,3.7,0.115,0,0.3682971488359927,1
14962,0.7271298311136642,10.75,0.8254522441984853,0.9761904761904762,69,4.4,0.06,0.024777763841709117,0.10546718353161343,1
15819,0.7607690804851812,6.666666666666667,0.8031498031497047,1,13,4.4,0.133,0,0.23870784208363624,1
24100,0.6254353060887551,14.75,0.8040435571070663,0.5526315789473685,24,3.3,0.328,0,0.4376439345214631,0
15638,0.8425242019250125,7.083333333333333,0.8425989628204746,0.75,40,4.4,0.109,0.08827783683753908,0.3174958434582427,1
7394,0.7301800132132482,19.25,0.7462819348555394,0.6842105263157895,35,4.7,0.141,0,1.0723559642953746,0
23987,0.7511101775289031,91.66666666666667,0.8849506034941355,0.6744186046511628,44,4.3,0.041,0,0.5126109976237129,1
22700,0.8411522812224,96.58333333333333,0.901280493541967,0.6086956521739131,59,3.6,0,0.0017421340587347102,0.3430031498491156,1
3234,0.7655896433812005,11.75,0.735108519191729,0.5348837209302325,75,4.1,0.298,0.001627506557084022,0.1768980980361837,0
3641,0.6666809816455134,17.333333333333332,0.6793589999897487,0.4772727272727273,23,3.8,0.153,0,0.2741005218346608,0
19404,0.5960388427634202,18.083333333333332,0.6958874478913103,0.45,12,3.2,0.082,0.002459206951164582,0.4262007833436405,0
21445,0.668359582241592,6,0.7034144929991302,0.8604651162790697,10,4.2,0.008,0,0.582280251806948,1
17145,0.6577373351657867,21.083333333333332,0.7442409799393395,0.6428571428571429,6,3.6,0.053,0,0.5080346466796932,1
11051,0.6674207892842472,19,0.7756717218851856,0.23684210526315788,18,3.9,0.254,0.02995086741611032,0,0
13939,0.6168526881556351,18.5,0.7301805561824877,0.7714285714285715,24,4,0.175,0.006939191310242072,0.03730540210919004,1
27621,0.8636740562017993,5.416666666666667,0.7682073973335483,0.3409090909090909,31,4.4,0.007,0,0.6366532710618732,1
8223,0.9041262364117272,99.5,0.9037324419061908,0.6956521739130435,28,4.8,0.241,0,0.247719810288216,1
11333,0.7392801455858123,103.58333333333333,0.8794556897475637,0.775,95,4.3,0.102,0,0.6537833664240018,1
17499,0.49007493848237105,11.5,0.7148939772042608,0.9487179487179487,30,3.9,0.171,0.007408351903033552,0.2043032259907992,1
9492,0.8364074537724641,97.5,0.8696924523288962,0.5217391304347826,7,4.5,0.217,0,0.7384501922773007,1
1613,0.7832467112547342,9.5,0.75881180552864,1,38,4.4,0.193,0,0.9916279069767442,1
31390,0.6603876335272545,16,0.69809631778772,0.9,1,4.3,0.004,0,0.6775087607518318,1
10648,0.8408390603993121,6.416666666666667,0.7665947953816697,0.7380952380952381,13,3.7,0.032,0.10849093707706368,0.05606686701728024,1
32522,0.6799727701928224,17,0.7562783746145871,0.65,47,3.9,0.168,0,0.5324703277781194,1
1986,0.6358074641247109,18,0.7149110311418398,0.5641025641025641,32,3.8,0.033,0,0.6389728096676737,0
13524,0.8601901392498137,98.08333333333333,0.8973297593996344,0.5957446808510638,47,3.8,0,0,0.6498077491866312,1
7690,0.7170060121510744,95.16666666666667,0.8857075054360088,0.7708333333333334,28,3.7,0.154,0,0.7627283958644906,1
11014,0.8758772671676166,101.08333333333333,0.9055888371973472,1,14,4.4,0.107,0,0.6167604866533503,1
21716,0.8873365018344477,102.33333333333333,0.906923569627169,0.6904761904761905,1,4.1,0.057,0,0.3650764413335789,1
7606,0.8755482440452675,96.83333333333333,0.8603092338386036,0.42105263157894735,1,3.9,0.085,0,0.6829268292682927,1
2017,0.7158633916397172,16.583333333333332,0.707202871719453,0.5609756097560976,95,4.2,0.236,0,0.8398611799702529,0
25960,0.7796257595268474,11,0.8036139182300648,0.6578947368421053,18,4.2,0.112,0,0.7853387006683488,1
29660,0.8773206487091842,10.666666666666666,0.6906407832308854,0.5227272727272727,24,4.6,0.213,0,0.5438729580741415,1
4909,0.7617831300900232,96.66666666666667,0.8632594478696666,0.8048780487804879,38,4,0.082,0.0635604955079356,0.30212895996740347,1
16491,0.927725991137179,98.83333333333333,0.9026147405195217,0.975,46,3.8,0,0,0.6715784367230611,1
12076,0.6069314807255732,6.75,0.8173006347290279,0.4883720930232558,20,4.1,0,0,0.4479317626599313,1
5618,0.4957778919759639,9.416666666666666,0.6951073773990758,0.7272727272727273,3,3.9,0.118,0,0.6046635813456747,0
23577,0.6034198595530844,10.916666666666666,0.706826498172954,0.6,9,3.9,0.133,0.013765012636456945,0.6223994231544122,0
14711,0.770033860327776,6.833333333333333,0.7777943029477,0.6666666666666666,91,4.9,0.037,0.005624555438186514,0.13820060501002684,1
8613,0.5252941886807967,16,0.7689471561164705,0.6,11,3.2,0.225,0.0016814606336147796,0.5167769650528271,0
3936,0.5831500513107959,17.5,0.7176387222785983,0.6428571428571429,8,4.4,0.078,0.0036026615833803666,0.5292174796747967,0
9930,0.7199086183838828,16,0.6520147273231236,0.7083333333333334,42,3.4,0.14,0.05251046901772472,0,1
10157,0.7042057395282513,18.083333333333332,0.7681610833528983,0.7111111111111111,46,4.5,0.037,0.0003418697165589259,0.45409343769999505,1
10834,0.7154549666718948,17.666666666666668,0.7539923620678246,0.46808510638297873,5,4.3,0.062,0,0.42617805879909537,1
23175,0.899951346608197,6.583333333333333,0.7561853128574908,0.9512195121951219,43,4.1,0.126,0.125757171083255,0,1
9946,0.8043785582980566,9.833333333333334,0.6870138082606884,1,48,4.8,0.124,0,0.8335428083052637,1
14068,0.6962019453338928,6.416666666666667,0.7580787531143227,0.725,2,4.4,0.131,0.019877192444148175,0,1
17568,0.6691542534328272,101.41666666666667,0.8541107832135202,0.9333333333333333,1,4.4,0.155,0.0018656716417910447,0.2416325136612022,1
24099,0.7749121315904406,5.75,0.706186450250532,0.5952380952380952,35,4.1,0.048,0,0.2793476907755508,1
12395,0.7560499140387305,17.833333333333332,0.7283281896495583,0.6756756756756757,58,3.4,0.111,0.013924461448022807,0.26075030254134735,1
9272,0.7960232276634368,95.5,0.8612483126680561,0.6341463414634146,75,3.5,0.051,0,0.4119074583400744,1
11950,0.6988642908299166,18.083333333333332,0.6917260792566899,0.7111111111111111,1,4.2,0.271,0.002617043661230931,0.28192468619246863,1
16768,0.5536063961207269,16.333333333333332,0.7816231167445643,1,21,4.1,0.155,0,0.5716245229007634,1
5505,0.6279848084856536,9.666666666666666,0.7489617279558443,0.4523809523809524,3,4,0.038,0,0.8479564032697547,0
7123,0.6556608662967827,20,0.7948577729151471,0.4,60,4.9,0,0,0.17520707567036362,1
15761,0.752883870998889,8.666666666666666,0.6134663222645811,0.5526315789473685,20,4.4,0.076,0.029310529910505177,0.059831228982932555,1
13183,0.49931074308783563,18.916666666666668,0.8150304248879559,0.8780487804878049,33,4.2,0.101,0,1.0159681395789872,0
10875,0.76026709672577,6.416666666666667,0.8262456083083163,0.5952380952380952,1,4.5,0.107,0,0.23448275862068965,1
15805,0.7736624325902497,99.91666666666667,0.8717357662732503,0.8095238095238095,6,4,0.164,0.09515839795979136,0.12509095510772247,1
2154,0.6917953655969535,17.833333333333332,0.7105820080896819,0.8181818181818182,24,4.2,0.08,0,0.7896935933147632,0
4106,0.8101562850193487,9.666666666666666,0.731787082998206,0.3181818181818182,74,4,0.02,0.16399737745652374,0,1
9873,0.8532545235057345,10.25,0.6390573515378355,0.6363636363636364,8,3.9,0.135,0.02391073943083583,0.17199290959736643,1
17614,0.6846494407541055,11.166666666666666,0.6534869622016746,1,39,3.6,0.098,0.026097853879177856,0.24520964033269935,1
11954,0.7414505731436527,98.91666666666667,0.8847737696277543,0.6222222222222222,39,3.9,0.038,0,0.6682282081311695,1
17496,0.7032886883909589,10.166666666666666,0.7434020353688766,0.46153846153846156,66,4.2,0.288,0,0.6173411065386374,1
16275,0.6306467619231323,10.25,0.6617456249965086,0.7317073170731707,30,5,0.004,0,0.7225192012288787,1
6010,0.7169958116801431,16.333333333333332,0.7446939591184325,1,64,4,0.027,0.011508256013637598,0.038103161397670546,1
13050,0.9025787561658908,10.666666666666666,0.759964195379106,0.9777777777777777,4,4,0.151,0.016316615298612832,0.3316602168665466,1
14396,0.6862425457849618,6.75,0.7647832236634858,0.6842105263157895,10,4.3,0.2,0,0.844887468741317,0
3380,0.8725069087603148,10.333333333333334,0.6710309991230461,0.6976744186046512,34,3.8,0.155,0,1.3152833259357892,0
15525,0.7548659232030549,96.41666666666667,0.8739329978754121,0.6818181818181818,15,4.1,0.144,0,0.523671497584541,1
14847,0.6815034706238181,6.666666666666667,0.8232233047033631,0.425531914893617,11,3.4,0.07,0.02469402439898827,0.26840439145955414,1
15048,0.8425852033916593,6.833333333333333,0.7859764783562897,0.7111111111111111,32,5,0.094,0,0.6649388623072834,1
6787,0.5819472871710597,6.5,0.8064145016597244,0.8333333333333334,1,3.2,0.139,0.006185571498080698,0.2885139615412952,0
22690,0.7233637310941217,99.25,0.8497577355719772,0.627906976744186,26,4.1,0.023,0,1.0952401939180256,1
17241,0.6625371181370117,17.083333333333332,0.8111369689501859,0.723404255319149,45,3.5,0.046,0.14154019936229603,0,1
7261,0.9075609393744821,10.166666666666666,0.6791740034298208,0.7272727272727273,11,4.1,0.324,0,0.7587631705805385,0
22245,0.6999217656200494,18,0.7536271352657394,0.9795918367346939,26,4.3,0.207,0.0026204106480005227,0.47557823282159634,1
12452,0.7952648927971258,104.91666666666667,0.9186142747870952,1,56,4.6,0.174,0,0.533349395655142,1
14925,0.7692109489680206,6.333333333333333,0.7927892664733733,1,19,4,0.245,0,0.6672250326644109,1
34638,0.7280422472416076,97.91666666666667,0.8639069367487919,0.8292682926829268,21,3.8,0.204,0,0.7830530494406351,1
6845,0.8336400619587971,95.83333333333333,0.8642252504745611,0.6585365853658537,39,4.3,0.183,0.0008361475246370414,0.337472607742878,1
9099,0.6118725693577914,14.916666666666666,0.7097659171427813,0.5675675675675675,7,3.8,0.246,0.030892887348572973,0.1452986756058691,0
7800,0.7499284138743296,11.166666666666666,0.8371834012740937,0.9487179487179487,1,4,0.108,0,0.5498717948717948,1
13176,0.7403931474703471,20.25,0.8139935904528474,0.3170731707317073,90,4.2,0.157,0,0.3706121209821259,1
21188,0.7279549554723754,6.416666666666667,0.851356842308317,0.4358974358974359,30,4.1,0.198,0.0731676803681607,0,1
11988,0.5658874836466972,20,0.8432092689814434,0.6904761904761905,41,3.6,0.218,0.0693913230797386,0.021604938271604937,1
15362,0.9381641135900443,7.166666666666667,0.8306951188539414,0.8108108108108109,37,3.5,0.167,0,0.4402564853692673,1
4802,0.7792985557194864,11.166666666666666,0.6753945795383351,0.8604651162790697,4,3.3,0.189,0.0004824561403508772,0.2819952098302614,0
19407,0.605227854402592,9.5,0.6495616779747688,0.4166666666666667,49,4,0.233,0.0011234640371804983,0.41532476232190246,0
19633,0.8264465187115102,10.75,0.7655118843061368,0.6444444444444445,48,4.5,0.027,0,1.1273366271074212,1
10556,0.67821203184644,19.333333333333332,0.7489617279558443,0.8888888888888888,36,4,0.271,0,0.6242895035998485,0
5924,0.6496031232353549,6.833333333333333,0.762273308663196,0.6363636363636364,1,4.1,0.208,0.03519507108152418,0.24409182984469951,1
13814,0.8548565661684709,101.41666666666667,0.9035184416326572,0.717391304347826,42,5,0,0.03653752124944707,0.1326190820906327,1
1835,0.7418671797104075,6.166666666666667,0.7537720654285325,0.85,1,3.4,0.1,0,0.737874659400545,0
16517,0.7872609510415827,97.91666666666667,0.8720712058628007,0.3958333333333333,31,3.4,0.154,0,0.8397408730398983,1
16098,0.6568523046475344,19.666666666666668,0.7920704381968594,0.7368421052631579,57,3.8,0.144,0,0.5290883677589688,1
6172,0.6817118775595257,86.58333333333333,0.8556336221081532,0.6976744186046512,33,4.5,0.069,0,0.48379779650032406,1
16994,0.7607206222563923,5.916666666666667,0.7287132354329828,0.875,20,4.2,0.337,0,0.6122749205601977,1
15794,0.7658601861661692,6.416666666666667,0.8043309198270212,0.5714285714285714,9,5,0.078,0.013553200212490693,0.17918764048500965,1
18572,0.7361285213122349,6.25,0.8256440422583731,0.9487179487179487,21,3.5,0.097,0.00003158479886800081,0.45812131491801955,1
24477,0.7357299522523346,100.75,0.8975593742013406,0.5128205128205128,52,5,0.266,0.0015340224083862626,0.045022776949318735,1
14748,0.7629386102527789,12.5,0.7679080641929439,0.6,35,3.9,0.152,0,0.9550771317172402,0
9196,0.5944005394591401,9.916666666666666,0.7255044878813264,0.627906976744186,14,3.9,0.131,0.13365708101629103,0,1
13368,0.7378907247621973,10.833333333333334,0.6675356494619338,0.5526315789473685,16,2.9,0.178,0,1.1067888535627455,0
5973,0.7469662240835304,6.75,0.8276019747682847,0.9736842105263158,24,5,0.033,0.009231649157679836,0.1753034742570113,1
18666,0.7010270722525532,103.91666666666667,0.8854313784413973,0.7333333333333333,9,4.1,0.225,0,0.22801425089068067,1
21901,0.6578588998179132,19.083333333333332,0.7519358526336457,0.725,1,4.1,0.176,0.0008259077408013577,0.5403529599780827,1
15920,0.7503481931812581,104.08333333333333,0.8903531660705556,0.47368421052631576,62,3.7,0,0.09718454030395103,0,1
21548,0.7308580956411872,95.41666666666667,0.8704741364300677,0.6666666666666666,1,3.5,0.213,0,0.4854742899573046,1
12916,0.7286620755166344,6.583333333333333,0.8196480145724683,0.8048780487804879,13,3.8,0.16,0,0.6081839650032906,1
1951,0.6803937826444162,94.25,0.8496307395181373,0.7045454545454546,24,4,0.018,0.0002044362669937647,0.35836964880799793,1
26668,0.7364782028049461,18.083333333333332,0.7949956090365418,0.6976744186046512,13,3.1,0.086,0,0.6386425424205494,1
13900,0.8366825657678647,96.33333333333333,0.880409898555118,0.7083333333333334,30,4.1,0.089,0.0021333990913438546,0.5598561151079137,1
11548,0.7169657072822163,11.666666666666666,0.6962815482075815,0.8775510204081632,6,4.4,0.111,0,0.561766616150682,1
21526,0.7407209426259997,102.41666666666667,0.8801859352634118,0.6888888888888889,1,4.4,0.034,0.011713604850793419,0.31009012357149496,1
5863,0.7501702299490289,6.333333333333333,0.7239976715341706,0.8444444444444444,77,4.5,0.179,0,0.5596588486140724,1
12730,0.753345180359583,6.416666666666667,0.7418882218915352,0.6486486486486487,49,4.1,0.257,0.05514385539547522,0.12592796260654385,1
16203,0.672279604215418,9.833333333333334,0.6131283996436161,0.6428571428571429,7,3.8,0.05,0,0.4453496266123557,0
11038,0.7857167408302778,6.916666666666667,0.7533796446932685,0.7,33,3.7,0.125,0.0023020510447162063,0.6120674035151296,0
8977,0.649179192316859,18,0.7194581961566089,0.5116279069767442,3,4.6,0.072,0,0.23771861423638185,0
26629,0.7062820522039845,7.333333333333333,0.7820076580312401,0.4634146341463415,50,5,0.047,0.0012907686988590527,0.46728129635540866,1
23787,0.7018302960877396,19.833333333333332,0.7365308335026742,0.6410256410256411,82,3.3,0.379,0.0032681367052863255,0.5969647286332871,0
10656,0.6553176397250831,94.83333333333333,0.8784801833879612,0.6,45,3.3,0.18,0.02087879334052811,0,1
7336,0.8662578649946129,6.083333333333333,0.7361457495307093,0.8235294117647058,27,4.1,0.165,0,0.36150490730643403,1
17108,0.5976853970852368,10.25,0.7707663060183466,0.5945945945945946,51,3.8,0.044,0.0032225109247692348,0.2089081131634323,1
24585,0.7875452448646915,91.75,0.8640056706978989,0.8536585365853658,56,3.9,0.141,0.0006628446792332014,0.38996115438589357,1
19975,0.7247310842258466,93.5,0.8427831738943163,0.7209302325581395,41,3.9,0.277,0,0.746601917444742,1
15079,0.6362344704911032,102.5,0.8818813617973073,0.5853658536585366,1,4.4,0.155,0,1.0866465497231157,1
14034,0.8222950619677238,7.416666666666667,0.8496731667386557,0.7368421052631579,71,3.5,0.143,0.0022021990151129224,0.2924430826237218,1
6916,0.8131307360195184,101.41666666666667,0.8274464921658822,0.9767441860465116,11,3.6,0.271,0.0013245352422795933,0.1849334875650665,1
16514,0.6364798325689182,16.916666666666668,0.739567686938201,0.6818181818181818,41,4.1,0.034,0.005061265403340807,0.5954947317427637,1
11894,0.624702544623625,18.75,0.8112811222616698,0.8717948717948718,13,3.8,0,0,0.8444948921679909,1
15205,0.7940760537630823,6.416666666666667,0.8043309198270212,1,44,3.9,0.132,0.030050839199688553,0.3106317208721102,1
1815,0.5421896053914064,16.5,0.7130530765385497,0.5454545454545454,21,2.9,0,0.014555067696749054,0,0
1942,0.5849967262782326,19.416666666666668,0.8210243823004889,0.7560975609756098,62,3.7,0.173,0.005994093310077962,0.4047373841400618,1
15981,0.6568875554715534,17.25,0.7643720116278803,0.44,30,3.6,0.158,0,0.6328139665853201,0
19695,0.6835188026074386,6.166666666666667,0.7283817399697057,0.275,73,3.6,0.176,0.03073013922439119,0.1240447840767727,0
21806,0.639826969598116,5.583333333333333,0.775126579502696,0.5777777777777777,29,4.5,0.161,0.011687593763542418,0.19618453636613775,1
12310,0.5733439230811588,19.333333333333332,0.73513290524591,0.8947368421052632,1,4.1,0.119,0,0.5402924451665313,0
7609,0.7844588089424496,99.5,0.8545604438434842,0.7560975609756098,1,3.8,0.251,0.03359160115243662,0.16363277912860616,1
21041,0.7815826998288823,11.166666666666666,0.7292782515340738,0.6363636363636364,19,4.4,0.086,0,0.31453625151493547,1
28241,0.7157051011294913,18.916666666666668,0.7621553306309587,0.9512195121951219,34,3.7,0.251,0,0.6764398647332731,1
2350,0.7515659923627166,11.333333333333334,0.6915268093617202,0.5641025641025641,1,3.5,0.133,0.01956514232847957,0.11148936170212766,1
14730,0.7504895045773967,11.25,0.707149668136729,0.7555555555555555,101,3.1,0.159,0.004371018600338557,0.24996605566870334,1
25754,0.8422795160739298,6.333333333333333,0.7316305519161692,0.7857142857142857,1,3.2,0.169,0.02365363021183736,0,1
11235,0.7597276011669746,104.75,0.8742460079131285,0.5609756097560976,48,3.6,0.068,0.04133128125952008,0.22439805954871156,1
5784,0.8045905540416896,9.333333333333334,0.5596847140736445,0.65,28,4.5,0.026,0,0.3648309846978473,1
19446,0.6590092658770943,19.25,0.73331787305175,0.7857142857142857,6,3.7,0.206,0.10374910300643152,0.05044739278000617,1
22910,0.7864860616109709,5.666666666666667,0.8049044240967412,0.9024390243902439,107,3.8,0.252,0,0.908380619816674,1
21800,0.6442854075696155,19,0.7430558155109332,1,58,3.9,0.136,0.0014301252556441861,0.5159633027522936,1
2040,0.7066682872779309,11.166666666666666,0.7552056795991533,0.7209302325581395,6,4,0.021,0.00015553161970541232,0.1578818337827899,1
4327,0.6106332528473115,15.916666666666666,0.6469557765972102,0.717948717948718,23,4.4,0.029,0.014486760647098378,0.33302519066327707,1
13732,0.6937565238250115,20.25,0.7874773443016403,0.5238095238095238,47,4.8,0.21,0,0.6420769006699679,0
15438,0.7040398700820695,20.666666666666668,0.8001691662360666,0.38461538461538464,26,4.7,0.152,0,0.5923238866396762,1
13001,0.7813949046037915,10.75,0.7338250432032651,0.4146341463414634,1,4.1,0.172,0.00009683041766186819,0.39713857159340027,1
27008,0.6395208266140716,10.666666666666666,0.6906407832308854,0.717948717948718,1,4.3,0.217,0,0.5881590639810427,0
26504,0.7546986407832674,99.5,0.8528344393325114,0.8181818181818182,38,3.3,0.08,0,0.46362813160277694,1
10405,0.4286154262827635,16.416666666666668,0.7293411677813547,0.62,14,4.3,0,0.03931705236274783,0.01960595867371456,1
6742,0.7407721205786457,9.416666666666666,0.649240333051214,0.7560975609756098,49,4.9,0.176,0.11275681080910464,0,1
31869,0.8012296496565093,98.41666666666667,0.8755234525286275,0.76,46,3.8,0.077,0,0.7198217703724623,1
9897,0.7199500445501261,94.58333333333333,0.8484709563858229,0.8666666666666667,1,3.3,0.161,0,0.30697721416662455,1
27812,0.7421546600490307,17.416666666666668,0.7514263118112816,0.7317073170731707,4,4.3,0.216,0,0.19671364878469724,1
5071,0.8544166925938439,6.666666666666667,0.793844718719117,0.5681818181818182,1,4.9,0.297,0,0.452770656675212,1
11859,0.8008955179755084,9.916666666666666,0.6471588777274451,0.8666666666666667,27,4.5,0.205,0,0.4619276498861624,1
33302,0.7539425741808509,15.833333333333334,0.7860799849168255,0.6944444444444444,42,4.2,0.149,0,0.7691730226412828,1
22469,0.8846746881014398,9.75,0.7626761815911997,0.7209302325581395,1,4,0.118,0,0.7345676265076327,1
14444,0.8021214550317364,6.583333333333333,0.7900870385851013,0.6304347826086957,76,3.7,0.131,0.08208354292435367,0.11194959844918305,1
2144,0.8667310814340357,6.916666666666667,0.8091207287017487,0.6666666666666666,37,4.5,0.057,0,0.502915791929088,1
32151,0.7940508671601665,7.416666666666667,0.8307132677155128,0.23684210526315788,60,3.7,0.007,0,0.7858231470249759,1
2235,0.5829476514957794,15.666666666666666,0.7799131822810936,0.2857142857142857,40,4.2,0.139,0.0005304360550190226,0.46174496644295304,0
14995,0.7516015258118964,6.166666666666667,0.7537720654285325,0.6923076923076923,1,3.8,0,0,0.5675891963987996,0
21328,0.875087019614579,6.083333333333333,0.7277451107623043,0.675,28,4.1,0.044,0,0.330692048012003,1
20965,0.650414301970389,18.75,0.8026846855073502,0.9512195121951219,6,3.6,0.092,0,0.6618650131170999,1
13793,0.8255671728027673,6.333333333333333,0.803070663854003,0.7142857142857143,51,4.1,0.082,0,0.5059087943159574,1
3977,0.8952912272857076,6.666666666666667,0.7238659745703184,0.4782608695652174,69,3.6,0.233,0,0.5311203319502075,0
21784,0.7908940053372051,6.333333333333333,0.7394869753523245,0.9534883720930233,16,3.8,0.16,0,0.5222760346133541,1
9231,0.634199622128161,96.25,0.8561545403012947,0.625,26,5,0.265,0.0068031692077305354,0.1875203119922002,1
15516,0.6722703189113529,97.83333333333333,0.8884319296079527,0.9736842105263158,1,4,0.191,0,0.5043988269794721,1
8656,0.7648160539403177,10.833333333333334,0.7476735466637427,0.5581395348837209,39,4.1,0.134,0,0.5495609981515711,1
14125,0.6467967319235641,17.833333333333332,0.7216584558535434,0.7692307692307693,49,4.3,0.085,0.05364994773836395,0,1
13437,0.6208142708930552,17.75,0.8129710395582902,0.75,8,5,0.087,0.0062795122758051635,0.20920626651285676,1
24132,0.7684896495143653,94.41666666666667,0.873977888600538,0.6486486486486487,1,3.9,0.111,0,0.5723224830615585,1
6146,0.8205302883773954,6.916666666666667,0.791667271496499,0.7804878048780488,9,4.3,0.299,0.0026056380606348773,0.18385942076147088,1
2842,0.6535567316992623,16.5,0.7109275147221377,0.5238095238095238,76,4.6,0.349,0,0.7262491203377903,0
6237,0.6854900151527614,103.5,0.8968021257970235,0.7608695652173914,45,4.3,0.145,0,0.7604617604617605,1
14713,0.7683539512181534,9.833333333333334,0.6925702178437787,0.8292682926829268,13,3.8,0.08,0,1.4397960917587085,0
18861,0.7815177378912487,103.08333333333333,0.8854597630128961,0.5348837209302325,70,3.5,0.27,0,0.5248926355972642,1
12386,0.8551972642393284,97.83333333333333,0.8761533126495684,0.7894736842105263,1,4.5,0.115,0.06457051374263413,0.2837881479089294,1
32651,0.7587674569038974,10.666666666666666,0.6882822290115624,0.55,1,3.5,0.185,0.04227684230650844,0.2540849297866801,1
17623,0.6784533512103623,7.083333333333333,0.8136120056734722,0.631578947368421,52,5,0.183,0.0010482908804485063,0.3396697497588379,1
20873,0.6930143354321667,18,0.7984116568789145,0.575,9,3.7,0.17,0,0.447132659416471,1
14176,0.5778297684007792,15.916666666666666,0.7150081382145166,0.6818181818181818,1,4.1,0,0,0.8888261851015802,0
16246,0.5522938455601634,17.25,0.7148939772042608,0.7560975609756098,54,4.1,0.045,0,0.4039887968976024,1
9173,0.8286463051144534,7,0.7979694910895578,0.36363636363636365,30,4.5,0.079,0,0.41657127282638323,1
29570,0.8031967174598215,100.83333333333333,0.8631888135757007,0.5,32,3.8,0.118,0.018721791433810708,0.09786946229286439,1
15167,0.6490903405505879,10.083333333333334,0.6851901329794892,0.8409090909090909,60,3.8,0.282,0.08252349924663645,0.09744840772730269,1
19548,0.6627014532794793,17.916666666666668,0.6922138929011032,0.7906976744186046,17,4.4,0.016,0.0018907890633121946,0.5972989564149785,1
7328,0.5627473109348171,20,0.7782644217391654,0.8604651162790697,21,4.3,0.341,0,0.9469159388646288,0
2052,0.6990812658296027,6.5,0.7087739309846013,0.75,28,4.2,0.126,0,0.4889105532537168,1
6927,0.6872145018363819,6.416666666666667,0.7341624741498868,0.5909090909090909,33,4.6,0.089,0.046593159939650686,0.39685289447091093,1
13011,0.7720024432524001,90,0.8747841370046151,0.43478260869565216,27,4.7,0.061,0.041616922904558824,0,1
13003,0.6827353057668775,19.416666666666668,0.7075555250485073,0.5,22,4.5,0.097,0,0.45389525494116745,0
7304,0.6730075012870624,18.75,0.7210602082753208,0.6595744680851063,46,3.7,0.134,0.006985090175396524,0.5343647316538883,0
21462,0.7517206276021448,95.16666666666667,0.8748699076854903,0.7954545454545454,15,3.8,0.109,0,0.7032429410120212,1
7744,0.6506515680626686,16.666666666666668,0.6186864807012477,0.4888888888888889,65,3.7,0.061,0.0017013437894515442,0.36608987603305787,0
20037,0.7217204986314605,9.916666666666666,0.7414002932196786,0.4878048780487805,1,3,0,0,1.4071966861306582,0
11254,0.5196919497332555,17.416666666666668,0.7163280601381505,0.6363636363636364,53,5,0.182,0,1.0729518393460102,0
16196,0.8858551653803884,6.833333333333333,0.8438262381113939,0.46511627906976744,56,3.8,0.103,0.0029074237015880404,0.14195301163903554,1
22064,0.5918056730735551,16.416666666666668,0.7259353302194297,0.3953488372093023,70,4.5,0.246,0.12468711687519603,0,1
9587,0.7127328435773577,6.416666666666667,0.7122270155044113,0.75,25,4.9,0.244,0,0.375612809012204,1
23596,0.6581076906067992,17.75,0.8019803125918954,0.5135135135135135,1,4.7,0.177,0.05153268813489357,0.04835667818016147,1
14480,0.578562228480984,9.333333333333334,0.6331671681397476,0.4444444444444444,41,3.9,0.19,0,1.0800414364640885,0
12844,0.6963359113873141,18.333333333333332,0.7507034690763257,0.723404255319149,2,3.5,0.109,0.034409503057298,0,1
26637,0.8279440816327067,98.33333333333333,0.8612238000646866,0.75,9,3.7,0.232,0,0.5380861208094004,1
11116,0.7210546939507889,7.25,0.8299005909546122,0.6585365853658537,31,3.3,0.305,0,0.6326916156890968,0
37740,0.694218820442591,16.25,0.8035823794645585,0.4186046511627907,27,4.2,0.155,0,0.6467143614202437,1
10082,0.513226841720627,17.75,0.7542936317722155,0.6976744186046512,35,4.4,0.084,0.09348688205755029,0.048799841301329104,1
3237,0.8714805243170681,5.5,0.6894863404254667,0.7804878048780488,47,4.1,0.23,0.10950582260729168,0,1
12163,0.5358607869140715,6.666666666666667,0.7525126265847084,0.40476190476190477,87,4.5,0.12,0,0.8322782208336759,0
15674,0.552311177852162,17.333333333333332,0.7537259908679673,0.975,10,4.7,0.225,0.06155942769871953,0,1
23630,0.9192657652025611,99,0.8535063305198176,0.7894736842105263,49,3.7,0.132,0,0.8987494445502444,1
18346,0.603997641687009,17.666666666666668,0.7341697584225402,1,70,4.8,0.25,0,0.5190777281151204,1
14864,0.9265337267130007,97,0.8807357138207679,0.5897435897435898,1,4,0.086,0,0.3894775793050089,1
9057,0.7781413453940016,11.916666666666666,0.7207171252067712,0.85,37,4.3,0.031,0,0.45180523352103347,1
23198,0.7995046317082285,6.5,0.8279947709615546,0.7209302325581395,55,3.5,0.193,0.00007528176890647853,0.35921200103457196,1
18600,0.7538424763672794,6.666666666666667,0.7763932022500211,1,17,3.6,0.092,0.007684899840946614,0.1263474824592059,1
6955,0.5570932327976632,16.916666666666668,0.7533499947365508,0.813953488372093,71,3.8,0.087,0.006451890333730482,0.6806613946800862,1
14313,0.626391599428983,17.25,0.7406107486249507,0.5121951219512195,36,3.9,0,0.09278554436148585,0.09969957381401523,1
2038,0.4109692527968757,20.416666666666668,0.7664178950559266,0.7073170731707317,55,2.9,0.028,0,0.2576054955839058,0
14584,0.744315572865919,6.416666666666667,0.7193482755198142,0.4358974358974359,5,4.1,0.13,0,0.6280170049369171,1
15582,0.9400905763315515,6.583333333333333,0.7900870385851013,0.5777777777777777,30,4,0.091,0,0.709880306774059,1
26772,0.7303563372193429,93,0.8899052146709128,0.27906976744186046,45,4,0.053,0,0.7677941094073922,1
16113,0.700696431648254,6.666666666666667,0.7307417596432748,0.8775510204081632,3,3.9,0.12,0.07729651363944286,0,1
2117,0.8165580650054893,91.58333333333333,0.8716950937031627,0.8372093023255814,51,4.1,0.033,0,0.3260099220411056,1
2020,0.7859968198606737,6.916666666666667,0.8002033258822048,0.725,74,4.8,0.195,0,0.40455558306511513,1
12371,0.7045192583497846,6.416666666666667,0.7498524638408023,0.5238095238095238,28,4.3,0.09,0.0652947187580885,0.14526494482842245,1
10395,0.8116635784747812,6.833333333333333,0.883028499431397,0.7105263157894737,3,4,0,0,0.2949636827168214,1
9555,0.834267824147047,6.25,0.7921539030917347,0.5238095238095238,80,3.9,0.091,0,0.5154369440083726,1
1873,0.7373087739229239,12.166666666666666,0.7404480092945696,0.5526315789473685,9,4.7,0.15,0,0.6387182910547397,0
7886,0.5516067461587328,19.083333333333332,0.7987946544365367,0.5208333333333334,17,4.3,0.021,0,0.45032020797666605,1
13285,0.7278032022852841,17,0.8620465952993108,0.5641025641025641,66,3.5,0.042,0,0.7886634799954835,1
17630,0.7901388295287373,10.083333333333334,0.5649562912974593,0.5909090909090909,62,4.2,0.226,0,0.6309132161089053,0
5448,0.6519491661398693,16.5,0.6816979544123489,0.4146341463414634,1,4,0.243,0,0.7019089574155654,0
13364,0.7564059028811881,96.58333333333333,0.8926118672461372,0.5333333333333333,2,4.3,0.021,0,0.6453399184345419,1
6204,0.6360955629885341,19.833333333333332,0.7539952744822782,0.717391304347826,37,3.8,0.223,0.0033438396540482565,0.2809477756286267,1
20045,0.6257475380071349,97.91666666666667,0.8634606068381149,0.5434782608695652,24,4.1,0.258,0,0.7132451983038164,0
11114,0.6082730888200294,20.583333333333332,0.8155782676286579,0.7837837837837838,10,4.2,0.239,0.018188691285514605,0.3820406694259493,0
6343,0.8034540137545991,92.16666666666667,0.8652954606404073,0.7954545454545454,8,4.4,0.061,0.02141236840182691,0.10326344001261233,1
10311,0.7788794887179323,6.166666666666667,0.6700930914666567,0.7105263157894737,84,4.6,0.238,0.003127920795625006,0.42306386693176856,1
31492,0.5664344448047746,18.833333333333332,0.790021052783988,0.8108108108108109,63,3.8,0.115,0.000897043142697561,0.4746284770735425,1
18555,0.3740659101217074,15.5,0.7372732962823523,0.6052631578947368,40,4,0.07,0.00040712399512350927,1.1276205874427379,0
1773,0.7089062133386521,96.58333333333333,0.8656364747218557,0.9743589743589743,62,3.4,0.162,0,0.8657642413987592,1
29526,0.6152229436371911,19.25,0.7350097672241924,0.5405405405405406,9,3.7,0.272,0,0.4254893991736097,0
16511,0.605537560584444,17,0.6915268093617202,0.5641025641025641,51,5,0.277,0.024041282691702026,0.28356853007086186,1
24201,0.8726178510748626,6.666666666666667,0.7450490243203607,0.627906976744186,57,3.1,0.23,0,0.7429858270319408,1
23800,0.7869768718231891,6.833333333333333,0.8033595671146695,0.46808510638297873,24,3.7,0.13,0,0.647828735897813,1
5808,0.9311021934196672,96,0.8407123968751514,0.55,46,4.9,0,0,0.412362258953168,1
22151,0.7732972963964047,6.166666666666667,0.6978286516892176,0.43902439024390244,57,4.2,0,0.08691853713766416,0.08126227398930047,1
25002,0.7557460664820452,11.333333333333334,0.7000576756710126,0.6666666666666666,29,3.5,0.014,0,0.3790896728261739,1
30753,0.7519586315965072,7.083333333333333,0.8425989628204746,0.6511627906976745,30,4.5,0,0,0.5801060059181218,1
2121,0.6246451574920058,19.083333333333332,0.7519358526336457,1,7,3.6,0.17,0,0.7576614804337577,0
16641,0.8000521732425974,6.833333333333333,0.740728150908911,0.8888888888888888,38,5,0.083,0.022252524526232716,0.33021844295544006,1
8868,0.8057958983856333,10.25,0.6860693564827997,0.8541666666666666,28,4,0.065,0,1.1796346414073071,1
20400,0.709926323979924,5.583333333333333,0.775126579502696,0.8,44,4.7,0.158,0,0.7615686274509804,1
19195,0.7044444235435215,92.41666666666667,0.8695192566252471,0.4523809523809524,68,4,0.105,0,0.7342207403162364,1
2009,0.7851205115444205,92.75,0.8537420175593565,0.7619047619047619,9,4.2,0.058,0,0.4818317570930811,1
2225,0.5205412199824208,19.166666666666668,0.7788156984004017,0.627906976744186,22,4.5,0.189,0,0.5434929197572488,0
10481,0.7747477895460408,9.833333333333334,0.6657104589268472,0.5581395348837209,1,3.3,0.099,0.0001307787876806382,0.3264955634004389,0
16787,0.8306678444562889,101.83333333333333,0.8763806049048661,0.7045454545454546,70,3,0.04,0.01115212128888874,0.2768891668900605,1
19370,0.8271650532791334,98.25,0.8999187763903453,0.7291666666666666,38,5,0.069,0,0.805988642230253,1
22394,0.8085387651205149,6.916666666666667,0.7755670360217211,0.6111111111111112,23,3.5,0.175,0.012940507034692185,0.09091720996695543,1
4799,0.7508434742040587,11.916666666666666,0.761518980349931,0.9777777777777777,59,4.3,0.207,0,0.46806293633427115,1
27632,0.6574121717158846,16.25,0.6454855808676027,0.5957446808510638,7,4.1,0.079,0.0011270977621279604,0.3654820497973364,1
26334,0.7345575021516252,6.416666666666667,0.7754335523923301,0.9777777777777777,64,3.1,0.084,0,0.3782562466772993,1
2072,0.7367319927615779,97.16666666666667,0.8427465058705123,0.7560975609756098,47,3.7,0.156,0,0.5115830115830116,1
11354,0.7850521198514193,9.5,0.6469366351316121,0.9782608695652174,1,3.9,0.227,0.0006962190264017265,0.40373436674299806,1
11761,0.5702824556546642,6.5,0.8398718461949128,0.7209302325581395,21,3.2,0.179,0,0.4799965987840653,0
5541,0.8202457949488583,95.91666666666667,0.8745690271681079,0.625,63,3.6,0.063,0,0.4535282439992781,1
16842,0.8963422569950118,95.41666666666667,0.877894684583924,0.5609756097560976,15,2.8,0.067,0,0.699462636938515,1
9529,0.8843130937709686,6.166666666666667,0.7722662223465849,0.7045454545454546,74,4.6,0.141,0,0.5099438526525686,1
6617,0.6283937530919033,6.333333333333333,0.7394869753523245,0.9473684210526315,1,4.7,0.107,0,1.0970228200090675,1
16302,0.8013409404511459,10.083333333333334,0.6674644704342032,0.6585365853658537,16,4.1,0.095,0,0.5874125874125874,1
31328,0.8675572503119394,6.75,0.8385592983873824,0.9,20,4.4,0.109,0.10682441539664923,0,1
15553,0.7354021513847052,6.25,0.7545072981397071,0.5454545454545454,35,3.7,0.05,0,0.3344156887960135,1
5823,0.6889638080123615,97.83333333333333,0.8718687720853576,1,64,4.2,0.141,0.014712904986971078,0.3673679690854444,1
16784,0.6315489140559267,13.916666666666666,0.7336170488678416,0.7045454545454546,34,3.3,0.203,0,0.5574356530028599,0
16039,0.7650001517296956,94.75,0.8284013521665935,0.4222222222222222,21,3.7,0.026,0,0.38594631667549956,1
14348,0.8474043280748943,9.25,0.5810084340816762,0.5128205128205128,9,3.3,0,0,0.9469942498693152,0
8564,0.5768896785289538,16.916666666666668,0.7109503329619586,0.5952380952380952,37,3.3,0.121,0.010446053334239777,0.7530359645025689,0
23581,0.6038343429101594,99.41666666666667,0.8966467342282501,0.5102040816326531,30,4.1,0.077,0,0.25499342691149657,1
10391,0.5245011215462385,99.66666666666667,0.8892274571125137,0.5909090909090909,25,3.9,0.122,0,0.44964149944660986,1
17813,0.6946999934136183,6.083333333333333,0.7039700988359684,0.5526315789473685,14,3.8,0.198,0.010100486787361581,0.178689720990288,0
6729,0.8408715146571379,8.916666666666666,0.705199807559112,0.40425531914893614,2,4.6,0.126,0.035603132784523935,0,1
19057,0.8559459290522711,97.91666666666667,0.8809392423555744,0.3684210526315789,64,4.9,0.266,0,1.1113501600461773,1
6494,0.8797082344207425,11.25,0.7139743025732175,0.6,9,4.3,0.318,0.0010656927663572808,0.13689559593470896,1
3243,0.7805357709810525,96.58333333333333,0.8725283556114676,0.8444444444444444,58,3.6,0.126,0,0.6985350809560524,1
37359,0.7273674590089556,18.416666666666668,0.6877172342447309,0.717948717948718,17,4.5,0.078,0,0.8223295903208105,1
14065,0.8484001787385511,9.166666666666666,0.6555037214273378,0.6976744186046512,33,4.2,0.099,0,0.784741725621245,1
1906,0.7101434275779595,10.583333333333334,0.6927115543135771,0.9583333333333334,48,3.5,0.261,0.050464780222028376,0.1731374606505771,1
19653,0.8146856897596579,91.91666666666667,0.8506664503943416,0.8095238095238095,51,4,0.324,0,0.25452232540389264,1
25454,0.6057981740278242,16.916666666666668,0.6830785200696191,0.5909090909090909,67,3.3,0.101,0,0.9503810795945627,0
2322,0.6621122109816373,17.916666666666668,0.7387470386979792,0.5384615384615384,51,4.1,0.202,0.0024752077229145083,0.38164979539091104,0
19193,0.6019250919393151,17.583333333333332,0.7684505497572302,0.6511627906976745,19,3.5,0.092,0,0.6148756024488733,0
9794,0.5482512027071328,17.833333333333332,0.678010594823323,0.5714285714285714,52,4.8,0.174,0.002454433389099234,0.16795997549520114,0
18346,0.8311030781134936,95,0.8767177116437834,0.6818181818181818,7,4.1,0.101,0,0.4984873674743125,1
18022,0.7558479630750732,6.166666666666667,0.7537720654285325,0.7333333333333333,12,3.9,0.24,0.007753675545667099,0.20708023526800576,1
3898,0.7068299030519698,97.25,0.8679070078203683,0.9,25,4.1,0.148,0,1.0991661321359847,1
11355,0.8273921188397803,6.333333333333333,0.7394869753523245,1,29,5,0.025,0,0.6024658740642889,1
10093,0.8031040769698619,7.166666666666667,0.780605089952172,0.6923076923076923,1,3.9,0.145,0,0.45714851877538887,0
12641,0.8042890303011516,10.166666666666666,0.611022605976896,0.36585365853658536,52,3.6,0.131,0,0.8739369486966496,0
23196,0.5574773342227869,19.333333333333332,0.7645430985560748,0.6585365853658537,11,3.8,0.078,0.006383815762504225,0.5623504559073959,1
17468,0.7636124064782818,10.833333333333334,0.6488396242918977,0.525,57,4.8,0.16,0,0.5794189208530127,0
19879,0.8799799056664817,101.16666666666667,0.8900892665296809,0.8421052631578947,22,3.4,0,0.0022539021945796925,0.26430565686545765,1
3070,0.9033026008856637,10.666666666666666,0.7231242945832914,0.85,26,3.3,0.316,0.01321977580956156,0,1
7898,0.771950297368347,10.416666666666666,0.7003468671947513,0.6956521739130435,28,3.4,0.171,0,1.0056346945235835,0
12685,0.6900742932169015,20.75,0.7870728330632681,0.8409090909090909,58,4,0.101,0.0039053414727045223,0.22026883203910283,1
5465,0.7562171078630655,9.666666666666666,0.7003767724658143,0.6818181818181818,53,4.2,0.138,0,0.9402507091225181,0
5200,0.6463088752185848,18.25,0.7082266813407132,0.631578947368421,28,3.8,0.191,0,0.6140975093759016,0
13695,0.8499058753483368,9.583333333333334,0.7004098577921354,0.9024390243902439,11,3.5,0.232,0,1.0427893391748813,0
7161,0.7273674316873628,97.08333333333333,0.8811011614137307,0.9565217391304348,40,4.1,0.087,0.10004789922698332,0,1
9088,0.7149594753576136,11.416666666666666,0.679247116164674,0.813953488372093,76,3.4,0.187,0,0.6038732394366197,1
1944,0.8724914224526096,99.25,0.8427692285832956,0.6341463414634146,56,3.3,0,0,0.4933127572016461,1
14647,0.7812728389632015,7.083333333333333,0.8049044240967411,0.5945945945945946,52,4.8,0.077,0,0.6302997200791971,1
2059,0.835246227164528,9.75,0.7035530735722286,0.36585365853658536,12,3.9,0.211,0,0.9414622297789653,0
11399,0.84936447190832,6,0.7958758547680685,0.8372093023255814,56,3.8,0.211,0.0002286732139418448,0.1779980700061409,1
16000,0.7265588409718258,11.916666666666666,0.706376968178783,0.7906976744186046,1,4.3,0.102,0.03671663469850235,0.1195,1
2278,0.9259629339880182,101,0.852478570042066,0.6190476190476191,5,5,0.165,0,0.6537870472008781,1
12291,0.7523350881625133,12.833333333333334,0.739935267603886,0.6666666666666666,28,4.1,0.209,0.04544321548019095,0.13871938817020585,1
16653,0.7814660027428549,10,0.6464466094067263,0.6818181818181818,20,5,0.133,0,0.7108028583438419,1
8773,0.8783675733817369,10.833333333333334,0.6632912518732418,0.7333333333333333,43,4.8,0.214,0,0.6125612675253619,1
2035,0.9454219852464931,103.41666666666667,0.8891531864574752,0.6363636363636364,37,3.9,0.114,0,0.40304743180142544,1
15562,0.784198435349882,10.75,0.7420805463625717,0.5555555555555556,44,4.3,0.107,0.07994098794492428,0,1
6683,0.5747455329593114,6.333333333333333,0.8139192681088032,0.75,53,3.7,0.164,0,0.8770013467005836,0
32341,0.8976002445096084,11.083333333333334,0.7543987523148711,0.7619047619047619,102,3.9,0.102,0.013233260325585935,0,1
17922,0.8377653615917756,11.833333333333334,0.6956312283806436,0.44680851063829785,42,4.4,0.158,0.09737199046687565,0.05557570515860837,1
5429,0.8049539596506341,6.25,0.7459658815565646,0.7391304347826086,38,4,0.016,0,0.6456663903472414,1
16494,0.7239475452640528,11.666666666666666,0.6824841318443875,0.9534883720930233,48,3.3,0.265,0,0.6077545699821142,0
16731,0.7640888362735626,10.583333333333334,0.7802317206779077,0.7441860465116279,12,4.1,0.115,0.08647010913987148,0,1
13167,0.6913120124415788,19.25,0.7436366706581311,0.41304347826086957,75,4.7,0.16,0.12505366303643908,0.08399787347155768,1
23121,0.6495641008765668,16.916666666666668,0.7498332231409928,0.6444444444444445,41,4.9,0.18,0.08776348954821987,0.2515516532946952,1
15673,0.7742534603478468,97.91666666666667,0.8513315476068138,0.3877551020408163,20,4.3,0.044,0,0.4537884830116446,1
17523,0.7185514084889182,6.083333333333333,0.7195960343772778,0.75,44,4.2,0.061,0,0.5384505635611356,1
14245,0.7092094002233309,11.166666666666666,0.7445187646474076,0.6,54,3.6,0.047,0,0.38323563480641654,1
14856,0.7101396512461059,7,0.7897199793731465,0.975609756097561,63,3.4,0,0,0.848238026320218,1
3466,0.670416137502977,96.41666666666667,0.8730119697386831,0.7560975609756098,17,3.9,0,0.006810911444943211,0.4328379743182802,1
12210,0.8785541828262642,6.833333333333333,0.7944841518737473,0.975609756097561,37,3,0.248,0.14934224305156849,0,1
7406,0.6652146479182671,6.583333333333333,0.7725037879036528,0.95,1,3.5,0,0,0.8670582675038823,1
26099,0.8612461611759079,10,0.7201190729375556,1,67,4.6,0.14,0,0.4064140388520633,1
18836,0.6225914466809329,17.416666666666668,0.7343312476191055,0.6363636363636364,16,4.1,0.282,0.06753395544950797,0.11228498619664472,1
28222,0.5356341774362863,17.416666666666668,0.7733955935652705,0.75,27,4.1,0.138,0.06849780286857847,0.2068598965346184,1
5699,0.7823908329309694,7.333333333333333,0.7892359432841886,0.6666666666666666,42,4.3,0.145,0,0.8743639234953501,1
8657,0.8355485878074284,10.083333333333334,0.630124892552062,0.7142857142857143,37,5,0.088,0,0.405129093744585,1
9071,0.8241659705042199,6.166666666666667,0.7283817399697057,0.37254901960784315,26,3.2,0,0,0.6561931536298992,1
15168,0.8472084593968705,97.16666666666667,0.8477079584934842,0.7021276595744681,19,3.7,0.131,0.00001274274937560528,0.33261908686335917,1
12319,0.674130857395153,16,0.6702668376803247,1,42,3.4,0.2,0,0.2749523075049722,1
1427,0.6410772597668113,97.75,0.8765912877713052,0.8536585365853658,48,4.5,0.199,0,1.0560616678346182,1
13297,0.7588314822126991,11.75,0.7666030826680237,0.52,44,2.7,0,0.006807896902201935,0.18094306986538317,1
6813,0.9011441459416601,10.5,0.6689420061172348,0.6097560975609756,25,3.9,0.164,0,0.7759266055045871,0
9175,0.6407103594323675,10.916666666666666,0.6708692956135862,0.46511627906976744,51,3.9,0.023,0.10058907100098995,0,1
7507,0.8092872832327432,96.75,0.8873965965400469,0.8409090909090909,1,3,0.178,0,0.44161726503696797,1
3987,0.8959979230306654,10.166666666666666,0.5791640113772644,0.8222222222222222,1,3.4,0.047,0,0.5809607425059576,0
4242,0.7082886701250675,105,0.912712843905603,0.725,27,3.7,0.104,0,0.7794412354120005,1
14029,0.6634065034491075,96,0.8446786857892705,0.725,29,4.3,0.129,0.0054099042863087815,0.4972734077057419,1
16567,0.6305343039796849,16.25,0.668486228535508,1,45,3.7,0.171,0.09773066883866215,0.1382911296894335,1
16749,0.8508540545617969,10.5,0.6926203693486177,0.7906976744186046,7,4.6,0.081,0,0.8521957190196137,1
19998,0.7668122964128791,9.583333333333334,0.6250771976119983,0.9047619047619048,14,3.3,0.119,0,0.5294161770221277,1
29736,0.8163435690517155,104.33333333333333,0.8852950602490974,0.18604651162790697,1,4.5,0.099,0,0.7451910142588108,1
18262,0.8198769541175746,11.25,0.6875689376449905,0.9444444444444444,98,3.4,0.09,0,0.44327017851275874,1
17148,0.6393630252510678,17.166666666666668,0.6758095561735147,0.5476190476190477,64,3.8,0.149,0.020835272269985463,0.0741777466759972,1
13271,0.6597826845440979,18.5,0.7638677041066458,0.7142857142857143,44,4.4,0.206,0.022056311308473613,0,1
10304,0.8594457013522407,9.916666666666666,0.6852383058768396,0.9375,52,4.1,0.059,0,0.5327057453416149,1
9904,0.9195664625502618,6.5,0.7692307692307692,0.6190476190476191,30,4.2,0.292,0,0.6174584742767708,1
5601,0.81566753855699,90.5,0.8731686156547072,0.8666666666666667,29,4.8,0.086,0,0.5108472457816267,1
9893,0.39864351539103493,16.416666666666668,0.7316357383170293,0.975609756097561,13,4.9,0.106,0.05426877714702116,0,1
9280,0.7669738778263115,105.08333333333333,0.9359908406606754,0.6304347826086957,40,3.6,0.098,0,1.0233309984374157,1
18965,0.7732769791126417,11,0.6829022797506614,0.7333333333333333,39,4.1,0.047,0.09890088212317293,0,1
8337,0.5540614913508217,105.83333333333333,0.9181859829426108,0.6222222222222222,70,3.7,0.269,0,0.6897378995981527,1
11957,0.7578256100351312,11.166666666666666,0.7102016740455582,0.7906976744186046,27,5,0.134,0.003954355202577714,0.16868779794262775,1
10611,0.6625273191938235,94.41666666666667,0.8869601083449332,0.7142857142857143,25,5,0.05,0,0.8978418622184525,1
12605,0.6737478339420673,18,0.7297311200124736,0.6170212765957447,1,3.9,0.172,0.07200269753337336,0,1
4525,0.7166519412936374,6.416666666666667,0.784634753873026,0.6744186046511628,28,4.2,0.196,0,0.6901657458563536,0
8480,0.5903438284537328,15.333333333333334,0.7267433676092059,0.8571428571428571,15,2.8,0.082,0,0.443186508638481,1
14688,0.6526765300281937,17.166666666666668,0.7875138968132108,0.4222222222222222,27,5,0.128,0,0.34648510638297875,1
9613,0.653721588376219,10,0.6280681065929767,0.723404255319149,1,4.5,0.311,0,0.43557867360208063,0
12102,0.8702509669911982,10.333333333333334,0.6905915146249859,0.9047619047619048,14,3.8,0.243,0.003164702368644749,0.3856387373987771,1
27381,0.8789649405855486,6.333333333333333,0.7559574080132709,0.5263157894736842,34,4.2,0.044,0,0.7799569044227749,1
6198,0.7181732802189869,6.416666666666667,0.7580787531143227,0.7435897435897436,28,5,0.16,0,0.7348124243646632,1
14629,0.7651804260839937,101,0.8862462842269697,0.45652173913043476,1,3.7,0.166,0.00015476250230052368,0.20302833509929247,1
11027,0.814372957342832,6.083333333333333,0.7277451107623042,0.6304347826086957,15,4.3,0.223,0.0012300246892589207,0.23198657778986986,0
1991,0.8746389325551615,10.333333333333334,0.7339931854440219,0.7674418604651163,32,4,0.117,0,0.6827430293896006,1
24410,0.630011779170218,18.333333333333332,0.7883555140577669,0.8260869565217391,13,4.3,0.091,0,0.646715418177349,1
17850,0.8247849901716966,99.58333333333333,0.8780795927498936,0.4186046511627907,28,4.9,0.224,0,0.8624649859943978,1
22314,0.706982742007326,9.25,0.7135475117912676,0.8421052631578947,37,4.2,0.251,0,0.6098413552030115,1
13090,0.7675845453346645,99.25,0.8676602657525039,0.9782608695652174,23,4,0.216,0.02812233654565763,0.13445891745292027,1
21644,0.7137295432596262,104.08333333333333,0.8903531660705556,0.7142857142857143,33,4.8,0.076,0,0.47883940121973756,1
16342,0.7471183215461603,6.583333333333333,0.7484226972866861,0.5952380952380952,22,3.1,0,0,0.5868494324266438,1
22400,0.5647989308847654,16.666666666666668,0.743875030502686,0.9743589743589743,27,4.2,0.146,0,0.18316964285714285,1
7973,0.6224286975056608,100.58333333333333,0.877934584706757,0.7380952380952381,50,3.9,0.027,0,0.46948886798369394,1
8216,0.9307603396071595,92.91666666666667,0.8445685312984272,0.9767441860465116,13,3.7,0.092,0.037407269480754235,0.15591528724440118,1
21121,0.9435955448726537,107.58333333333333,0.9234954271652153,0.7027027027027027,14,3.7,0,0,0.3442071871596989,1
26100,0.5866722406588694,99.75,0.8883562493167563,0.8478260869565217,36,3.3,0.189,0,1.3613287610873772,0
7811,0.4929946815066676,10.5,0.6447138208635017,0.9787234042553191,51,3.7,0.075,0,1.1255921136858278,0
16347,0.6519989848144028,21.833333333333332,0.8805154515839807,0.5714285714285714,1,4,0.085,0,0.7047991924876885,1
8964,0.803387330662784,10.416666666666666,0.6952640487241455,0.6511627906976745,57,3.8,0.129,0.006285607096927842,0.4002677376171352,1
16060,0.5792063188343641,17.833333333333332,0.6879288251016076,0.6190476190476191,52,4.2,0,0.0589257669185887,0.07235367372353674,1
16499,0.5453442842378229,18.583333333333332,0.751981043784308,0.8205128205128205,32,3.3,0.054,0,0.5645967815255932,1
11254,0.8046910463646262,11,0.783593077922944,0.5238095238095238,40,3.8,0.08,0.008488734731821544,0.2729696108050471,1
8004,0.7822046108259755,11.666666666666666,0.7468564979047235,0.673469387755102,9,3.5,0.241,0,0.5764977822202786,0
10457,0.8316728433407459,6.083333333333333,0.7728339184688082,0.9459459459459459,27,3.2,0.015,0.0013761729557057699,0.2173663574638998,1
6801,0.6927014505015143,92.58333333333333,0.861716760742202,0.9761904761904762,56,5,0.195,0,0.7662671862363062,1
16621,0.6697609137499532,100.16666666666667,0.8865497907904774,0.85,45,4.2,0.002,0.010564664807670729,0.3803621924071957,1
9327,0.5086028554333054,17.666666666666668,0.7444109965255836,0.6585365853658537,35,4.1,0.066,0,0.5390017691524152,0
12133,0.6469970894788049,18.166666666666668,0.7323678505355079,1,37,4,0.081,0.01541040597522793,0.731011745312178,1
23501,0.7282923157666978,11.75,0.7217724078591059,0.9534883720930233,12,4.2,0,0,0.23101144632143314,1
21813,0.4404423769178666,17.083333333333332,0.7058977503417978,1,33,3.8,0.122,0.0014080693203357704,0.5316095906111035,0
12697,0.8499456038530617,10.75,0.7338250432032651,0.7297297297297297,61,3.4,0.042,0,0.6174142480211082,1
5649,0.7645238906627694,6.583333333333333,0.7725037879036528,1,31,4.2,0.135,0,0.9025404974772063,1
19879,0.8918602975431251,6.083333333333333,0.7631285415645126,0.6486486486486487,24,3.8,0.249,0.033470267542162625,0.2799436591377836,1
28122,0.8147387049246994,97.16666666666667,0.8960741374977625,0.5510204081632653,51,3.8,0.189,0,0.6959675698741199,1
5420,0.8077153680120497,6.166666666666667,0.782101141937877,0.9736842105263158,30,4.6,0.096,0,0.15055350553505534,1
15550,0.5201450066432188,95.5,0.8874244089153918,0.3488372093023256,1,3.2,0.149,0,0.8604501607717042,0
1959,0.7614621572420206,6.416666666666667,0.7498524638408023,0.8888888888888888,1,4.5,0.01,0.018693137222609,0.1899412815930559,1
10770,0.8039502017947053,6.583333333333333,0.7264533824686796,0.5333333333333333,1,4.1,0.089,0.07370049741327213,0.251265146942755,1
11780,0.7975430089362574,7,0.7979694910895578,0.9148936170212766,52,4.7,0.043,0.024164223498216494,0,1
21356,0.7039383100637345,103.58333333333333,0.8897534259932376,1,42,4,0.072,0,0.47847158811547374,1
17384,0.8619091808708158,94.83333333333333,0.8736209744228696,0.38636363636363635,29,3.9,0.194,0,0.6956396686608376,1
20389,0.6518270714601091,89.41666666666667,0.852445839844448,0.6666666666666666,1,3.2,0.128,0,0.4917968462613728,1
7302,0.7293142263845194,103.16666666666667,0.8615649330475993,0.5813953488372093,24,3.8,0.128,0,0.19843878389482333,1
10116,0.7155824802309969,17.916666666666668,0.6847142822310266,0.6818181818181818,34,3.6,0.019,0.03245412638795265,0,1
10939,0.6383659851577751,11.25,0.7644723985839312,0.9761904761904762,37,4.3,0.241,0,0.7379102294542462,0
23434,0.6034863821393239,98.25,0.8912381156582061,0.6304347826086957,54,4.1,0.039,0.07653075310463046,0,1
8209,0.8150704276438632,96.16666666666667,0.8696481268875302,0.7872340425531915,34,4.8,0.116,0.06982958527991823,0.17518426021806663,1
6702,0.7369982170766967,10.083333333333334,0.6257192768851487,0.8163265306122449,85,3.9,0.136,0.023709481661899092,0.072670297694546,1
3155,0.7272938879253308,5.75,0.8104826546286663,0.6923076923076923,30,3.4,0.005,0,0.2507528926929783,1
21056,0.7707404173722079,94.33333333333333,0.8871192025090934,0.8888888888888888,36,4.2,0,0.0004802900653777731,0.5399539312768635,1
22434,0.8046614388171929,10.666666666666666,0.7257823628939961,0.6,8,3.6,0.185,0.005344687965280921,0.3828203356587247,0
13082,0.6937105535171335,17.916666666666668,0.7499161849531151,0.5555555555555556,33,4,0.023,0.0013349275043046417,0.45499369338378626,1
14574,0.6890637116788955,18,0.6873714256271457,0.5106382978723404,44,4.3,0.01,0,0.35139122379661714,1
20032,0.6973112303713647,6.083333333333333,0.7538054691012133,0.6818181818181818,19,3.7,0.119,0.03473595981934177,0.22234979906647032,1
35248,0.6569973332529879,19.583333333333332,0.7869363784319992,0.7804878048780488,1,4.2,0.151,0,1.2992978225406058,0
17926,0.7007194495036866,18,0.7297311200124736,0.5555555555555556,10,4.9,0.207,0,0.7469247719728878,0
8763,0.6005126725056744,6.416666666666667,0.7754335523923301,0.9090909090909091,29,4.5,0.012,0.010870711659387529,0,1
14262,0.9055581881319986,6.5,0.7608364345361842,0.5609756097560976,1,4,0.026,0.015599744682187678,0.17571168139110924,1
4499,0.6163021712955323,11.5,0.7427791398652341,0.37777777777777777,21,3.6,0.132,0.0009708737864077671,0.6726686673335557,0
9498,0.7819273696452885,7,0.7979694910895578,0.5121951219512195,37,3.7,0.12,0,0.8264280073703606,1
13222,0.8841976489166065,6.416666666666667,0.7580787531143227,0.4523809523809524,1,3.9,0.194,0,0.8880653456360611,1
6282,0.7428116892538914,6.5,0.8064145016597244,0.775,47,4.1,0.078,0,0.4045212130860463,1
14538,0.581811695801401,19.166666666666668,0.7668332577775318,1,38,4.1,0.166,0.07721639648880836,0.010111779879621668,1
20946,0.8615070339664708,9.75,0.5646056195914521,0.5365853658536586,21,4.4,0.167,0.009338698414183185,0.1583118495178077,1
13930,0.6727376546705937,16,0.75261787318671,0.9767441860465116,23,4.1,0.179,0,0.9916726489590811,1
8478,0.8330727275990856,11.5,0.6234672157458963,0.425531914893617,59,3.7,0.157,0,0.15594219994102035,0
9284,0.7377610134872594,7.333333333333333,0.7552197814938861,0.8048780487804879,100,3.8,0.056,0,0.5325290822921155,1
16038,0.874865058982641,97,0.8645987058086216,0.9782608695652174,71,3.3,0.06,0,0.4606559421374236,1
14133,0.6036302238927918,9,0.54866453307578,0.8421052631578947,38,4,0.034,0.09780953644224255,0.2269157291445553,1
17271,0.6662363089796925,10.083333333333334,0.7658078129701693,0.5957446808510638,23,3.6,0.133,0,0.5996178565224943,0
21636,0.855874574986667,10.833333333333334,0.7476735466637427,0.7,50,4,0.095,0,0.28850064706969863,1
20205,0.4732067165992838,19.833333333333332,0.7964026648809124,0.6153846153846154,8,4.3,0.129,0.03248923306613705,0,1
13327,0.834265391306018,99.25,0.8737451345181947,0.65,1,4.2,0.011,0,0.5650395827861779,1
1943,0.7815452964963276,8.916666666666666,0.655978274405496,0.5217391304347826,47,4.5,0.13,0,0.8025740025740026,0
15381,0.6230948095267428,6.833333333333333,0.7859764783562897,0.9523809523809523,17,3,0.106,0.07085001448365272,0,1
15398,0.7618842544537258,93.41666666666667,0.863718937948402,0.5476190476190477,15,4,0.144,0.05799041442905283,0.11696704010391297,1
14853,0.7158037920411251,6.083333333333333,0.7448227943808609,0.9090909090909091,35,4.8,0.06,0,1.2344307547296842,1
26672,0.6154750884119367,100.08333333333333,0.8572053658231389,0.3111111111111111,2,4.9,0.182,0,0.3690456104830999,1
1851,0.7749279753346777,9.5,0.7133309712566984,0.7894736842105263,1,3.5,0.03,0,0.46149689273169414,1
13641,0.7927659632696592,10.5,0.7377347358435189,0.6190476190476191,20,3.7,0.086,0,1.0232029617682636,1
15435,0.8286237450778843,104.75,0.8753378273756895,0.8837209302325582,29,3.8,0.326,0.1920246551083361,0.1009426933169199,1
27405,0.7565603597493873,7.333333333333333,0.8392939133666938,0.9047619047619048,1,3.4,0.128,0.12682673761475935,0.04623243933588761,1
30369,0.6296230240078111,11.75,0.7589695678302634,0.8,17,4.3,0.073,0,0.8399822184171098,1
25505,0.5938439147705052,16.416666666666668,0.7714608287413112,0.7045454545454546,20,3.5,0.036,0.0006779122173807342,1.107137956046972,0
1929,0.5128211184487406,17.666666666666668,0.7433684809672558,1,35,3.6,0.253,0,1.0329271454498314,0
18378,0.6725620498493614,10.916666666666666,0.6624780004666543,0.8372093023255814,72,4,0.058,0,0.7380220378179839,1
18130,0.8890644928842366,9.833333333333334,0.6925702178437787,0.2926829268292683,86,3.7,0.065,0.015789281817340423,0.03668054827766899,1
3457,0.854232257870086,6.916666666666667,0.791667271496499,0.6590909090909091,1,3.3,0.1,0.0030843112556667544,0.1987559670186605,1
27685,0.604939397946404,9.916666666666666,0.6062955705841184,0.6052631578947368,1,3.6,0.236,0,0.8090086510502267,0
5844,0.7764608236430686,91.41666666666667,0.8472815984694816,0.9069767441860465,1,4.1,0.068,0,1.1770343116283049,1
28584,0.7117446020121267,7.583333333333333,0.8998853452841286,0.2916666666666667,26,4.6,0.054,0,0.7578365519171565,1
30157,0.7324222428102971,8.916666666666666,0.6049259553673224,0.5945945945945946,37,3.2,0.119,0,0.8549258878535664,0
2090,0.683406065871333,19.75,0.8293876234670403,0.6956521739130435,19,3.6,0.219,0.02162924647131388,0.2517348648001914,1
6812,0.6618900570756323,6.583333333333333,0.8424063342026743,0.7272727272727273,30,2.9,0.124,0,0.5078176613080819,0
9645,0.6835714535183595,6.666666666666667,0.7307417596432748,0.5128205128205128,46,4.3,0.22,0,0.6945927730831044,0
7991,0.7679842674056732,98.5,0.868640007538298,0.9024390243902439,2,4.1,0.184,0,0.3594268193479757,1
15581,0.9274556800867397,96.75,0.8835870232229209,0.48717948717948717,1,3.9,0.268,0,0.4608176625377062,1
17707,0.6886769963584711,10.833333333333334,0.6529072562252776,0.45454545454545453,45,5,0,0,0.5299034280228159,1
21945,0.8638792641197355,6.333333333333333,0.803070663854003,0.926829268292683,19,4,0.252,0,0.47482342219184326,1
16492,0.6504713122586115,17.666666666666668,0.6940136841466631,0.5555555555555556,1,3.8,0.022,0,0.6858684777006336,0
19927,0.7157562328663606,10.75,0.7448917415208631,0.6222222222222222,50,4.1,0.02,0.07342518166050292,0,1
31351,0.8735098783877561,91.75,0.8721086462920835,1,25,4.7,0.059,0,0.515422155593123,1
4260,0.8937947621375119,10.666666666666666,0.6722472349468276,0.7560975609756098,35,4,0,0.020998225357170625,0.1948585514731776,1
8975,0.7503653142764737,90.75,0.8473040418917643,0.7555555555555555,46,3.4,0.051,0,0.5518662952646239,1
10165,0.7870378632487174,6.833333333333333,0.762273308663196,0.5531914893617021,1,4.3,0.174,0,0.5107722577471717,1
6353,0.8599443054324768,96.5,0.858450248776077,0.5952380952380952,58,4.4,0.183,0,0.7255411255411255,1
1736,0.6936499328398917,11.25,0.7004804945310262,0.5238095238095238,4,4,0.126,0,0.4909248055315471,0
15764,0.7653841158074818,10.5,0.7000881963858543,0.813953488372093,60,3.2,0,0,0.4501538363942018,1
19256,0.7944188687107048,6.25,0.8521261799145411,0.8536585365853658,1,4,0.224,0.04840913806867255,0.18836176676793642,1
25651,0.7845763495917212,103.33333333333333,0.8986306041130925,0.851063829787234,36,4.1,0.156,0.0818011489437128,0,1
10318,0.8598660187228071,6.166666666666667,0.6836567591697398,0.5,31,3.4,0.133,0,0.669606512890095,0
22734,0.5801446935093972,17.583333333333332,0.8270953900762588,0.6521739130434783,7,4.3,0.173,0.15170712160470382,0,1
8659,0.673414590465834,11.75,0.829344547297646,0.6511627906976745,41,3.5,0.272,0,0.6459175424413904,0
16675,0.672962315953215,100.16666666666667,0.864038415846312,0.5365853658536586,22,5,0.057,0,0.7451497796035863,1
9998,0.9324057609439411,6.083333333333333,0.7361457495307093,0.7727272727272727,46,5,0.079,0.013924009642608384,0.32456491298259654,1
26685,0.5088574719155647,16.5,0.6974751690530921,0.6944444444444444,60,3.5,0,0,0.7428517893947911,1
23011,0.6138405702857519,20.333333333333332,0.7434020353688766,0.6818181818181818,1,4,0.287,0.09293651491334763,0,1
6606,0.790589818990312,10.666666666666666,0.6813112804004509,0.4090909090909091,41,4,0.194,0,0.24646128226477934,0
11751,0.6946989113349985,9.083333333333334,0.6476538647766694,0.8095238095238095,6,4.7,0.116,0,0.638185609123016,1
13059,0.7269896359714239,99.83333333333333,0.8676283727215696,0.6829268292682927,54,4.2,0.301,0,1.1904123750813647,1
3690,0.644285099381667,18.166666666666668,0.8043052384614537,0.7692307692307693,1,4.3,0.197,0,0.7663956639566396,0
19570,0.684710651846338,18.25,0.7610253130935247,0.6222222222222222,45,4.6,0.124,0,0.4341338783852836,1
7783,0.6105694087226425,17.166666666666668,0.7835582834018645,0.3333333333333333,1,4.1,0,0,0.6470928364921298,0
30063,0.7645915164883733,97.5,0.8733772871166994,0.7272727272727273,1,4.3,0,0,0.17130692213019327,1
4333,0.8990574881612274,6.916666666666667,0.791667271496499,0.7209302325581395,78,4.4,0.093,0,0.4396492037849065,1
21381,0.9110357470420481,6.083333333333333,0.7728339184688082,0.5333333333333333,53,3.7,0,0,0.8877975772882466,1
15308,0.9198246853470223,100.08333333333333,0.8791008640642066,0.7948717948717948,51,4.7,0.088,0,0.5378409276498448,1
7852,0.44372465524509286,19.666666666666668,0.7900082763836633,0.4186046511627907,33,4.1,0.315,0.019968629249354223,0.30465516143412086,0
21630,0.740950435120323,10,0.7763932022500211,0.9318181818181818,27,3.8,0.142,0,0.5695330559408229,1
14836,0.6861922233097395,19.583333333333332,0.7664996609647838,0.7674418604651163,15,3.4,0.034,0,1.14360823699909,1
23155,0.8756232810010531,11.5,0.7216032940246588,0.6666666666666666,19,2.9,0.136,0,1.1132800690995466,0
1760,0.7957922846698471,9.833333333333334,0.5728948078524017,1,1,2.9,0.139,0.0056748131276103545,0.3397727272727273,0
1772,0.6946977444839482,16.083333333333332,0.705664819964274,1,5,4,0.116,0.10116957486216582,0.03216704288939052,1
18364,0.8719877105346127,97.83333333333333,0.881690251890837,0.4782608695652174,2,3.4,0.142,0.046446799644355045,0,1
2073,0.6299628685735378,18,0.7016851167854257,0.6,40,4.2,0.046,0.08926695028808009,0,1
18300,0.7814025863855991,9.916666666666666,0.6568999048303596,0.9024390243902439,50,3.9,0.038,0,0.1660701112052242,1
21741,0.6039245170153733,17,0.7684115331172997,0.6341463414634146,22,4.5,0.025,0.04257942018229268,0,1
9783,0.716858142079334,12.416666666666666,0.7319634154669012,0.8,62,3.9,0,0,1.189164324048045,1
5749,0.7989543991123389,8.583333333333334,0.5868364498844036,0.7,45,3.3,0.188,0,0.5738888405671044,0
5941,0.9015458882693554,6.75,0.7982699427361952,0.6818181818181818,71,4.5,0.083,0.01820821042846731,0,1
22088,0.890751393157631,95.91666666666667,0.8793542640516837,0.7441860465116279,33,4,0.343,0.12267190349641138,0.0509779065555958,1
21695,0.6429790714781004,17.583333333333332,0.700445438994114,0.4634146341463415,45,3.8,0,0,0.363862641161558,1
13778,0.9119236582795678,11.083333333333334,0.7042712715895167,0.5952380952380952,43,4.2,0.222,0.06849112023894786,0,1
31373,0.5449029126786757,17.416666666666668,0.7674129262634137,0.5909090909090909,54,3.2,0.152,0.01731792852663436,0.5194358116184556,0
29836,0.8299862002697954,9,0.6857303194726455,0.5,14,4.5,0.134,0,0.7855407149201454,1
29698,0.7253403992219503,11.333333333333334,0.7044154229082091,0.6923076923076923,88,3.9,0.145,0,0.9420995033251958,1
18811,0.6559368705983439,16.333333333333332,0.7534072250286822,0.7317073170731707,33,3.6,0.127,0,0.7261708574770082,0
17768,0.6892517306435858,16,0.702440482144048,0.6956521739130435,8,3.5,0.125,0.045868644194696356,0.15410158998170817,1
21647,0.942417724844717,6.583333333333333,0.7725037879036528,0.7142857142857143,15,4.3,0.158,0,0.8101078696325041,1
7222,0.8301471245515353,103.25,0.8645726253487451,0.6578947368421053,1,4.1,0.195,0,0.4245361395735253,1
10282,0.6976940898980041,103.33333333333333,0.8858821099915566,0.975609756097561,1,4.4,0.062,0,1.0423576326411517,1
13292,0.8955215074245303,98.33333333333333,0.8465937830646134,0.5609756097560976,9,4.3,0.016,0,0.8490069214565152,1
2022,0.3788549141420161,17.5,0.6738182135325008,0.8043478260869565,1,3.5,0.031,0.06411249197425899,0,0
11871,0.6377348666194498,9.25,0.5695427994450346,0.6,11,3.7,0.044,0,0.697611726549008,0
9332,0.8018787639165293,10.416666666666666,0.7029208859579658,0.975,26,3.5,0.081,0.12575719630747362,0.16203182768043722,1
16568,0.8448848110802425,9.75,0.6518733016339093,1,2,4,0.104,0,0.520219700627716,1
1858,0.7517066799463774,6.333333333333333,0.7646244234210747,0.6363636363636364,2,4.6,0.204,0.005309156984092354,0.34670255720053833,1
11983,0.8324179814179293,7,0.8695898672606748,0.40540540540540543,1,3.9,0.137,0,0.49269798881749144,1
15877,0.8730582291528014,99.41666666666667,0.8530573381967562,0.627906976744186,8,3.1,0.114,0.00010909544292749829,0.28400466097691557,1
20641,0.6571411423761833,6.25,0.73770245902792,0.9142857142857143,67,3.8,0.072,0,0.5512947845255687,1
20720,0.8130469411944536,6.833333333333333,0.8033595671146695,0.8205128205128205,47,3.7,0.27,0.014612960820333093,0.23378378378378378,1
16952,0.5632804328601744,20.5,0.8126549817593023,0.7,31,3.1,0.08,0,0.4091552619159981,1
21241,0.5056939217710799,17.916666666666668,0.7318815434170728,1,18,3.4,0.208,0,1.0787156913516314,0
13830,0.8777168903536098,91.25,0.8396772505241393,0.9090909090909091,51,4.1,0.167,0.0005776559239908265,0.5257411424439624,1
20816,0.719567252512232,18.833333333333332,0.7364376528878684,0.782608695652174,28,3,0.009,0,1.1518820110014172,1
13949,0.6231619618820528,18.583333333333332,0.7323279357681903,1,12,4.4,0.273,0.0890678505715604,0.04165322436104241,1
22688,0.7546216446377093,97.75,0.8567090043188599,0.475,21,3.9,0.119,0.018373930970446536,0.23153719008264462,1
20133,0.7935284212689839,98.5,0.8463401105501512,1,1,3,0.136,0,0.7782938035514715,1
13038,0.8462305005106682,95.25,0.8796747029735544,0.5238095238095238,38,3.6,0.228,0.04647619095079169,0.034132310642377754,1
16086,0.8264849712729543,101.58333333333333,0.8782043872418493,0.6976744186046512,34,4,0.119,0,0.5818283547294147,1
25418,0.6524395531373854,18,0.7996915958075561,0.8444444444444444,38,4.1,0.225,0,0.44539302856243607,1
17475,0.7899374959788495,10.416666666666666,0.7357576869613801,0.4883720930232558,51,3.4,0.104,0.15766107036166593,0.15622317596566523,1
16177,0.7662658972498269,6,0.7848342585440324,0.42857142857142855,13,4.2,0.083,0.052097106587897186,0.19688446559930767,1
10151,0.7310953906405918,104.08333333333333,0.8916233175847186,0.6585365853658537,1,3.8,0.135,0.004245732435139526,0.13398354760849218,1
1803,0.7179387608031778,6.75,0.7893984924786175,0.975609756097561,15,3,0,0.18672812631129654,0,1
11506,0.8146822510758329,6.833333333333333,0.7699028992181316,0.6190476190476191,3,4.5,0.1,0.0014595551006872942,0.46212680891747426,1
11405,0.6491035748822314,18.083333333333332,0.7900821755957534,0.85,28,3.9,0.056,0.00030722315779891675,0.7669443226654976,1
11134,0.8270533740752276,94.5,0.8590498964757025,0.6818181818181818,62,3.7,0,0,0.890286073561773,1
21040,0.7738638214356145,6.666666666666667,0.8232233047033631,0.5909090909090909,3,4.1,0.064,0.00034800425425425427,0.217680608365019,1
38115,0.5349105518137784,15.333333333333334,0.6868508632415666,1,21,3.4,0.205,0.008145947361974425,0.47454380878668223,1
5868,0.8128555005718829,90.41666666666667,0.898186921936384,0.7352941176470589,1,4,0.037,0,0.4285957736877982,1
18029,0.7040357199480662,9.75,0.7626761815911997,0.7954545454545454,49,3.6,0.23,0,0.8512396694214877,0
8813,0.6228229757903714,20.5,0.7760166290413673,0.6666666666666666,70,4.1,0.075,0.0021274840065868,0.1938046068308181,1
2136,0.9202386440803101,102.41666666666667,0.8593245414749131,0.5526315789473685,37,4.1,0.264,0.0014585764294049008,0.47752808988764045,1
10426,0.8054266296299099,6.333333333333333,0.7559574080132709,0.5348837209302325,2,4.3,0.159,0,1.084360462327946,0
9962,0.7151944991951783,18.5,0.757759825950473,0.6190476190476191,43,3,0.11,0,0.30556113230275045,1
20637,0.7719575765996309,96.91666666666667,0.8501523863324991,0.7551020408163265,52,5,0.132,0.04392205948619652,0.3982652517323254,1
20966,0.830457041236865,6.75,0.8385592983873824,1,70,3.6,0.215,0,0.5883811885910522,1
15358,0.870903803822596,6.833333333333333,0.747705355297839,0.5227272727272727,9,3.4,0,0.00343812089544158,0.06485430571382061,1
24794,0.6357410393764855,10.416666666666666,0.6805003912365463,0.6666666666666666,26,4.7,0.223,0,0.410631818823482,1
1945,0.5409967998238465,18.083333333333332,0.740172251446812,0.9428571428571428,26,4.6,0.168,0.0584606078182311,0.2879177377892031,1
5700,0.820774527005602,95.25,0.8508394847403193,0.8888888888888888,1,4.5,0,0,1.0101754385964912,1
1648,0.6440736379970362,11.416666666666666,0.683258774397852,0.5263157894736842,20,4.4,0.243,0.0027621560292457104,0.15230582524271843,0
26155,0.7863441896792794,7.5,0.8322259014384278,0.475,17,4.8,0.065,0.001289397156341916,0.2729879564136876,1
13554,0.8652094346373074,8,0.6215437057378135,0.8837209302325582,68,4.1,0.234,0,1.2267679935072122,0
4897,0.6758761729497389,18.166666666666668,0.8069030717445029,0.975609756097561,1,3.2,0.111,0,0.333265264447621,1
9044,0.6698865318091072,6.25,0.8026846855073502,0.40816326530612246,67,3.6,0.246,0.14353211643999428,0,1
18904,0.5712680209812069,17.666666666666668,0.7696876298918169,0.6428571428571429,33,3.8,0.06,0,0.5111222789430528,1
12455,0.6317256649162504,20.166666666666668,0.7793218194575423,0.35714285714285715,24,3.2,0.233,0,0.16676703199646714,0
4234,0.7387889548397617,12.166666666666666,0.7703691148734217,0.65,1,3.9,0.09,0,0.6603684459140293,0
20067,0.7203070297383068,105.41666666666667,0.8916707577150944,0.7380952380952381,12,4.1,0.173,0,0.24253749937708677,1
2134,0.8737536953009971,96.5,0.8719253150848884,0.9545454545454546,29,3.7,0.163,0.034400401929693535,0.18791002811621368,1
22345,0.6402536060783469,16.666666666666668,0.7257738159839582,0.813953488372093,50,4.4,0.139,0.015002004170918147,0.5543646087404059,1
1889,0.8349531182114263,10.333333333333334,0.7141928202150105,0.7906976744186046,26,4,0.013,0,0.47961884595023824,1
28455,0.7881218708041019,104.08333333333333,0.9193814239265795,0.7441860465116279,50,4.7,0.045,0,0.4806269658577729,1
3466,0.7611477012705093,95.66666666666667,0.8713157817935931,0.7441860465116279,46,3.9,0,0,0.8728899148751984,1
2002,0.8079424246668352,6.333333333333333,0.7394869753523245,0.6363636363636364,36,3.7,0.098,0,0.8193854609043217,0
1909,0.8096436085148747,6.5,0.7964806683796468,0.9743589743589743,1,3.3,0,0.12734733196621964,0.07964369924024103,1
14400,0.6809629898106924,6.833333333333333,0.7699028992181316,1,3,4.2,0.272,0.10977204230307364,0,1
12012,0.6319990403512422,98.16666666666667,0.8467559704010892,0.5555555555555556,63,4.4,0.228,0.11036161394373345,0.1591807850809641,1
14607,0.8023492509424583,10.75,0.703089643376658,0.4782608695652174,42,3.8,0.197,0,0.3499127100948208,1
16288,0.7432345478174593,98.16666666666667,0.8475480319738424,0.6739130434782609,33,4.8,0.116,0,0.45284872298624756,1
21218,0.5982624607006662,18.25,0.692364835384448,0.7209302325581395,18,3.4,0.144,0,1.017815062682628,0
7792,0.8546148642331898,98.83333333333333,0.8514775165880554,0.6666666666666666,1,4.3,0,0,0.392582135523614,1
12487,0.8228098507348814,6.083333333333333,0.7116771893171343,0.5555555555555556,19,4,0.204,0,0.48508389060185,1
14763,0.9401207005585235,97.33333333333333,0.8917298975374162,0.6976744186046512,60,4,0.184,0,1.075594391383865,1
13167,0.6924971708315789,18.083333333333332,0.7471309692475769,0.8095238095238095,16,3.8,0.151,0.013760309703988402,0,1
9490,0.676743519812339,18.25,0.7351991841571146,0.9534883720930233,29,3.6,0.043,0.007876566057559983,0.19441517386722867,1
12635,0.7028816570128757,9,0.7599725667256347,0.8913043478260869,5,3.2,0.102,0,0.9986149036368673,0
2958,0.7412350732475226,10.833333333333334,0.6611889916069963,0.7,46,4.6,0.066,0,0.936105476673428,0
6671,0.8837643648208863,87.58333333333333,0.8621608884332477,0.7954545454545454,52,3.4,0.043,0,0.8106730625093689,1
13997,0.6668431859928364,16.333333333333332,0.6444642573431766,0.5,20,3.9,0.18,0,0.5981495373843461,0
13815,0.7387767765288583,97.58333333333333,0.8570548513767463,1,1,4,0.063,0.08912167313208975,0,1
25267,0.7935505672707062,97.16666666666667,0.8789673594352101,0.7391304347826086,46,4,0.118,0.11076188431518526,0,1
20611,0.6910739816448513,6.333333333333333,0.7927892664733733,0.6888888888888889,68,4.1,0.186,0,1.3920721944592693,1
13944,0.673319822779169,16.916666666666668,0.7429439778197093,1,56,3.8,0.058,0.004401408825539485,0.2507171543316122,1
3452,0.9004856141928419,11.666666666666666,0.7327387580875755,0.5681818181818182,1,3.7,0.268,0,0.8552803129074316,0
29933,0.5567378543532873,18.333333333333332,0.7930944240592538,1,14,3.8,0.153,0.04682711249710847,0,1
16338,0.7492636044795786,12.916666666666666,0.6928192036872926,0.5384615384615384,51,4,0,0.06259534940873514,0,1
21551,0.6698116742834742,11.083333333333334,0.7599866210599644,0.5333333333333333,50,3.7,0.165,0.007687605123138486,0.2560497436254379,1
4648,0.5080228592409874,18.333333333333332,0.7682263857457825,0.7272727272727273,25,4.3,0.16,0.021582919102003106,0.09101667563206024,1
16735,0.7487840931685014,9.75,0.5487859414080167,0.8260869565217391,68,3.6,0.044,0,0.7200478040035853,1
1451,0.5570850455470356,94.5,0.8917820179425577,0.5333333333333333,7,3.9,0.112,0,1.5766976904515684,0
18260,0.8291461262709289,7,0.8155722216091706,0.4,15,3.4,0,0,0.8086749363345108,0
2016,0.714904094494711,18.5,0.769080979856283,0.475,5,4.7,0.107,0,0.6365666087819399,0
13399,0.5270786544106069,17.333333333333332,0.6999137204937069,1,25,3.4,0.266,0,1.0854946449229392,0
26828,0.742380862648128,10.333333333333334,0.5794062964385388,0.8,1,4,0.069,0,0.5129065324760042,1
16276,0.7861591000014465,9,0.7095483862711458,0.7441860465116279,24,3.8,0.04,0,0.7958588061810697,1
22729,0.562070382101271,6.166666666666667,0.8032402732626887,0.8780487804878049,15,4,0.175,0,1.3389796950964648,0
40431,0.733077104357911,6.583333333333333,0.8092845674263371,0.723404255319149,104,3.9,0.131,0,1.171452598253815,1
23443,0.8503806049081489,99.08333333333333,0.8639406774930416,0.75,1,4.7,0.01,0,0.2935631105233972,1
6866,0.6149650529605313,5.833333333333333,0.7492867317887965,0.9047619047619048,55,4.6,0.033,0,0.8519408637389848,1
11115,0.6871990093044823,18.083333333333332,0.6950506312153788,0.9361702127659575,18,4.7,0.159,0,0.8075037113680328,1
2032,0.70351586613316,16.666666666666668,0.7620924549325936,0.5952380952380952,44,3.7,0.062,0,0.41939453605710064,0
23393,0.7674793627209161,95.66666666666667,0.8741055626122671,0.6666666666666666,26,4.6,0.087,0,0.6676498877845464,1
4027,0.5820064664409934,17.416666666666668,0.7241843628453142,0.6818181818181818,17,3.8,0,0.03467689465429248,0.0429653545262635,1
17976,0.6186366714489444,17.833333333333332,0.7169905807527717,0.475,24,3.5,0.055,0,0.2931768240104587,0
1943,0.8165925585242297,96.91666666666667,0.8677654202593528,0.325,9,4.1,0.053,0,0.7236232629953679,1
9336,0.7416977146191706,11.333333333333334,0.6391810545180795,0.5348837209302325,33,4.9,0.12,0,0.5544130248500428,1
34999,0.832961182819307,95.75,0.8549013704721657,0.9743589743589743,58,4.2,0.124,0,0.41010329014100605,1
15462,0.7193389862006832,6.833333333333333,0.8224363441638898,0.6,32,3.9,0.116,0.0019286738970960586,0.3466028522459011,1
8649,0.6512167111969593,19.75,0.8208365084762688,0.40540540540540543,29,3.8,0.113,0.08032814343055393,0.003353182632826502,1
22325,0.7098181311218941,9.5,0.7550133325654571,0.7777777777777778,27,3.7,0.211,0,0.6626203807390817,1
12968,0.7030459688732287,96.91666666666667,0.8515203884181963,0.9444444444444444,1,4.3,0.02,0,0.9496047811837286,1
2141,0.628725904685669,19.916666666666668,0.7201027581535637,0.8604651162790697,32,4.4,0.195,0,0.985520784680056,0
18319,0.8669974261681015,7,0.7897199793731465,0.40425531914893614,48,4,0.125,0.07086330512738992,0.053388650817479594,1
5086,0.7907276988180099,12.166666666666666,0.6983189651295172,0.7333333333333333,3,3.9,0.121,0,0.7543014452856159,0
18414,0.7041878407999209,90.58333333333333,0.9038165384042807,0.58,88,4.7,0.132,0.05751644597736955,0,1
11304,0.8658604218010713,7.583333333333333,0.7815977262159144,0.5681818181818182,22,4.3,0.222,0.008561338760097311,0.24479143628079797,1
10844,0.8653202867834089,99.25,0.8674686309458357,0.8163265306122449,37,4.6,0.1,0.10884983359353252,0,1
18556,0.7216867146121543,6.75,0.7982699427361952,0.6363636363636364,1,5,0.101,0,0.3017973107703915,1
21480,0.6145582479202734,97.58333333333333,0.8824525174574005,0.574468085106383,43,4.3,0.204,0.00508330040353105,0.3722153681417165,1
19202,0.7670346332127141,7,0.8065705141753343,0.8085106382978723,1,4.4,0.104,0.07339780464872285,0,1
15308,0.6846573847922584,91.66666666666667,0.86141207999884,0.925,51,4.2,0,0,0.8658500734933856,1
13667,0.7260473123968482,9.833333333333334,0.6221441218710517,0.6904761904761905,14,4.8,0.089,0,0.4079168800760957,1
6262,0.8876650135510067,8.75,0.7439175302904999,0.8372093023255814,25,4.1,0.139,0,0.3242034656232532,1
2162,0.7349321857916626,17.583333333333332,0.7420215848292544,0.8372093023255814,21,3.8,0.124,0,0.7793709528214616,0
16976,0.6529414377871614,7,0.8456966500379081,0.45454545454545453,34,3.1,0.074,0,0.7164231856738925,0
19779,0.8256372527205611,95.83333333333333,0.8462958922441537,0.8095238095238095,50,4.4,0.154,0.008268927534315932,0.011022069418813358,1
8061,0.5849013355119748,19.416666666666668,0.7481670282887452,0.8095238095238095,1,4.7,0.216,0.03628228540170599,0.3706736136955713,1
12877,0.6377996454046193,16.916666666666668,0.7233035138919485,0.7111111111111111,75,3.4,0.214,0,0.5940278802469615,1
1633,0.6800039311837611,9.833333333333334,0.5956996460380827,0.7555555555555555,71,4.9,0.091,0,0.46125574272588055,1
14909,0.8211934999406715,6.25,0.7821315381550907,0.6304347826086957,25,3.6,0.144,0,0.3888385820169702,1
2203,0.8453743788954518,96.16666666666667,0.860240588306908,0.6363636363636364,10,4.1,0.056,0,1.05901044030867,1
12233,0.8001627785377756,10.083333333333334,0.6170600714643606,0.6444444444444445,32,3.9,0.207,0,0.5656243613325158,0
2021,0.7687725248213155,6.5,0.7964806683796468,0.7105263157894737,50,3.2,0.202,0,0.6125680356259278,1
6033,0.9227011844964524,97.75,0.8468815803198861,0.5714285714285714,27,3.8,0,0.04053833379405908,0.1772067965188562,1
17541,0.6387246170620079,17.916666666666668,0.7583632519467807,0.813953488372093,29,3.7,0.126,0,0.5012827090815803,1
14019,0.788942419711099,94.08333333333333,0.8514833645507898,0.5526315789473685,87,3.9,0,0.005775510698354611,0.3573008060489336,1
4980,0.6353443060902995,18.583333333333332,0.752955900971492,0.7441860465116279,46,3.8,0.064,0,0.7929718875502008,1
9067,0.7174546817229954,5.583333333333333,0.8141806030150935,0.717948717948718,50,3.1,0.178,0,0.24551921910329233,1
26903,0.8279134043651836,98.08333333333333,0.9049528795227116,0.9333333333333333,6,4.1,0.08,0,0.28484341603940155,1
36764,0.8255956404857157,10.5,0.6735402571237599,0.8974358974358975,21,3.9,0.055,0.00329147681097453,0.26942483713465804,1
11885,0.6114418351043538,9.416666666666666,0.7242400628162322,0.8863636363636364,22,4.7,0,0,0.6755017039000378,1
11753,0.8251099972583211,5.5,0.7594771535395827,0.5,62,4.5,0.28,0,0.5430102952437675,1
10088,0.89433711343718,11.416666666666666,0.6977185512284867,0.75,24,3.8,0.107,0.09344214107607081,0,1
24660,0.8275972733622892,11,0.6939543958072097,0.5,1,4.1,0.041,0,0.9784058881972465,1
11385,0.7358205355595664,11.416666666666666,0.812620472219074,0.8484848484848485,68,4.6,0.218,0.041993662474959254,0.08827792173569327,1
19944,0.8095108905162549,98.75,0.8942652739548942,0.6585365853658537,4,3.9,0.164,0.027823304559695266,0.3350882470918572,1
6651,0.574630736198557,17.333333333333332,0.7459645228149441,1,6,4.4,0.153,0.0047660798992828395,0.3849045256352428,1
37130,0.7041186075010338,102.16666666666667,0.9075888480373994,0.631578947368421,2,3.8,0.062,0.024064224572939052,0.3222774343850577,1
19746,0.8242840024695642,102.66666666666667,0.8992982959787609,1,14,4.8,0.15,0,0.8787318629561166,1
14266,0.9296448191744161,98.58333333333333,0.855506626871871,0.975,39,4.4,0.065,0.02571763002263401,0.18764895555867098,1
12012,0.6437676030523563,12.333333333333334,0.7651601730137464,0.47619047619047616,24,4,0.189,0.05222605154102986,0.17674728385297422,1
3023,0.6434397994776396,19,0.7512728617761786,0.9736842105263158,57,4.3,0.083,0,0.3930521091811414,1
16511,0.7823454919856165,6.333333333333333,0.7646244234210747,0.6818181818181818,10,5,0.135,0.00993668798788804,0.20731633456483556,1
17841,0.8881552077609501,10.666666666666666,0.6612580720518937,0.4857142857142857,56,3.9,0.322,0,0.9952635856618368,0
18916,0.8612388732832841,10.666666666666666,0.679021272122279,0.6486486486486487,1,3.6,0.086,0.045565346031933435,0.07660181856629308,1
12108,0.7067903464473804,9.916666666666666,0.7255044878813264,0.6666666666666666,26,4.2,0.172,0,0.5412950115626033,0
4960,0.5548144264573356,9.333333333333334,0.7512787807645693,0.6511627906976745,24,3.7,0.111,0,0.9939516129032258,0
24626,0.6672033763608278,17.083333333333332,0.720840898969278,0.85,57,4,0.213,0,0.6811500040607488,1
25225,0.6237860400184215,11.75,0.7373970413961188,0.24444444444444444,41,4.4,0.041,0,0.5807730426164519,0
19907,0.7077137902690054,17,0.7148423613284511,0.8888888888888888,33,3.5,0.205,0.0002545871266676862,0.08836087808308635,1
27564,0.8867256936480996,10.333333333333334,0.6806614536576882,0.5641025641025641,20,3.7,0.172,0.018305183172732855,0.15716151501959078,1
6508,0.7567746295189786,97,0.8437087107729646,0.625,42,4.5,0.019,0.033524614114644406,0.0965040338071456,1
28956,0.6498093689931526,7.25,0.8394914937497823,0.5652173913043478,29,4,0.061,0.09949011500126619,0.23042254493964878,1
9537,0.7656527394960116,8.833333333333334,0.5844770651783917,0.6363636363636364,32,5,0.074,0,0.3911083149837475,1
24568,0.8172796003784321,6.583333333333333,0.7900870385851013,0.41025641025641024,39,3.7,0.118,0,0.8237544773689351,1
23818,0.8225170564539654,90.66666666666667,0.8612649833521088,0.8292682926829268,52,5,0.116,0,0.4031489451033904,1
21701,0.9045736373774144,101.58333333333333,0.8796719248209308,0.47619047619047616,28,3.3,0,0.03329940128887277,0.28874910716342944,1
16040,0.7860443605810986,11.666666666666666,0.6692618027774222,0.6756756756756757,3,3.7,0.134,0.059593410499096576,0.07076280432681817,1
12351,0.7495838481293451,93.16666666666667,0.8825979641536329,0.7105263157894737,47,5,0.008,0,0.7041535098372601,1
16433,0.6962021544599676,9.666666666666666,0.6774433287263844,0.6388888888888888,57,3.7,0.274,0,0.5322987981134946,0
12580,0.9286970228756608,9.25,0.5650411637991599,0.6511627906976745,48,4.9,0.175,0,1.6057076990341428,0
9772,0.8232298978601199,18.916666666666668,0.6990509039074262,0.813953488372093,40,3.7,0.026,0,0.9586041037711712,1
24864,0.729260850503955,92.75,0.897137639729916,1,26,3.3,0,0,0.3153216562430873,1
28209,0.83985139298087,9.75,0.58102218875979,0.7777777777777778,29,4.2,0.161,0.12969475014897838,0.06076182710885017,1
11377,0.5382567375277328,19.25,0.7627721427044112,0.7631578947368421,6,3.9,0.05,0,0.7379801353608156,0
4604,0.6813105022153187,99.83333333333333,0.8605535254239627,1,27,3.8,0.162,0,0.32862728062554303,1
2067,0.6997970240747386,20.083333333333332,0.8176632984006653,0.4,56,3.2,0,0,0.8894265666586015,0
14673,0.6667993120164093,7.333333333333333,0.7892359432841886,0.5238095238095238,37,4.1,0.072,0.06443355413286571,0.03216902368376214,1
9061,0.8583579278017034,100.33333333333333,0.8858283038043882,0.8048780487804879,1,3.7,0.159,0,0.8060920428208806,1
21235,0.6649657085779934,18.333333333333332,0.7343338327963189,0.975,31,4.5,0.165,0.1394990994923323,0.07506475158935719,1
10595,0.8263413129388799,6,0.736476861652635,0.8095238095238095,36,3.6,0.25,0.11331663766208781,0,1
4233,0.6752596218028482,11.916666666666666,0.7043851554147098,0.7906976744186046,30,3.2,0.131,0.03229437365427531,0.21004134672179564,1
11600,0.8123781928676908,97.91666666666667,0.8460468109218172,0.7209302325581395,1,3.8,0,0,0.6064655172413793,1
24556,0.7732047514152045,102.08333333333333,0.9103563443056487,0.6578947368421053,13,3.5,0,0.001343667251450292,0.45695553021664764,1
14529,0.6928440747743874,17.583333333333332,0.7409788924750766,0.9210526315789473,46,3.5,0.106,0.19037372425119128,0,1
19646,0.7584676372759737,6.333333333333333,0.803070663854003,0.6486486486486487,55,3.4,0.105,0,0.5321693983508093,1
22152,0.7916236255627749,97.83333333333333,0.892728712153791,0.8085106382978723,20,3.9,0,0,0.6312439338193802,1
8528,0.7953590516641107,93.33333333333333,0.8598015255257819,0.717948717948718,21,4.2,0.274,0,0.7524624765478424,1
2689,0.7090358654592195,18.5,0.7329014940473226,0.5434782608695652,73,2.9,0.085,0,0.2131299981402269,1
13906,0.7504945228602607,8.75,0.6663946687973905,1,1,3.8,0,0.17480160687659171,0,1
14503,0.7575611778761802,8.75,0.6352244190056084,0.625,13,3.9,0.019,0.0006854949273375376,0.417706681376267,1
18531,0.819169429414224,5.916666666666667,0.7468704118927968,0.7209302325581395,42,4,0.108,0,0.5237170147320706,1
14051,0.9100635431922236,9.75,0.7218608530722568,0.5384615384615384,32,4.4,0.221,0,0.7031066510088609,1
19749,0.7410548337178735,5.083333333333333,0.7806706858973828,0.5789473684210527,53,3.3,0.15,0.043571048713231586,0,1
2041,0.8036812557338875,6.833333333333333,0.7699028992181316,1,13,3.8,0.211,0.0303547478394343,0.346483704974271,1
3870,0.7232360244018383,10.583333333333334,0.7399189832297048,0.6904761904761905,45,4.7,0.072,0,0.6470284237726098,1
16801,0.5496667538076412,19.25,0.7534747008674658,0.4883720930232558,42,3.2,0.242,0.004734446159639299,0.040474985863515965,0
19380,0.7575532542874502,10.583333333333334,0.7101549241054179,0.5333333333333333,10,3.9,0.194,0.0016003756777468554,0.29299001522227097,1
11352,0.5957407676655843,17.833333333333332,0.7633833850248194,1,1,4.3,0.112,0.05509477217315598,0.11681275602343302,1
1955,0.7657692688545097,103.91666666666667,0.8836932809467631,0.75,1,3.6,0.16,0.021247833598780696,0,1
13225,0.7714457379064606,97,0.8569645677782308,0.34210526315789475,25,4,0.044,0,0.6210964083175804,1
17038,0.8739784422854052,95.33333333333333,0.8999975549225518,0.8888888888888888,46,4.4,0.194,0.07643061234285531,0.08117149900223031,1
3583,0.741465402572163,9.583333333333334,0.6226648008043978,0.5714285714285714,6,3.6,0.128,0.002304236937812072,0.2939288206559665,0
22358,0.7598907132667576,11.5,0.6854705157360768,0.30612244897959184,50,5,0.189,0,1.1548886304678414,0
20400,0.678802453447821,99.75,0.8564556533699113,1,13,3.8,0.043,0,0.3700980392156863,1
5566,0.6487024602648582,6.166666666666667,0.8147120378269987,0.4791666666666667,15,3.6,0.026,0,1.2664390945023356,0
11852,0.6824253885470029,6.166666666666667,0.7126987618179825,0.9523809523809523,5,3.5,0,0,0.753459331758353,1
9803,0.7809489426376568,94.83333333333333,0.8246665672685521,0.6388888888888888,93,4.3,0.169,0.0013876802144166419,0.3081709680709987,1
16174,0.7266184642093825,94.25,0.868966233173131,0.7674418604651163,26,3.4,0.1,0.0005488569835517145,0.49191578817200976,1
9369,0.6873977882458917,16.416666666666668,0.7701118401172741,0.6571428571428571,1,4.2,0,0.0089689759110869,0.6778032769386775,1
10763,0.7541484677394683,98.25,0.8757515628245292,0.6578947368421053,18,4,0.229,0,0.8274099883855981,1
14483,0.7825271921288839,9.75,0.7347671683900359,0.7297297297297297,69,4.2,0.105,0,0.41553599171413774,1
15572,0.6697630699868415,97.16666666666667,0.8833493095305708,0.4883720930232558,72,4.5,0.234,0.0328068161826374,0.14687088591336736,1
5879,0.7585120330979696,6.333333333333333,0.7829944407569652,0.7391304347826086,1,4.3,0.028,0,0.6402993961044484,1
24095,0.8670641091759079,94.66666666666667,0.8413537982243829,0.8444444444444444,48,3.5,0.084,0.05230899406464484,0,1
10291,0.8228636947580723,6.583333333333333,0.7127390957491084,0.7346938775510204,10,4.1,0.103,0.010230378647456196,0.24720629676416286,1
20886,0.953219713389351,6.833333333333333,0.7944841518737473,0.7872340425531915,51,4.3,0.205,0.12276843273625544,0,1
2236,0.7026153960749385,16.416666666666668,0.7570335442888463,1,31,4.2,0.041,0,1.0872093023255813,1
8228,0.7826984334911161,99.5,0.86463215638047,0.7083333333333334,38,4,0.129,0,0.6174415071406867,1
26730,0.8243034060018893,10.5,0.7435635806126426,0.9761904761904762,65,4.1,0,0.004757564036209989,0.33093901982790874,1
11032,0.6638150167100245,11.416666666666666,0.659897875701555,0.55,21,3.8,0.178,0,0.257070340826686,0
7065,0.8388038722711123,10.916666666666666,0.7291420610807607,0.975,68,2.7,0,0,0.42038216560509556,1
7050,0.6827290346886592,18.916666666666668,0.7133177197616927,0.5121951219512195,48,4,0.094,0,0.33505922405844385,1
1910,0.7547041835160067,104,0.859503469267284,0.5434782608695652,35,3.8,0.065,0,0.3728724797067295,1
2157,0.8347799263208991,6.75,0.7893984924786175,0.4666666666666667,41,4,0.132,0,0.6983538140505449,1
12914,0.8133159414868684,10.833333333333334,0.7260847105420791,0.7272727272727273,18,5,0.185,0.042606276534204346,0,1
31433,0.70726532343608,90.33333333333333,0.8709541811804744,0.8222222222222222,54,4.1,0.025,0.0015100040770225094,0.09079774119144197,1
19322,0.74625939996808,10.25,0.6712590793633215,0.8695652173913043,88,4.2,0.163,0,0.49897782263281837,1
10698,0.7207157888716096,6.333333333333333,0.773623019288352,0.9166666666666666,87,3.5,0.148,0.02364295917301579,0,1
2037,0.910556148312645,92.58333333333333,0.8804166822212375,0.6341463414634146,69,3.7,0.195,0.0003437213565536205,0.3127147766323024,1
23100,0.604688338219814,19.25,0.8043309198270212,0.5121951219512195,12,3.7,0.2,0,0.2746812701573627,0
7635,0.6900283676626363,9.916666666666666,0.6798992108446906,0.5952380952380952,45,3.3,0.133,0.0010412599245086555,0.5516699410609037,0
28666,0.8379120693129517,96.16666666666667,0.8789679011305491,0.6818181818181818,41,4.3,0.169,0,1.271877343845389,1
9838,0.8258450132751021,102.75,0.8570676093165497,1,20,3.4,0.174,0.0015704295086025498,0.11994307786135393,1
22239,0.8293926845412053,98.5,0.8869109657427617,0.9761904761904762,58,4.4,0.027,0,0.3071250309148549,1
29295,0.7130363573687506,105.41666666666667,0.870947557340812,0.868421052631579,6,3.6,0.004,0.01945810661204495,0.2473160490877127,1
10513,0.688548729166658,15.583333333333334,0.7508342725727969,0.8048780487804879,51,4.5,0.11,0,0.8073813373918006,1
11564,0.7206909720870541,6.25,0.7821315381550907,0.9772727272727273,77,4.6,0.207,0.01692020055800447,0.21265187875643188,1
18997,0.875186007824637,99.33333333333333,0.8661708952845015,0.8409090909090909,36,3.8,0.137,0,0.28014949728904565,1
2253,0.8623304592476264,10.833333333333334,0.6942368167022801,1,22,4.1,0.112,0.06729926724928251,0,1
12523,0.6179133713643629,102.25,0.8827000286367332,0.65,67,3.9,0.184,0,0.7203034537831903,1
9686,0.6011266670644518,20.166666666666668,0.7203483584183696,0.9512195121951219,57,4.4,0.207,0.007166426131562965,0.5811780496618657,1
1891,0.5912189957115346,6.25,0.7821315381550907,0.7380952380952381,4,3.7,0.253,0.0027034151951600602,0.25337212377677865,0
1970,0.8149764060837484,11.333333333333334,0.7799025066603564,1,32,3.4,0.019,0,0.8695431472081219,1
9393,0.8563973436746434,101.58333333333333,0.9070907740766662,0.43243243243243246,33,3.3,0.135,0.0016490257277107987,0.5736491881820601,1
19652,0.7663035606719555,11.333333333333334,0.6791555260401261,0.8636363636363636,29,4.2,0.134,0,0.8950742926928557,1
18225,0.8484963444967232,6.833333333333333,0.7777943029477,0.7906976744186046,53,4.7,0.123,0.0348887140368545,0,1
13844,0.6187159468490893,7.5,0.8075499102701247,0.5897435897435898,64,3.7,0.031,0,0.7217827861451223,1
7536,0.8698930383543453,99.41666666666667,0.8931175323908801,0.36585365853658536,20,4.7,0.062,0.06018979859034316,0.23752653927813164,1
27454,0.7106575655176354,6.083333333333333,0.7448227943808609,0.8157894736842105,28,4,0,0,0.732912014861493,1
32843,0.7028876072983785,17.75,0.7089580518341996,0.9777777777777777,22,4.1,0.274,0,0.8919540229885058,1
17294,0.6506595460183964,17.75,0.7062443152871238,0.38461538461538464,34,3.9,0,0.0007175443366869089,0.49277205967387533,1
1525,0.47267255120914087,18.25,0.7517812251154907,0.6666666666666666,61,3.2,0.327,0,0.5988848802886192,0
14791,0.8629957151914659,11.583333333333334,0.818710745779077,0.627906976744186,28,3.8,0.165,0,0.5496771576349684,1
13500,0.8522503297268513,6.25,0.8138101327497475,0.9024390243902439,47,4.6,0.076,0.0011594965904532693,0.08748472165635764,1
22249,0.6949805401186094,6.25,0.7725503718769069,0.9772727272727273,50,3.2,0.057,0,0.26324778641736707,1
22901,0.6756626797934535,20.083333333333332,0.7902613783219898,0.6857142857142857,34,4.1,0.137,0,0.37566865352284884,1
16491,0.8310733177461992,6.75,0.7893984924786175,1,8,3,0.14,0.028491912530325833,0.07537444666787944,1
25208,0.6630688538662811,19.5,0.7474651845693306,0.6444444444444445,24,4.5,0.226,0.009183528046097124,0.4892988197956957,0
17711,0.7687881559906518,99.16666666666667,0.8534149287664752,0.7045454545454546,23,3.6,0.106,0.03142904426618478,0.2429632139126507,1
2013,0.6576033313877352,9.25,0.723935973945143,0.8372093023255814,1,3.4,0.172,0,0.3095652173913043,0
14629,0.5958358896991904,18.916666666666668,0.8407380838544034,1,33,4.6,0.149,0,0.6558430461086235,1
21746,0.711768611520958,6.25,0.7921539030917347,0.6666666666666666,48,4.5,0.135,0,0.35791313145248443,1
8719,0.6602324985955568,6,0.7546733092686709,1,25,4.2,0.304,0.029968808885006196,0,1
19729,0.85750050436308,98.83333333333333,0.874858071071488,0.6578947368421053,55,4.5,0.197,0.10238093056888038,0,1
17128,0.648294610733416,17.833333333333332,0.7235476736869338,0.5121951219512195,5,3.7,0.034,0,0.6007122839794489,0
2073,0.8935803185157549,10.333333333333334,0.6458951870951589,0.6304347826086957,13,4.6,0.115,0.0049907724484044395,0.3183791606367583,1
8798,0.7537200677379041,16.666666666666668,0.7620924549325936,0.8043478260869565,54,4.4,0.199,0,0.6757217549443055,1
13518,0.6883783164189995,18.666666666666668,0.7991567521571072,0.5,1,3.5,0.098,0,0.3780284815979286,1
4307,0.6895785381898114,12.25,0.6961535859302409,0.625,49,4.4,0.034,0.08935205918085505,0,1
14044,0.8192945140400529,10.416666666666666,0.7507130167858739,0.8421052631578947,24,4,0.084,0.0198613254576295,0,1
12386,0.8688228474511088,6.916666666666667,0.8388061667438597,0.5581395348837209,74,3.6,0.107,0.011024616969982382,0.6001130308412724,1
3461,0.5549493233447685,16.666666666666668,0.7646279540812037,1,6,3.9,0.161,0.14299845571227332,0,1
17428,0.7495751424872649,103.16666666666667,0.8760682493440345,0.5777777777777777,63,4.4,0.039,0.007685129304551434,0.4265672070004304,1
9746,0.8118391752913983,8.583333333333334,0.6457973524863165,0.6444444444444445,5,4.5,0.201,0.014271596007755403,0,1
12364,0.5857105670914158,9.916666666666666,0.6568999048303596,0.4782608695652174,92,4.4,0.175,0,0.3039469427369783,1
4330,0.6147176095678406,16.583333333333332,0.7532566091016901,0.9523809523809523,14,3.6,0.138,0.022974112250977733,0.12378752886836028,1
22070,0.896719728167531,92.66666666666667,0.8354341117453543,0.7837837837837838,11,3.7,0,0.09128670943238774,0,1
18972,0.6034611253490269,95.08333333333333,0.8351879709679553,0.775,1,4.3,0.057,0.0003299794439034945,0.5861950820968295,1
10907,0.8123551969621009,10.916666666666666,0.699756329171036,0.4857142857142857,43,4.8,0.037,0,0.7777013707422179,1
12880,0.7781381067981658,6,0.7194581961566089,0.717948717948718,16,3.6,0.221,0.0008164015912862898,0.06350931677018634,1
12508,0.6308326901034531,19.166666666666668,0.7427791398652341,0.717948717948718,53,3.2,0.149,0.0022862471570811852,0.28141989126958744,1
20110,0.7796390051761547,6.416666666666667,0.7266549976642962,0.9523809523809523,23,4,0.12,0,0.15683739433117852,1
15580,0.801675021429934,92.83333333333333,0.8605291518175802,1,34,4.7,0.115,0,0.27664559196379856,1
14077,0.8261047530112879,7.5,0.8845299461620748,0.3409090909090909,22,4.2,0.134,0,0.2885660497993109,1
24737,0.6471574822917823,18,0.750514933605417,0.9736842105263158,22,3.6,0.029,0.0008752345822817575,0.5341391437926992,1
16667,0.613311056812206,20.25,0.8075499102701247,0.6923076923076923,52,3.9,0.26,0.006590614096823977,0.44472444724447247,1
21910,0.5688010044279457,102.08333333333333,0.901029034670049,0.7317073170731707,60,3.5,0.036,0,0.8249389534220315,1
8752,0.6398359675543103,97.16666666666667,0.8659566092311284,0.9047619047619048,3,3.4,0,0.015175440642062062,0.13185557586837293,1
1671,0.6454105079060994,11.25,0.6939566183686875,0.9534883720930233,36,4.5,0.071,0,1.1176294522598025,0
27440,0.46684027360508074,17,0.7696599975593974,0.9761904761904762,53,3.7,0.098,0.021940515943290106,0.24953078591082198,1
19739,0.8217481184061727,9.416666666666666,0.6742449147025493,0.6888888888888889,32,4.2,0.152,0,0.9155204296172454,0
11545,0.7674995724322743,97.41666666666667,0.8665882568285818,0.5652173913043478,31,4.1,0.131,0.06978502199609825,0.0866213348347698,1
12560,0.8163603237446588,11.416666666666666,0.6506248775540344,0.5111111111111111,17,4.3,0.186,0,0.9179936305732485,0
19725,0.7123552942727179,16.25,0.6891190858209708,0.9767441860465116,46,3.7,0.187,0.014724425329149587,0.33329108469162716,1
6831,0.8501251102704147,7.416666666666667,0.8307132677155128,0.9761904761904762,64,4.2,0.14,0,0.8274650464826879,1
21290,0.6733586341240234,6.75,0.7893984924786175,0.8863636363636364,11,3.7,0.143,0.09289431067978648,0,1
8719,0.8851502192931489,94.5,0.8790761219300038,0.9285714285714286,43,3.4,0.214,0.08541905675610612,0,1
13540,0.7455053009283383,7.333333333333333,0.8492443277111181,0.41025641025641024,46,4.8,0.044,0,1.018242245199409,1
18746,0.6691487569264766,96.08333333333333,0.8703940981262607,0.825,7,3.7,0.135,0,0.8135602261815854,1
13261,0.6544076957890212,18.166666666666668,0.7870057474083688,0.6190476190476191,57,4,0.074,0.001171723395671839,0.24590905663222984,1
12068,0.4845351667852711,17.5,0.7626678896309121,0.475,25,4.1,0.24,0.002549443757725587,0.3938678268075409,0
14570,0.8009230578520932,96.33333333333333,0.8930969432126269,0.7,29,4.9,0.07,0,0.9505473763684409,1
2107,0.8150575588386695,94.41666666666667,0.8530854387427992,0.7,18,3.9,0.168,0.022538925351559002,0.23540579022306596,1
13029,0.6562197887246065,6.166666666666667,0.7450275369714432,0.5476190476190477,25,4.5,0.039,0,0.42006293652621074,1
11892,0.8613863724391342,7.5,0.7788916806429733,1,45,4.3,0.198,0,0.5502249505949628,1
11039,0.7070340281094872,19.333333333333332,0.7959972488586339,0.85,26,3.7,0.177,0.00013651471984805317,0.21189473207410428,1
7097,0.5968358012784063,6.75,0.8075499102701247,0.4358974358974359,57,4.6,0.099,0,1.0223349538504898,0
30745,0.8069057411894353,11.166666666666666,0.7219711043254156,0.7441860465116279,29,3.4,0.074,0.04924630596394273,0.16923076923076924,1
17309,0.7511649611474615,5.75,0.7740803294475378,1,24,4.2,0.041,0.002830490064532618,0.6938009128199203,1
14405,0.8598041765755394,10.75,0.6935287224686698,0.8,47,4.2,0,0.06150623919760418,0.061092019854906456,1
1868,0.8398979205423329,7.083333333333333,0.7591824765828386,0.717948717948718,1,4.3,0.133,0,0.5262312633832976,1
2244,0.6929571782521957,17.75,0.6973742278031301,0.45652173913043476,46,4.1,0.201,0.0006485084306095979,0.3017606418542456,0
7534,0.7437123848709886,11.25,0.6875689376449905,0.7435897435897436,39,4.2,0.164,0,0.7221079179664167,1
11157,0.6752481496682237,6.416666666666667,0.7498524638408023,0.5833333333333334,9,3.5,0.278,0.0918477648690898,0.02536637834446287,0
13191,0.7057864246089749,100.41666666666667,0.8708296689163553,0.6,39,4.2,0.097,0,0.6017967476593002,1
11493,0.7470625973705539,10.5,0.7156115417909696,0.6923076923076923,24,4.2,0.274,0,0.5845551446595606,0
20654,0.7455727129074428,10.583333333333334,0.7232868757353452,0.9347826086956522,35,3.8,0.089,0,0.7810298496622848,1
20595,0.8580333588790728,6.916666666666667,0.8091207287017487,0.5555555555555556,56,3.3,0.132,0,0.2533686178348588,1
24848,0.7487132502094191,9.75,0.728237382981459,0.9024390243902439,43,3.7,0.223,0,0.22452511268512557,1
22481,0.8138161235632366,94.5,0.8934329711462378,0.875,51,4.2,0.105,0,1.0312708509407944,1
9055,0.8345007019755433,11.666666666666666,0.78907395628238,0.6875,54,3,0.184,0,0.9220320265046935,1
18710,0.8317471677139936,6.583333333333333,0.7994559554714575,0.8,41,3.8,0.144,0.054558915411565746,0.04473663112322617,1
19384,0.7711624759017801,10.416666666666666,0.6927541700852557,0.575,44,5,0.134,0,0.6375877011968634,1
33925,0.6200809013710916,16.666666666666668,0.7671910654635437,0.5476190476190477,11,4.1,0.182,0.001390676362359999,0.39416359616801766,1
5328,0.685796290855238,95.5,0.8407080072778701,0.74,42,4.8,0.144,0,0.23913655560769592,1
12114,0.8774237529356753,10.916666666666666,0.6794802019050836,0.42857142857142855,55,3.2,0.263,0,1.132538077351715,0
4675,0.7338919432500157,97.66666666666667,0.880351207215303,0.5476190476190477,81,4.5,0.021,0,0.7779679144385027,1
14813,0.8113132607008999,9.416666666666666,0.7208529151223451,0.5454545454545454,5,4.3,0.155,0,0.8424356983730507,0
25384,0.7311376526088322,7.333333333333333,0.804492607567213,0.5952380952380952,32,4.2,0.041,0,0.22829791005968444,1
26922,0.8137766623958003,12.166666666666666,0.7277451107623042,0.3488372093023256,22,3.3,0.123,0.056158058778292476,0,1
14217,0.7764661819061954,6.25,0.8026846855073502,0.6818181818181818,21,3.3,0.051,0,0.7344024759091229,1
8899,0.8188938414346483,12.25,0.7915434905300059,1,64,4.2,0.083,0,0.47803123946510845,1
11305,0.5784985273320933,20,0.8445436824485197,0.6511627906976745,4,4.5,0.116,0,0.433632624176213,1
17605,0.6410144509977242,18,0.6923472643363675,0.9743589743589743,15,3.7,0.22,0,0.41057684114856996,1
19659,0.8489998935920171,10.083333333333334,0.5962236859402941,0.8205128205128205,91,4.3,0.104,0,0.6983747488363812,1
23117,0.8380730008380901,98.16666666666667,0.8681720959741653,0.8780487804878049,32,3.8,0.139,0,0.42704503179478304,1
3392,0.8974979080352651,11.166666666666666,0.6612893815549188,0.7111111111111111,1,3.4,0.264,0.02308310503173171,0,1
11912,0.8689977809688834,6,0.7546733092686709,0.975,49,4.9,0.27,0,0.6821139235192881,1
5608,0.6940580774560499,16.333333333333332,0.7422585522384675,0.6590909090909091,25,4.2,0.021,0.0151195230515841,0.1744092732946946,1
17260,0.7485057207291492,96.66666666666667,0.859400806635344,0.4318181818181818,30,4.1,0.07,0,0.7109707697210232,1
14174,0.8293008387191548,6.5,0.8064145016597244,0.8,67,4,0.102,0,0.9546689244011712,1
8097,0.7991323303048123,11.25,0.6772035767481345,0.45,9,3.3,0.269,0,0.3434605409410893,0
8838,0.9444148116527575,5.916666666666667,0.8387954487005691,0.9772727272727273,69,4.2,0.173,0,0.253224711473184,1
26910,0.8012662718827311,102.75,0.8832708314170898,0.6046511627906976,42,4.5,0.178,0.028227452539925087,0.16191007060572277,1
11761,0.6868994060972248,9.916666666666666,0.6353483369118129,0.7380952380952381,16,5,0,0.06693098828466247,0.08587705127115042,1
5541,0.6365164952274425,6,0.819979425044226,0.8837209302325582,39,3.9,0.028,0,0.40498105035192206,1
4141,0.43525265222396203,16.666666666666668,0.732418236794807,0.574468085106383,13,3.9,0.313,0,0.6629634102161575,0
8959,0.6737993044451769,10.666666666666666,0.6656103975151141,0.9767441860465116,68,3.8,0.3,0,0.5411620248925602,0
10121,0.7105356244944523,16.416666666666668,0.7148762097465255,0.6585365853658537,41,4.4,0.088,0,1.10389802875352,1
15222,0.7792292692922987,93.16666666666667,0.8585630307574815,0.8717948717948718,48,4,0.174,0,0.6142627204940381,1
8511,0.7403851504479992,6.416666666666667,0.784634753873026,0.5277777777777778,36,4.1,0.225,0,0.6702308912519829,1
21558,0.877235600642218,11,0.6479106048902348,0.975609756097561,1,4.4,0.028,0,0.7462831961034443,1
21136,0.895097085796074,94.83333333333333,0.8962497564629495,0.8636363636363636,34,3.6,0.112,0,0.6917271888528779,1
21868,0.678870575313321,17.916666666666668,0.789358290712107,0.5714285714285714,34,3.7,0.09,0,0.6578255401852063,1
10890,0.7798117202798498,6.75,0.7893984924786175,0.5945945945945946,21,4.7,0.16,0,0.569880624426079,1
5175,0.787772865656476,102,0.9088182586385378,0.7083333333333334,38,3.6,0,0,0.7505314009661835,1
7940,0.6959492006518335,6.75,0.8385592983873824,1,53,4.4,0.248,0,0.3571788413098237,1
5201,0.6736491363526393,16.166666666666668,0.7476858092676202,1,33,4.4,0.014,0,0.412268051148928,1
18655,0.8379336188196469,10.916666666666666,0.6860933558022582,1,26,3.8,0.098,0,0.5049719906724919,1
11600,0.7832836204146063,98.66666666666667,0.8671863250922076,0.7045454545454546,1,4,0.093,0.017967963374465972,0.21449200396568818,1
11807,0.6515050599336589,18.833333333333332,0.818854075305675,0.627906976744186,20,4.8,0.181,0.05638862313795593,0.09935205183585313,1
26091,0.8343065144521493,7.166666666666667,0.7959310607583228,0.9767441860465116,31,4.5,0.075,0,0.7457744049672301,1
10122,0.7172475046084347,18.416666666666668,0.8206522969899872,0.5,54,3.8,0.147,0,0.31951785802499627,1
11824,0.46452585586595463,20.333333333333332,0.7341430370454614,0.5714285714285714,53,3.4,0.124,0.00932464206239241,0.5457543978349121,0
4093,0.7249124637880134,7.166666666666667,0.8125056337604989,0.43478260869565216,29,4.2,0.11,0,0.8596212583995113,0
3584,0.6975574456371588,19,0.7239976715341707,0.95,1,2.9,0.201,0.03688279373253079,0,1
2053,0.7277934217107862,11.25,0.7355026507947093,0.9069767441860465,14,4.7,0.241,0,0.697515830491963,0
12250,0.739110978544153,7.333333333333333,0.7892359432841886,1,62,4.1,0.077,0,1.1006979876729663,1
8039,0.8712335446558911,102,0.9121285643153676,0.5454545454545454,57,2.9,0.149,0,0.8611059277228339,1
28565,0.9476295277785524,7.083333333333333,0.7965692180495225,0.5681818181818182,59,3.5,0.212,0,0.2656444187715521,1
18756,0.7037405398081453,17.5,0.7274459424523012,0.6923076923076923,1,4,0,0.05293573406048501,0.15606088880595026,1
13037,0.6410052237820347,11.333333333333334,0.7178922633345459,0.975,1,3.4,0.141,0,0.8270307586101097,0
2176,0.5613737996950929,19.083333333333332,0.7999351757387719,0.575,33,4.7,0.016,0,1.1962316176470589,0
12054,0.8213294885786528,11,0.6538284951880042,0.6666666666666666,2,3.9,0.048,0,0.7577052308458124,0
8140,0.6927652433525234,19.5,0.7509606447122484,0.75,16,3.7,0.076,0,0.33624078624078624,1
1953,0.8331242984036173,12.166666666666666,0.7277451107623042,0.975,80,3.7,0.041,0,0.5186891961085509,1
17956,0.6617544673719533,18,0.8102416524822297,0.5945945945945946,59,4,0.014,0.1703863616925223,0,1
24741,0.9515258182168896,5.916666666666667,0.7468704118927968,1,49,3.8,0.175,0,0.43628867646167213,1
32702,0.8554429342774377,6.666666666666667,0.8232233047033631,0.7209302325581395,42,4.2,0.143,0,0.41352210873952666,1
29690,0.874965347335491,94.25,0.8618565873628181,0.4772727272727273,26,3.9,0.224,0,0.3447962276860896,1
10242,0.44879991920316487,6.583333333333333,0.764203341643074,0.6304347826086957,15,4,0.093,0,0.8575473540324156,0
7129,0.7601306855623214,10.916666666666666,0.7291420610807607,0.43478260869565216,9,4.9,0.085,0.006408454962968623,0.15275634731378876,1
18368,0.7917316202414878,91.66666666666667,0.8800551090729408,0.4186046511627907,12,3.8,0.124,0.04797220296256602,0,1
28429,0.735317804949797,17.583333333333332,0.7593182194200071,0.6410256410256411,11,3.7,0.13,0.04039976007956363,0.04435689536908384,1
15551,0.8325926028630555,6.833333333333333,0.8327889121853403,0.5217391304347826,63,4.4,0.047,0,0.4314973795054821,1
2805,0.7518797301797682,93.91666666666667,0.8791854512333674,0.5609756097560976,81,4.4,0.346,0.0027055948852620373,0.22000356569798538,1
26713,0.7385136422109294,6.5,0.8064145016597244,1,23,4,0.192,0,1.2763313055685541,1
7114,0.8563272929067087,95.08333333333333,0.902614324805828,0.7619047619047619,1,4.1,0.184,0.015680545067493275,0,1
14041,0.7064484164268703,10.416666666666666,0.6441123772874364,0.717391304347826,33,4,0.14,0,0.43239200883159434,1
15058,0.6628311449841584,16.916666666666668,0.7406882327438058,0.6222222222222222,56,3.6,0,0.002657136291276271,0.2532208792668349,1
12968,0.7081755171598402,101,0.8640039750624653,0.6511627906976745,5,3.9,0.071,0,0.5755157123578176,1
6274,0.9479738213202274,6.5,0.729855031978135,0.5,12,4.4,0.149,0,0.689407826572089,1
24436,0.8652145132870379,6.583333333333333,0.8306444536675994,0.7837837837837838,55,4.3,0.095,0,0.315395318382714,1
20422,0.7317761729333689,10.583333333333334,0.6927115543135771,0.7142857142857143,39,4.7,0.137,0.057965195697689285,0.22549763729402836,1
19139,0.89852219256916,10.5,0.7320326505375534,0.5833333333333334,81,4.5,0.112,0.0006052298270084812,0.5338836929829145,1
11284,0.8043019822917397,9.333333333333334,0.6775808913345038,0.5714285714285714,35,4.5,0,0,0.6008507621410847,1
17490,0.6869163750836504,16.75,0.7453922073248958,0.5909090909090909,70,4.1,0.158,0.00013302926643861648,0.30874785591766724,1
14985,0.8181837536017029,6.25,0.7545072981397071,0.6756756756756757,34,4.2,0.316,0.003515302686884199,0.32392392392392394,1
20135,0.8212138973387371,10,0.7142261966752959,0.45,1,3.4,0.226,0.0711807338720031,0,1
1938,0.8156998530954109,6.333333333333333,0.7475878145624884,0.717948717948718,11,3.4,0.14,0.11730640983281622,0.04643962848297214,1
1948,0.8250962928152479,96.08333333333333,0.8928082645766845,0.6944444444444444,49,3.8,0,0.01549929071365555,0.31681643132220794,1
2053,0.8235354926333169,101.5,0.8895921479539295,1,19,3.3,0.03,0,0.47649208282582217,1
13898,0.8340404681327404,5.916666666666667,0.7287132354329828,0.7560975609756098,19,3.6,0.146,0,0.28710199676200754,1
20414,0.883492153410774,97.83333333333333,0.8803729481154292,0.6216216216216216,66,4.3,0.121,0,0.5368996007544027,1
15365,0.7588892666569196,96.16666666666667,0.8573055756500195,0.45652173913043476,38,4.3,0.093,0.05248269679592756,0.18503091441588024,1
8385,0.8880709744993605,6.583333333333333,0.7335751243057065,0.7073170731707317,1,5,0.282,0,0.8919499105545617,1
10415,0.7339361397839352,10.083333333333334,0.6323474971977648,0.4864864864864865,23,4.7,0.13,0,0.3130100816130581,0
25518,0.8791328775569055,95.08333333333333,0.855193610645743,0.6888888888888889,1,3.3,0.296,0,0.27408104083392115,1
6343,0.7003000263319072,11.166666666666666,0.7079046896898369,0.8048780487804879,42,3.5,0.209,0,0.18492826738136528,1
22687,0.7721556116027367,97.83333333333333,0.8895298614182386,0.6052631578947368,69,4.2,0.254,0.003584756260093764,0.4467855332466445,1
12907,0.7901856185499805,9.833333333333334,0.689779572580964,0.6046511627906976,36,3.8,0,0,0.7490509026109863,0
10170,0.7168167236256806,6.583333333333333,0.8196480145724683,0.2727272727272727,22,3,0.294,0,0.7960076699936084,0
6878,0.8373393132553328,6.5,0.7527269035642832,0.55,8,4.3,0.065,0.00039882959280810947,0.12750799651061356,1
19222,0.7670175683960333,96.5,0.895384678957459,0.6904761904761905,21,3.8,0.197,0,0.5476679759644149,1
13696,0.8230891530248435,99.41666666666667,0.8968917604252921,0.8043478260869565,54,4.1,0.092,0,0.8999707943925234,1
20413,0.7425168978533174,10.75,0.679722042478859,0.75,58,4.4,0.136,0,0.42802204531537047,1
5285,0.6296117272036166,93.41666666666667,0.858966930571392,0.7948717948717948,35,4.3,0.12,0,1.1156102175969727,1
12398,0.780461042079008,10.916666666666666,0.6730007635022306,0.6388888888888888,1,3.2,0.211,0.03480747330046505,0.26537608388788064,1
16380,0.8975115268518841,5.5,0.8425408356755566,0.7708333333333334,3,3.6,0.027,0,0.25274725274725274,1
19456,0.7730826935288881,9.416666666666666,0.6209123895468338,0.9772727272727273,1,3,0.294,0,1.0100485723831307,0
17701,0.7880039025834871,10.166666666666666,0.7165308776099903,0.7428571428571429,32,4.2,0.1,0,0.49793796960623693,1
15191,0.5858168091061786,99.08333333333333,0.8536609533952455,0.5897435897435898,5,4,0.034,0,0.32553240512162207,1
3454,0.6870986987407934,97,0.8669077887901231,1,67,4.7,0.097,0,0.9477341827131895,1
14547,0.700114693987506,11.666666666666666,0.742064713067603,0.8888888888888888,1,4.6,0.1,0,1.0622121399601292,1
29800,0.6064517778530545,16.916666666666668,0.6507323157501838,0.6875,41,4.6,0.125,0.0548556869101002,0,1
10637,0.902700587114462,10.5,0.6599319795931976,0.3333333333333333,17,4,0.163,0.003970990807427703,0.026417222901193946,1
18136,0.7416721518807038,99.5,0.8741041378618857,0.9772727272727273,1,3.8,0.045,0,0.6272779906812606,1
18637,0.7906641998103775,97.66666666666667,0.8893018789063013,0.5652173913043478,17,3.3,0,0,0.8679508504587649,1
17416,0.9281335555403679,6.583333333333333,0.7811187789140432,0.6923076923076923,19,4,0.085,0.0016647428910244821,0.21262057877813506,1
21954,0.7363583170224067,12.083333333333334,0.7329867492054354,1,12,4,0.103,0.05647227412916219,0,1
26825,0.6500913189594107,19.75,0.8161286196666588,0.8918918918918919,26,3.7,0.2,0.003368067592460423,0.4539506794162053,1
16057,0.924667949667378,6.416666666666667,0.7942470192499369,1,29,3.9,0.248,0.006927529756850347,0.24967303979572772,1
2340,0.8215486442571662,6.416666666666667,0.784634753873026,0.6,29,4.8,0,0,1.016456507800812,1
17549,0.8549239694529159,95.66666666666667,0.8818666306051242,0.6875,9,2.7,0.169,0.036337095551825994,0.3323836116018007,1
1875,0.5306688929555214,18.583333333333332,0.7377927550485431,0.75,20,4.2,0.278,0.003466865522043764,0.43691651106961854,0
22422,0.8853525030118666,98.66666666666667,0.8563493809089913,0.8611111111111112,5,3.3,0.168,0.14978724848945413,0,1
5408,0.8646344829445387,6.333333333333333,0.7829944407569652,0.6923076923076923,1,3.5,0.026,0,0.7386037910309755,1
17215,0.8305617862974144,6.333333333333333,0.7927892664733733,0.6666666666666666,25,4.1,0.144,0.017188143874034004,0.31177205263005026,1
25634,0.82710760403361,97.33333333333333,0.870495408211034,1,38,3.3,0.079,0,0.2621959545126495,1
2120,0.7946835118459638,96.41666666666667,0.8656708823829592,0.8085106382978723,28,4,0.088,0,0.32075471698113206,1
31533,0.6706968228701897,18.5,0.782101141937877,0.625,14,4.4,0,0.05810360583764681,0.3030793137348175,1
3263,0.6737426057800102,95.16666666666667,0.8883958391148524,0.972972972972973,49,4.2,0.255,0,0.5485749310450506,1
6284,0.8457691769579327,5.583333333333333,0.7033640759051971,0.8292682926829268,51,4.1,0.149,0.019495063800698976,0.15644147370096284,1
16938,0.5752318757620534,7.333333333333333,0.8598996817507051,0.8536585365853658,56,4.6,0.041,0,0.45672452473727715,1
2061,0.5551701827676492,18.333333333333332,0.7703758010851802,0.7380952380952381,1,4.2,0.058,0.13831852425139002,0,1
9741,0.7904749685898746,96,0.882302421828623,0.5714285714285714,38,3.4,0.071,0,0.31333093783686666,1
12975,0.7802480268814704,10.5,0.7156115417909696,0.7027027027027027,1,4.8,0.379,0,0.9947591522157996,0
7511,0.8475373677143774,8.666666666666666,0.7773877518694188,0.782608695652174,21,3.6,0.098,0,0.39691099127887625,1
30580,0.7485970632404015,11.75,0.7883005452964639,0.7272727272727273,73,3.6,0.04,0,0.5423479398299542,1
13050,0.7265504399821938,6.583333333333333,0.7725037879036528,0.6304347826086957,58,4.4,0.058,0,0.6470746005594084,1
13537,0.6774514936747985,101,0.8669799124500555,0.4772727272727273,7,4.6,0.09,0,0.5428286484689543,1
15026,0.8534533963634762,11.916666666666666,0.7336224202134138,0.8292682926829268,22,3.9,0.127,0.0023259553065302667,0.2655397311327033,1
25418,0.6180907582243068,97.41666666666667,0.8574248645911028,0.926829268292683,101,4.4,0.281,0,0.6517950231139963,1
18576,0.838198171760192,6.083333333333333,0.7277451107623042,0.5238095238095238,1,4.3,0.022,0,0.7569444444444444,1
22159,0.8682980300440029,6.916666666666667,0.791667271496499,0.8,33,4.6,0.053,0,0.6329256735412248,1
16107,0.773451937639891,10.583333333333334,0.7232868757353452,0.4878048780487805,22,3.3,0,0.04918923806549761,0.17476873409076799,1
12795,0.8427168240132239,11,0.8382260870904347,0.9565217391304348,41,4.7,0.089,0,0.5208284486127394,1
17943,0.8639354153614967,98.25,0.872392428314302,0.8636363636363636,87,3.8,0.098,0,0.27755329524871114,1
11750,0.8013708723254662,10.5,0.7716270703184419,0.6382978723404256,91,3.7,0.251,0,0.33982978723404256,1
9977,0.8845146285027832,10.75,0.6600618302437101,0.7631578947368421,7,3.4,0.136,0,0.45374361030369853,1
17670,0.872589702730258,100.75,0.8831110102896885,0.6511627906976745,15,4.3,0.297,0,0.14924021619174282,1
17160,0.7472255141699689,6.333333333333333,0.773623019288352,0.975,19,4.3,0.159,0.02491675813996672,0,1
10080,0.9106576668198232,91.91666666666667,0.8384819334598692,0.625,39,5,0.044,0,0.7904761904761904,1
4797,0.7933650441033167,10.166666666666666,0.6999507341356864,0.9743589743589743,63,3.8,0.18,0,0.7069738350880851,1
22483,0.6778778432733602,17,0.7209755005733782,0.6842105263157895,5,4.5,0.037,0.03383793434564059,0.08802206111284082,1
4766,0.778463663134377,98.75,0.8813903111380003,0.9782608695652174,18,3.3,0.202,0.15164071888726935,0.11709159584513693,1
8956,0.812417904169853,5.833333333333333,0.7304576819412398,1,18,4.1,0.01,0,0.9582937859416001,1
13793,0.8095919402775347,6.083333333333333,0.8167248197224706,0.8536585365853658,47,4,0.135,0.01695254884950002,0,1
12392,0.7748421357036691,97.41666666666667,0.8868143537886075,0.9375,18,4.5,0.133,0,1.1196739832149774,1
9301,0.8324146007236618,10.5,0.6829367562628861,0.5,19,4.9,0.211,0.07487142189112106,0.03569508654983335,1
13552,0.9476004229355814,5.833333333333333,0.68056171750003,0.8604651162790697,33,3.9,0.184,0,0.3147253071615688,1
13097,0.7508318873194315,6.5,0.7608364345361842,0.6341463414634146,42,4.5,0.246,0,1.0868552666743023,0
3961,0.7079010284087661,94.41666666666667,0.8490680954516999,0.4418604651162791,1,3.4,0.243,0.2238817112874615,0,1
9784,0.7379730953690284,17.083333333333332,0.7157725437666884,1,1,4.2,0.004,0,0.4685439771043083,1
12349,0.7771510150854251,6.25,0.7821315381550907,0.725,35,4.5,0.197,0,0.5270275741992955,1
15260,0.5379278825952614,16.666666666666668,0.675654505195463,0.7959183673469388,30,3.9,0.19,0.0013756938674758274,0.5707077326343382,1
21457,0.7402354748744171,11.666666666666666,0.7592528636235326,0.4090909090909091,34,4.2,0.227,0,0.7749632978351548,0
15774,0.7282178273112486,14.75,0.724435064446165,0.9787234042553191,8,4.5,0.092,0,0.7865090182901702,1
6383,0.7060665822899006,96.16666666666667,0.8809193526079592,0.6829268292682927,26,3.4,0,0,0.20352526439482962,1
17846,0.8000272569574294,97.58333333333333,0.8799479611090244,0.8717948717948718,2,3.8,0.208,0,0.7290913675716567,1
22043,0.8333311833451241,6.833333333333333,0.7548810824116856,0.7674418604651163,1,3.7,0.161,0.02641726524777796,0.20442327322218443,1
31730,0.7348622726348925,17.916666666666668,0.7637960199889373,0.7560975609756098,40,3.8,0.096,0.09326275246991368,0.17204809404497393,1
25059,0.674725951523595,19,0.7324920932986507,0.7441860465116279,9,4.3,0.127,0.014040204504897095,0.48369847160700746,1
6039,0.5062150089084622,17.5,0.7439175302904999,0.6511627906976745,12,4.4,0.271,0.0013029570974813223,0.5105572575970854,0
8488,0.7412519547475367,12,0.7642977396044841,0.75,41,4,0.027,0.009036011703210682,0.29195876288659794,1
3788,0.6461392616131261,18.916666666666668,0.8125293142647294,0.6666666666666666,29,3.5,0.189,0,0.600844772967265,0
2185,0.8856431769754044,6.5,0.7448750161265076,0.6216216216216216,37,3.4,0.098,0,0.5162471395881006,1
21600,0.5411991483153423,11.166666666666666,0.7635376191379872,0.6666666666666666,1,3.4,0.116,0,0.6057547628417325,0
22294,0.805357249432835,11.416666666666666,0.8160641873232971,0.5121951219512195,16,4.3,0.205,0,0.8897461200322957,1
2050,0.7142561395649518,6.166666666666667,0.782101141937877,0.625,80,4.3,0,0,0.5337887289582826,1
2017,0.6594642792380978,103.41666666666667,0.9499948219690566,0.4523809523809524,13,4.1,0.088,0,0.9350520575111552,1
16182,0.781839637869279,7.25,0.7351329052459101,0.8780487804878049,103,4.8,0.131,0,0.4811518971696947,1
9398,0.6428181688457861,18.166666666666668,0.689561021730484,0.9743589743589743,36,4.5,0.153,0.000040064102564102564,0.8994945464219207,0
17881,0.846882023017005,11.416666666666666,0.6812466341474738,0.9767441860465116,32,3.8,0.077,0.05774923973054294,0.20664392371791288,1
9347,0.5266266281103674,15.333333333333334,0.7735579711304386,0.5526315789473685,2,3.5,0.201,0,0.8418743982026319,0
18861,0.8188828234730909,11.916666666666666,0.7083823851469504,0.7333333333333333,32,4.1,0,0.026532618959958492,0,1
1789,0.6796293103657118,16.666666666666668,0.7450490243203607,0.7619047619047619,31,5,0,0,0.2722191168250419,1
25141,0.7605971965040297,101.33333333333333,0.8596662565282793,0.4634146341463415,59,4.5,0,0.015174406010678739,0.23571059225965554,1
15452,0.7536386517771908,11.25,0.756229886342158,0.5952380952380952,26,3.9,0,0,0.5282164121149365,1
12654,0.6918853842170496,17.583333333333332,0.6623742452896918,0.6744186046511628,23,4,0.252,0,0.5286865813181603,0
17681,0.7442063050397181,11.416666666666666,0.6636786559559628,1,9,4.3,0.052,0.11950818709672067,0.10095868329515569,1
6957,0.6511489362888434,18.916666666666668,0.7460552063201351,0.6046511627906976,1,4.5,0.182,0.01862984453221255,0,0
25028,0.649948594493105,10.833333333333334,0.7286893524838709,0.7368421052631579,1,4.4,0.169,0.004086389540187239,0.2136007671408023,1
9318,0.6896463566788346,105.75,0.9058222965151674,0.5882352941176471,1,4.8,0.081,0.1675875574286854,0,1
13114,0.9089308080861258,6.166666666666667,0.8032402732626887,0.5853658536585366,10,3.7,0.236,0,0.9206191856031721,0
27656,0.8405554324159614,10.333333333333334,0.6831147950905081,0.6666666666666666,36,4,0.035,0.16710844747449902,0.006436216372577379,1
21619,0.8280153532127885,101.5,0.8595411090701157,0.5714285714285714,44,4.1,0.025,0,0.3293938062307746,1
8264,0.49203931197426987,18.083333333333332,0.7069834593183497,0.6976744186046512,8,4.4,0,0,1.0690385429902585,0
3488,0.7690114902457346,90.16666666666667,0.8576949872613362,0.6304347826086957,39,3.9,0.137,0,0.8090596330275229,1
5846,0.7361497605832984,98.33333333333333,0.8638570465896732,0.4634146341463415,1,5,0.076,0,1.7242559014710914,1
12168,0.674932928390461,10.416666666666666,0.7107803602795965,0.6410256410256411,4,4.2,0.256,0,0.3136223546332443,0
14109,0.8975576802851151,6.166666666666667,0.7628388003407535,1,35,4.5,0.182,0,0.6557040082219938,1
24030,0.786338317924188,6.583333333333333,0.7264533824686796,0.7857142857142857,27,4.1,0.261,0,0.7211136311616971,0
9353,0.6069553284041209,8.333333333333334,0.7087956044287793,0.7692307692307693,33,3.5,0.21,0.009700613729297864,0.0090884790163058,0
9045,0.8085168101932033,98.33333333333333,0.8657053709183709,0.9736842105263158,1,3.2,0.145,0,0.41359867330016586,1
11061,0.7848049245648234,91.16666666666667,0.8775410000657099,0.8085106382978723,24,4,0.037,0.09202079597322242,0,1
12318,0.9279036191357098,95,0.8383487789503237,0.6176470588235294,75,4.2,0.022,0,0.5296314336742978,1
17021,0.754459811063412,95.91666666666667,0.8639015727050774,0.4883720930232558,17,4.9,0.105,0,0.3182045180811375,1
23065,0.5848923651725048,18.75,0.7725503718769069,0.6136363636363636,51,3.4,0.081,0.052366041856941624,0.16973769781053544,1
3840,0.8463394839346968,6,0.6597930912801142,0.7297297297297297,1,3.8,0.194,0.0013646353624351033,0.05755208333333333,1
5939,0.8509244011391544,103,0.905953779373978,0.5833333333333334,1,4.6,0.151,0,0.6150867149351743,1
16487,0.6843467479092928,20.166666666666668,0.7555338932603464,0.75,42,2.8,0.152,0.006761374947250387,0.22733062412810093,1
20210,0.7399250021495101,11.333333333333334,0.6957623402121,0.75,69,4.1,0.175,0,0.5973428338157797,1
26810,0.7469443427973373,6.583333333333333,0.8092845674263371,0.7142857142857143,49,3,0.121,0,0.5982207799474067,1
11979,0.7151495542413,18,0.7335649153715156,0.7555555555555555,56,3.8,0.254,0,0.8362968528257785,0
12725,0.8425634784550955,5.833333333333333,0.7919968603062709,0.45,25,4.1,0.214,0,0.4002514833588746,0
16713,0.772609870669268,94.75,0.8545777540301152,0.5,3,3.3,0.306,0,0.4888410219589541,0
12360,0.8988053085816721,11.333333333333334,0.6482864487323119,0.4634146341463415,5,3.7,0.045,0,1.1542538128565072,0
15066,0.7830293597652151,6.083333333333333,0.7936093263928854,0.7083333333333334,1,4.6,0.037,0,0.6754505326739902,1
5348,0.828693426044704,97.08333333333333,0.9045278994073993,0.725,44,4.3,0.04,0,0.7299925205684368,1
2332,0.6749141998121595,92.16666666666667,0.8655141172647157,0.35,60,3.8,0.004,0.136354701104385,0.03344768439108062,1
13260,0.7318223622122197,94.91666666666667,0.8628718278418357,0.7272727272727273,1,4,0.126,0,0.9897435897435898,1
21586,0.7011884191302897,6.416666666666667,0.784634753873026,0.5897435897435898,31,3.1,0.171,0.021347887473989885,0.09376664890783165,1
24309,0.6789653811272509,100.33333333333333,0.8825404017962546,0.38461538461538464,45,3.7,0.106,0.0131669965281384,0,1
16420,0.6440053048605985,19.666666666666668,0.7514766390065224,0.6,1,4.3,0.206,0.01582675985538583,0.32503045066991476,1
26514,0.850132929300184,6.833333333333333,0.8033595671146695,0.29545454545454547,43,4.1,0.1,0,0.40699253224711474,1
9787,0.6847401706818521,97.75,0.8671963434172809,0.6428571428571429,102,4.3,0.198,0.0013449993250094956,0.20191079548357432,1
9656,0.8131341367450178,6.666666666666667,0.793844718719117,0.5714285714285714,27,3.7,0.029,0.001961333706920706,0.615990057995029,1
32242,0.5227861795102523,19.333333333333332,0.7959972488586339,0.6,40,3.8,0.079,0,1.3773242560054588,0
19928,0.6359564494101909,8.25,0.6194988242053059,0.868421052631579,39,4,0,0,0.1931501693639443,1
9466,0.5068688674585446,99.83333333333333,0.8943224225836497,0.575,22,4.5,0.257,0,0.6076484259454891,1
17964,0.6694498613797628,18.666666666666668,0.6998618515362213,0.9767441860465116,25,3.7,0.041,0.015541858703615415,0.1245859659865839,1
13182,0.6513482251295266,6.666666666666667,0.7106040774302443,0.6190476190476191,23,4,0.118,0,0.8352615407958123,0
1849,0.7482589650741257,6.333333333333333,0.7559574080132709,0.675,16,3.4,0.162,0,0.4122261292940222,0
24111,0.9133256182070938,92.16666666666667,0.8520380114696084,0.8409090909090909,20,3.6,0.064,0,0.6923810708805109,1
11789,0.6994035596223838,10.583333333333334,0.6902998356016199,0.5897435897435898,14,3.4,0.228,0,0.366952243616931,0
12937,0.7231389660959668,18.5,0.7402966611639716,1,44,4.9,0.137,0,0.5720027827162403,1
20490,0.6498609532908063,11.75,0.7217724078591059,0.43243243243243246,75,4.8,0.107,0.0012901677218038344,0.38028306490971203,1
16398,0.8321781676762828,100.16666666666667,0.8695885313977624,1,20,5,0.256,0,0.323027198438834,1
10946,0.7796086056618958,6.5,0.7692307692307692,0.4,59,4,0.014,0.07650456778579202,0.006121237038052167,1
17758,0.8522489509971672,10.25,0.7639474611226346,0.5,25,3.7,0.152,0,1.4002139880617186,0
3746,0.6481462330266552,18.583333333333332,0.7296369453814733,0.7631578947368421,39,3.7,0.213,0,0.689001601708489,0
10010,0.8412907964959191,6.083333333333333,0.7277451107623043,0.46511627906976744,26,4.4,0.214,0,0.4123083071082472,0
17447,0.5461990258502855,8.916666666666666,0.6022818162438651,0.7954545454545454,1,4.1,0.297,0,0.6058921304522268,0
12680,0.5618724569963174,16.666666666666668,0.793118391344228,0.7222222222222222,20,3.9,0.104,0,0.2669663630269332,1
26246,0.7543139286277332,94.66666666666667,0.8749876022811498,0.5609756097560976,1,3.7,0,0,0.9524879981711499,1
21452,0.527922055793658,106.75,0.8873197964991156,0.6944444444444444,56,3,0,0,0.5941170986388216,1
8284,0.8434088281383791,7.083333333333333,0.766181095125273,0.6976744186046512,79,4.6,0.164,0.014210881653114843,0.43725478360596365,1
5865,0.6428353278169211,95.08333333333333,0.8854764737478354,0.9444444444444444,31,4.1,0.082,0,0.2745332082871515,1
11535,0.9605135575706543,6.583333333333333,0.8092845674263371,0.5952380952380952,3,4.1,0,0,0.2730937621916858,1
21086,0.7265918874005957,95.41666666666667,0.8216564803131812,0.7755102040816326,42,5,0.113,0,0.5210092004173386,1
6517,0.6646290487157089,19,0.7819332825498938,0.4444444444444444,13,3,0.035,0.005785474518732135,0.41632778331926645,0
20519,0.8015095231250389,93.83333333333333,0.8611266848355816,0.5789473684210527,24,4.1,0.318,0,1.3337719618880521,0
18066,0.8740293564725704,105,0.8523553529621145,0.5652173913043478,14,5,0.137,0.08657583120617084,0.16445711438930558,1
20367,0.7405895156692823,10.833333333333334,0.6570231260060315,0.6486486486486487,6,3.8,0,0,0.6912652820739431,1
35045,0.7802323672096962,9.666666666666666,0.6802200518794584,0.7352941176470589,43,3.6,0.262,0,0.7139392210015694,1
20014,0.6574607017044867,6.333333333333333,0.7022708289740852,0.6285714285714286,13,3.4,0.153,0.0007133654248970461,0.4059658239232537,0
18898,0.7096435258103618,7.083333333333333,0.8136120056734722,0.7272727272727273,73,5,0.086,0,0.4129537517197587,1
20294,0.7152473005427583,94.91666666666667,0.8575127787445638,0.7804878048780488,47,4.1,0.186,0.10338112111458009,0,1
19844,0.7219357628317984,17.916666666666668,0.7140764113617919,0.7560975609756098,1,4,0.049,0.08709933603076513,0,1
2552,0.7424436763559081,6.583333333333333,0.7994559554714575,0.7317073170731707,27,3.8,0.099,0,0.21865203761755486,1
12182,0.7278474429180579,11.416666666666666,0.6561586653047042,0.7272727272727273,46,4.2,0.148,0,1.171120141197718,0
15942,0.679447010809223,20.416666666666668,0.7751394527209907,0.5,36,4.7,0.158,0,0.6148731298811279,1
14262,0.48237425571588965,20.75,0.7202846562350868,0.6285714285714286,26,3,0,0,0.37766013392700626,0
18846,0.7330221551501597,9.75,0.6468730211946394,1,35,4.6,0.123,0,0.9263749966835584,1
8312,0.9455696857930483,98.25,0.8790612250553064,0.775,51,4.3,0.054,0,1.0134151476869397,1
8119,0.8763661369292322,7,0.8065705141753343,0.5,21,4.1,0.127,0.0010539955132668059,0.20250046190798793,1
21222,0.7582125946273409,6.166666666666667,0.7126987618179825,0.825,75,4.5,0.013,0,0.6656300065969277,1
6270,0.570540226567689,18,0.7567791567303019,0.6486486486486487,18,3.4,0.112,0.002306111004469477,0.13142993859159421,0
19280,0.8369417113331794,6.916666666666667,0.7834674607757659,0.9777777777777777,21,4.5,0.174,0,0.2924792531120332,1
13188,0.6562356852051856,97.08333333333333,0.894329917865282,0.9555555555555556,39,4.1,0.138,0.1204877567664761,0,1
2136,0.5797515548490144,17.25,0.7990082699254616,0.4782608695652174,92,4.7,0.12,0.00712294266522855,0.5961133224069305,1
17855,0.7894211954861006,6.083333333333333,0.7728339184688082,0.7021276595744681,43,3.5,0.15,0,0.6618499537931614,1
18346,0.6117425526693163,18.583333333333332,0.7131797059561007,0.6666666666666666,1,3.3,0.089,0.08039998802452838,0,1
13526,0.7928202443515372,9.833333333333334,0.7189301025122543,0.625,1,4.1,0.171,0,0.9957858938340973,0
17957,0.7686219672396323,9.166666666666666,0.6642511761341929,0.717948717948718,42,4.3,0.01,0.0955902201189431,0,1
2765,0.6653957901649583,15.166666666666666,0.7065707709270618,0.7,62,3.7,0.131,0.00881697566877236,0.5236889692585895,1
16808,0.8895597488666639,89.91666666666667,0.8796643077531677,0.5714285714285714,91,3.4,0.05,0,0.6622638702959988,1
27526,0.6904369520387323,18.833333333333332,0.8201557395318444,0.7575757575757576,28,4.3,0.153,0,0.7152873646733997,1
23012,0.6657725943840525,18.25,0.7428692561588842,0.4146341463414634,26,3.3,0.205,0,0.7963671128107075,0
9147,0.6455140233237199,7,0.7979694910895578,1,35,4.6,0.208,0,0.5015852191975511,1
13357,0.6392134920497192,20.666666666666668,0.758602749240391,0.975609756097561,72,4.5,0.122,0,0.5436304421068394,1
9253,0.8196269439684534,11.75,0.7614869259460959,0.725,55,3.8,0.005,0.0884661539097844,0,1
10204,0.8478949948431607,9.25,0.6753005172803586,0.7368421052631579,61,4.2,0.077,0,0.401313210505684,1
6952,0.7842752659195427,6.25,0.73770245902792,0.65,32,3.7,0.049,0,0.7799194476409667,1
6198,0.7520435528068741,10.666666666666666,0.6282694608321775,0.9736842105263158,3,4.7,0.182,0,0.29606324620845437,1
5729,0.6437073910901498,16.583333333333332,0.705140289403405,0.5434782608695652,51,4.3,0.035,0,0.7008815571266475,1
19639,0.7477096038108468,6.333333333333333,0.6886273798368623,0.7906976744186046,42,3.1,0.114,0,0.688273333672794,1
1896,0.6483391317907895,11.666666666666666,0.6408627117149561,0.9459459459459459,5,3.9,0.163,0,0.3728902953586498,0
16048,0.6344027491888157,5.833333333333333,0.7492867317887965,1,48,4.2,0.175,0.004929768366574978,0.3927091447265929,1
20329,0.614609080645236,15.75,0.7580558017952661,0.65,44,4.1,0.089,0.009493448850180086,0,1
14720,0.7892129435801843,9.666666666666666,0.683021098088789,0.75,39,3.8,0,0.05989564875810239,0.30686141304347825,1
1950,0.6117734005072826,16.333333333333332,0.6874817789568661,0.7560975609756098,49,4.3,0.137,0.0011352720286437864,0.7124903821492691,0
21364,0.4033694370538331,19.083333333333332,0.7642325766516491,0.7551020408163265,59,3.7,0.03,0.024768646742114115,0.1255382887099794,1
6963,0.7523348110549716,6.166666666666667,0.7537720654285325,0.5897435897435898,30,3.7,0.293,0.10922847043178213,0.19317773788150808,1
19675,0.762434484097557,6.083333333333333,0.7631285415645126,0.6923076923076923,56,4,0.042,0,0.27598475222363406,1
18250,0.7726445962125024,95.16666666666667,0.8514683786052367,0.8,28,3,0.061,0.003884918875219363,0.3426849315068493,1
16062,0.6806345149971573,9.166666666666666,0.7119458269499117,0.8780487804878049,103,4.1,0.141,0.05449536124745776,0.3231851575146308,1
19125,0.785029522353206,20.916666666666668,0.833859287155434,0.8,21,3.2,0.164,0,1.0620408376689587,1
27251,0.6386772779364412,16.166666666666668,0.7715616514828831,0.6341463414634146,1,3.6,0.128,0,0.7180653920957029,0
9213,0.8558531148352788,5.833333333333333,0.7805386929180398,0.6,7,3.4,0.203,0.019390754312043183,0.1886464778031043,1
1789,0.8595640608878745,5.666666666666667,0.7920274172980744,0.6829268292682927,1,4,0.16,0,0.704304080491895,1
5410,0.8318010556115303,6,0.7848342585440324,0.3170731707317073,7,3.9,0.274,0,1.0068391866913124,0
1698,0.7108925669645216,11.416666666666666,0.7434849140028383,0.7692307692307693,23,4.2,0.264,0.0035090627763041554,0.569661266568483,0
21613,0.8324666991798635,96.58333333333333,0.8544657098756554,0.9318181818181818,15,3.5,0.131,0.05717583396484,0,1
2552,0.9006677513091442,11.25,0.6535898384862245,0.5106382978723404,41,3.2,0.1,0.02000675724055179,0.10856359004507153,1
21685,0.6904109313426277,99,0.874108288916903,0.6428571428571429,59,4.4,0.175,0.08143525473512163,0,1
8832,0.7590476928560616,102.83333333333333,0.8772612920897557,0.85,39,4.5,0.087,0,0.849411231884058,1
7301,0.7789258808965167,6.166666666666667,0.7126987618179825,1,57,4.8,0.074,0.0011479739107218842,0.06642925626626489,1
13049,0.7142201812690543,98.83333333333333,0.8820163969665308,0.8297872340425532,32,3.5,0.062,0,0.8732469921066749,1
10893,0.7264073530144333,6.75,0.7982699427361952,0.525,3,3.9,0.16,0.006366301747347508,0.46635453961259526,1
14970,0.7888894708384224,10.416666666666666,0.6805003912365462,0.6410256410256411,57,4.5,0.018,0,0.7269205076820308,1
19413,0.8085008077517812,6.333333333333333,0.7239976715341707,0.6153846153846154,43,4.1,0.133,0.03716917795310934,0.3403992273019961,1
14147,0.7897551853967041,97.75,0.8491193094323342,0.7209302325581395,40,3.3,0.041,0.0031375377832775844,0.25496571711316884,1
8816,0.6535117369117244,94.75,0.8716672309203388,0.7291666666666666,29,3,0.336,0.10073445368081531,0,1
3018,0.6223999623741333,17.583333333333332,0.8121524058520719,0.6829268292682927,47,4.3,0.158,0.09314818703667155,0.09642147117296222,1
6440,0.8146738334357678,10.666666666666666,0.7509784773357933,0.5,26,4.4,0.145,0,0.7156832298136646,1
21321,0.6387012405593645,102.41666666666667,0.8879290046426878,0.9787234042553191,1,3.7,0.139,0,0.32301486797054546,1
24151,0.7945519185731369,7.166666666666667,0.8405661720836967,0.5789473684210527,32,3.6,0.069,0.002261111499481739,0.24106662250010352,1
8700,0.7332056482515478,99.08333333333333,0.8443843355314561,0.5813953488372093,60,3.5,0.082,0,0.630266107247543,1
16150,0.8011114025032725,6.5,0.8398718461949128,0.8461538461538461,34,3.2,0,0,0.491640866873065,1
25815,0.8183123007270418,6.833333333333333,0.7859764783562897,0.975609756097561,41,3.5,0.003,0.0005550484047288997,0.21100544267756494,1
20579,0.6473526375998475,9.666666666666666,0.6334432478367362,0.5952380952380952,41,4.4,0.058,0,0.40444142086593127,1
21990,0.7821668851083057,95.08333333333333,0.8980820030616844,0.8809523809523809,21,3.4,0.089,0.02714011629678093,0.2153755201346097,1
6915,0.7604916389802809,103.08333333333333,0.8878817279928766,1,60,4.7,0.258,0,0.5381444789934197,1
12678,0.7402292673382251,6.833333333333333,0.7548810824116856,0.7380952380952381,35,3.7,0.147,0,0.5955986748698533,1
15173,0.6618367253438197,6.083333333333333,0.8432120117498685,0.4888888888888889,1,4.1,0.041,0,0.7535095234956831,1
15428,0.5524875325257781,16.666666666666668,0.6879102693134553,0.5581395348837209,1,3.7,0.306,0,0.4360254083484574,0
16767,0.7397696716810938,9.833333333333334,0.6153625180369419,0.7659574468085106,22,3.9,0.155,0,0.4051531327349178,1
10945,0.5884213294386944,17.833333333333332,0.748356784713341,0.7727272727272727,11,4.1,0,0.000881790611814346,0.39031521242576517,1
11397,0.6632274596200882,17.5,0.6788625657126216,0.6153846153846154,17,4.1,0.208,0,0.863773965691221,0
23205,0.4565751914728542,18.083333333333332,0.7900821755957534,0.675,5,4.3,0.22,0.006099372406961922,0.16328377504848093,0
7426,0.8173641536032301,6.833333333333333,0.7944841518737473,0.9772727272727273,40,3.6,0.143,0.015165647543725453,0.28656073256127124,1
12284,0.7261428302196824,97.83333333333333,0.8780662089481949,0.9523809523809523,35,3.1,0,0,0.7987951316807099,1
26125,0.6836588025054268,18.833333333333332,0.8124812380494062,0.9210526315789473,51,4,0.123,0,0.788072498995196,1
32506,0.7096266054127556,9.083333333333334,0.5725321923955324,0.5476190476190477,52,4.1,0.064,0,0.5708880035686269,1
20929,0.7820267541698943,9.75,0.7380931034864178,1,43,4.4,0.337,0.00039033709608596144,0.23660948922547662,1
13025,0.7148494460722985,16.666666666666668,0.7108633541039808,0.6976744186046512,37,4.3,0.218,0,0.24162155936888172,1
4767,0.5420177825658161,10.5,0.6447138208635017,0.55,44,4.1,0.025,0.13850304551693357,0,1
18621,0.6729845406376243,17.416666666666668,0.7733955935652705,0.39473684210526316,48,4.4,0,0,0.7809672135549529,1
9485,0.7457966078813412,10.916666666666666,0.6838735993763563,0.4418604651162791,10,4.4,0.124,0,0.6968898260411176,0
6415,0.7811410161711516,102.16666666666667,0.8676014108649734,0.5609756097560976,43,4.2,0.131,0,0.30459859703819175,1
2311,0.6893875906875152,11.25,0.6961156815293923,0.6829268292682927,5,3.8,0.068,0,0.8052790999567286,0
7874,0.7442770652384137,9.666666666666666,0.6008332102486129,0.44680851063829785,48,4,0.016,0,0.5511811023622047,0
17823,0.5817862833288632,17.25,0.7218548952563327,0.6304347826086957,18,4.7,0.245,0,0.5125543554495722,0
9450,0.6866226604553626,17,0.7504329007576891,0.574468085106383,23,3.2,0.224,0,0.8171860945023546,0
8387,0.7539028926516802,11.583333333333334,0.7214609973725764,0.96,1,4.3,0.16,0,0.4408275204197222,1
14751,0.9311650018859126,89.83333333333333,0.8794348542420783,0.782608695652174,35,4.2,0.056,0,0.6530626080471849,1
28211,0.7255382858064913,9.75,0.6228647611468341,0.6944444444444444,37,3.4,0.146,0.05854840687768758,0,1
29352,0.7505990586759602,17.833333333333332,0.8185374968322654,0.5609756097560976,41,4,0.096,0,0.6487121831561733,1
8124,0.834851106924998,99.08333333333333,0.9028058577178588,0.8809523809523809,72,4.4,0.195,0,1.0265279743952729,1
14946,0.953888088738827,94.5,0.897813714731069,0.6190476190476191,53,4.2,0.043,0,0.6684286240005353,1
25654,0.8600901038652868,10.833333333333334,0.6488396242918977,0.4864864864864865,23,3.9,0.099,0.0492828292246123,0.14387619864348639,1
9937,0.6803260902064503,18.5,0.7068263045896761,0.9782608695652174,40,3.6,0.116,0.14309460588248002,0,1
16437,0.8641421100672042,10.25,0.6736807765790329,0.6410256410256411,70,2.6,0.108,0.00016243062572119418,0.35530678672466764,1
16914,0.9383453504714838,96.66666666666667,0.860611152197188,0.9230769230769231,3,4.4,0.105,0,0.6477665769947084,1
7035,0.8718274343827483,12.083333333333334,0.6681762283111887,0.7674418604651163,16,4.8,0,0.0002141969755387054,0.39988627478854216,1
19743,0.7485331974182763,17.5,0.6927187465733013,0.8333333333333334,61,4.1,0,0.10098130354553093,0.014080940080028364,1
16282,0.786390693509422,11.5,0.6736715869797767,0.42105263157894735,81,4.5,0.227,0.08612504588686587,0,1
1866,0.6121460567839543,10.5,0.7435635806126426,0.6888888888888889,1,4.1,0.099,0.0445858185382919,0.0021441972661484857,1
1955,0.9384037947167212,93.25,0.8928396174480108,0.7894736842105263,49,3.8,0.167,0,0.4649616368286445,1
19893,0.623800422701847,17.666666666666668,0.7465088897633132,0.5,35,3.4,0.174,0,0.7611411335930627,0
9703,0.715821148435936,7.583333333333333,0.7750605550499041,0.5952380952380952,57,4.3,0,0,0.9203813450141716,1
14891,0.7226460835142758,19.583333333333332,0.8433603206867577,0.5,21,3.7,0.055,0.00005273705305347537,0.40507689208246594,1
10933,0.5430872845880687,17.166666666666668,0.861671778167233,0.5319148936170213,42,4.2,0.098,0.00497261006103066,0.18220900983306654,1
28381,0.7088985005034742,6.25,0.8383419246269048,0.95,57,3.9,0.037,0,0.902540431979141,1
21456,0.9204179346666734,6.666666666666667,0.7938447187191169,0.7291666666666666,17,3.9,0.173,0.0003531638147022762,0.46182885906040266,1
2596,0.6290801845003918,100.5,0.8665343098955569,0.5714285714285714,55,4.1,0.096,0,0.8270416024653313,1
9735,0.4797312237737348,9.666666666666666,0.63101836967185,0.6363636363636364,37,4.2,0.116,0.004361964772643526,0.4440677966101695,0
15079,0.5671767002783412,99.16666666666667,0.9102923956633108,0.8717948717948718,30,3.9,0.209,0.027651168699480172,0.33152065786855894,1
26424,0.7859765462842152,7.25,0.8606395901956075,0.625,32,3.5,0.065,0,0.9575567203436335,1
11781,0.7162221113930429,100.33333333333333,0.8881725403341738,1,12,4,0.05,0,0.5817842288430524,1
15432,0.8521811794143728,6,0.8075499102701248,0.975,29,4.5,0.223,0.04474958519959916,0.4413051226387584,1
24509,0.6371406920587128,18.916666666666668,0.7478959660295244,0.6111111111111112,1,4.1,0.065,0.03801609009015787,0.18393243298380188,1
26701,0.6176116290868795,11.416666666666666,0.7313114989882341,0.8974358974358975,32,4.2,0.21,0,0.4172206512986648,1
11751,0.7056021721716981,5.833333333333333,0.7805386929180398,0.425,32,3.1,0.221,0,0.8012084077950813,0
6164,0.7708641499300418,10.333333333333334,0.6525700124429352,0.6818181818181818,21,3.9,0.169,0,0.49744463373083475,0
14427,0.7701206373351764,7.833333333333333,0.8451040449089251,0.5641025641025641,37,4.4,0.166,0.0003688722684372535,0.18147159740754862,1
14393,0.5873339441736394,94.83333333333333,0.8861165354001939,0.6976744186046512,1,3.4,0.125,0.05381805195997513,0.047316310578426266,1
2290,0.6761574337057942,11.416666666666666,0.7642663465408008,0.5135135135135135,34,3.9,0.117,0,0.3506550218340611,1
11332,0.6284266338703941,16.833333333333332,0.7247239846642011,0.717948717948718,32,4.9,0.028,0,0.627101442880466,1
13449,0.5516879362825031,17.666666666666668,0.7465088897633132,0.8372093023255814,21,3.8,0.058,0,1.018031750752872,1
11074,0.5565550525547622,19.166666666666668,0.7224193095736979,0.6097560975609756,20,4,0.133,0.003645832775025226,0.2513996749142135,1
1989,0.907835921945662,6.083333333333333,0.7829728833184266,0.6829268292682927,1,3.2,0.063,0,0.31825037707390647,1
1831,0.8854458219645982,8.916666666666666,0.6499379289658309,0.813953488372093,34,4.1,0.236,0,1.0988530857454943,0
5801,0.6082930491039282,17.75,0.701776291771695,0.6904761904761905,73,3.5,0.164,0,0.8558869160489571,0
34680,0.7533648789278988,5.833333333333333,0.8041241542742559,0.6,1,4.3,0.198,0,0.15914071510957323,1
10120,0.6216334897417576,17.75,0.7479174881003043,1,23,3.8,0.164,0.00011303871873587016,0.2772864271950195,1
13071,0.8180041527647461,100.08333333333333,0.9053460668786167,0.47368421052631576,19,4.2,0.112,0,0.3845153393007421,1
31852,0.8664929374485129,94.5,0.8836379738750851,0.6153846153846154,6,4.4,0.11,0,0.24202941776682416,1
7358,0.7418191124970042,97.83333333333333,0.909165604860182,0.6,41,4.1,0.255,0.07325399347604022,0.08576282704723072,1
13011,0.5530692470566008,99.33333333333333,0.8752508033863013,0.28205128205128205,29,2.8,0.125,0.03907972920867139,0,1
8876,0.9001447524501147,11.583333333333334,0.7126802079465344,0.2926829268292683,59,4,0,0,0.8182074249338065,1
18467,0.6681261662448014,17,0.749280159754031,1,25,3.2,0.084,0,1.0219851627226946,1
11657,0.7288574501839054,98.66666666666667,0.8723124919664578,0.8,20,3.4,0.172,0.030561113670104972,0,1
5043,0.8527013926591742,102.75,0.9163616087936939,0.7441860465116279,43,3.5,0.209,0.036649811433347994,0.09221616261774913,1
16345,0.7702778801271257,9.5,0.6340937962348384,0.40816326530612246,1,4.3,0.068,0.0008896644938322299,0.31374468475634004,0
10442,0.7697147598344578,6.333333333333333,0.7559574080132709,0.6170212765957447,61,4.2,0.201,0,0.24306852463726475,1
24932,0.5972822867143044,6.166666666666667,0.7204302585732811,0.41304347826086957,24,4.1,0,0.047680136834658104,0.16557367186089886,1
6420,0.7905711983598679,11.666666666666666,0.8137370741370672,0.6444444444444445,6,4,0.215,0,0.8334890965732087,0
16425,0.831690956109342,10,0.6440973915989563,0.425,15,4.2,0.062,0,0.2876712328767123,1
7987,0.7019574321677593,10.166666666666666,0.6279735830193371,0.5365853658536586,32,3.6,0.206,0,0.6757230499561788,0
29222,0.4570133697143579,19.666666666666668,0.7387960168233485,0.6976744186046512,13,4.5,0.05,0,0.8975771678872083,0
16089,0.6742322401160552,6.916666666666667,0.7202846562350868,0.8297872340425532,9,3.5,0.157,0.02855988121243548,0.123815147465581,1
13901,0.7965113050665457,10.666666666666666,0.7127378701429651,0.6511627906976745,43,3.9,0.02,0.014071020966920882,0.32718247545052337,1
12197,0.785595928337951,6.333333333333333,0.7394869753523245,1,1,4.3,0.18,0,0.24088877956790883,1
20380,0.7127261183394926,9,0.6515761532920967,0.5555555555555556,10,4,0.13,0,0.2268891069676153,0
1876,0.74089094729091,95.41666666666667,0.8686496562728563,0.825,10,3.5,0.002,0,0.5603838976272993,1
18218,0.678799005254012,100.66666666666667,0.8968183016497823,0.8709677419354839,34,4,0.204,0.024355734491418948,0.08771785371209002,1
22707,0.8412163039555989,6.583333333333333,0.7484226972866862,0.6666666666666666,45,3.5,0,0.07017958256133959,0.04236672318499108,1
10671,0.8410822711856775,93.83333333333333,0.8609904454485033,0.7391304347826086,37,4.2,0.034,0.00107293787908647,0.3943397994564708,1
9105,0.8950027467416045,92.08333333333333,0.852660900569737,0.7954545454545454,27,4,0.088,0,0.4420890768301389,1
15530,0.791766246685278,6.916666666666667,0.8500012096627864,0.75,9,4.4,0,0,0.7890788499307769,1
15677,0.8074946437344209,96.66666666666667,0.846135782639151,0.6923076923076923,22,4,0,0,0.3793576372276975,1
25708,0.8288923844172309,99.75,0.8623529934633127,0.48936170212765956,1,3.5,0,0.039553152533925696,0,1
24153,0.7559546073295416,100.16666666666667,0.8798650448839621,1,1,4.2,0.18,0,0.9425525307939137,1
15416,0.8360994134638291,11.333333333333334,0.744439011809077,0.775,41,3.9,0.143,0,0.42230222827673447,1
20051,0.6637938336208948,17.416666666666668,0.7261836568837418,0.7058823529411765,15,4.3,0.225,0.019108691764445025,0.4165877013615281,0
15858,0.8336343902243284,6.416666666666667,0.7418882218915352,0.5952380952380952,9,3.5,0.113,0,1.5306469920544836,0
4779,0.8921995913949698,10.916666666666666,0.7423734804475388,0.7619047619047619,20,3.8,0.112,0,0.6692476718635555,1
14670,0.8849956287006636,9.166666666666666,0.6613102543600518,0.7297297297297297,34,4.7,0.084,0,0.6844132383516821,1
19930,0.7009233466806879,92.75,0.850272837293038,0.7692307692307693,37,3.8,0.161,0,0.9716249780476178,1
6190,0.8687842961888999,9.666666666666666,0.7033680942399094,0.5217391304347826,20,3.4,0,0,1.1737620163179578,0
10649,0.7258174358145999,7.083333333333333,0.7591824765828386,0.8205128205128205,63,5,0.281,0,0.15278429899521082,1
14434,0.9483653132150702,6.75,0.7571319065073333,0.4358974358974359,41,4.4,0,0,0.5231579312017183,1
11346,0.7410284415960312,99.5,0.8783891911662536,0.5319148936170213,1,4.1,0.159,0,0.3134144191785651,1
19537,0.7094391837854894,10.416666666666666,0.6877949391825943,0.717948717948718,19,4.3,0.26,0,0.8104110149971848,0
24972,0.8009822878081864,5.5,0.783593077922944,0.6521739130434783,1,4.3,0.156,0,0.2515267404841519,1
2083,0.5998455302262302,20.833333333333332,0.7965104425283696,0.8095238095238095,10,3.6,0.158,0.0010547902254759462,0.34037445991358617,0
2111,0.6831775512829694,18.333333333333332,0.790711555759612,0.37777777777777777,1,4.4,0.026,0,0.3704405495026054,1
8468,0.634317223135986,18.333333333333332,0.7438363126617205,0.6285714285714286,33,4.3,0.073,0,0.5119574844995571,1
12613,0.8215343519053226,96.66666666666667,0.8764140625002936,0.5918367346938775,43,4,0.149,0,0.8020614469772052,1
5231,0.9291555529458362,94.58333333333333,0.8706225074369374,0.6363636363636364,43,4.1,0.154,0,0.47873052289456075,1
28337,0.6887675579137178,9.5,0.6522065333052806,0.625,1,3.7,0.098,0,0.8202142113528488,0
19462,0.7399783302886185,11,0.6872762509007531,0.5681818181818182,54,4.1,0.092,0,0.48732112118798654,1
25122,0.6383076942336898,14.833333333333334,0.6876081174279136,0.8409090909090909,59,4.3,0.105,0,0.8078576546453308,1
18034,0.6408856875249588,19.416666666666668,0.7446802795238481,0.5869565217391305,33,4,0.058,0.03598670651878142,0.24043473439059554,1
8467,0.8188758212375677,6.666666666666667,0.8232233047033631,0.41304347826086957,31,4.1,0.111,0,0.8767495423138251,0
13293,0.6636006821744942,10.166666666666666,0.6791740034298208,0.6829268292682927,6,3.6,0.125,0,0.6660146699266504,0
15127,0.7280267561248708,19.166666666666668,0.7747507157045458,0.975,1,4.7,0.101,0.01441160041262541,0.3955840550009916,1
11998,0.5428614495663473,17.083333333333332,0.7270471251992627,0.6136363636363636,53,3.9,0.15,0,0.42200458428839344,0
12859,0.8328717521009346,6.416666666666667,0.7580787531143227,0.6341463414634146,2,4,0.182,0.009225367272742466,0.1115993311817086,1
22991,0.6753394119095193,16,0.6391560817564839,0.46808510638297873,33,4.4,0.065,0,0.7116852613035819,0
20335,0.8061088987632237,93.33333333333333,0.8775775964214099,0.6410256410256411,20,4,0.106,0,1.0123189653052693,1
7360,0.7376757311019444,17.75,0.7865527150860224,0.7714285714285715,7,4,0.133,0,0.549357972688362,1
1991,0.691411065106906,18.916666666666668,0.7611782172963912,0.9791666666666666,40,5,0.177,0,0.6233048719236565,1
8420,0.8884815818285523,96.25,0.8679575617948777,0.7380952380952381,44,4.3,0.073,0.13230017434422087,0,1
20519,0.7982759460431983,6.083333333333333,0.7039700988359683,0.7380952380952381,55,4.8,0.048,0.02181438789063112,0.2300363086970295,1
23526,0.7667259607886108,6.083333333333333,0.7538054691012133,0.8,43,4.5,0.126,0,0.6326192297883193,1
22062,0.6854557381594315,17.083333333333332,0.7522738746225439,0.7209302325581395,13,4.7,0.298,0,0.1354848944994674,1
14880,0.8101053709642396,99.66666666666667,0.8470470892671689,0.8717948717948718,11,3.6,0.074,0,0.4438172043010753,1
11792,0.6321646527956193,93.58333333333333,0.8730054621680479,0.7027027027027027,21,5,0.142,0.005202446450411545,0.07021709633649932,1
11472,0.8380750100891139,12,0.6649350532829217,0.5897435897435898,77,5,0.119,0,0.9922419804741981,1
11718,0.7295742181609906,100.91666666666667,0.888809742547397,0.75,42,3.8,0.008,0.027599104784034822,0.33521078682369004,1
27001,0.7345646554495076,98.16666666666667,0.8742142856231481,0.7073170731707317,53,4.6,0.112,0,0.3804744356585989,1
17940,0.5755530030536402,18,0.7394213466764761,0.5208333333333334,52,3.6,0.116,0.0033038629532827052,0.2943701226309922,1
5076,0.5770713595163837,10.333333333333334,0.6663199860390774,0.5681818181818182,34,4.3,0.189,0.15189673385952943,0,1
15212,0.6715145737428846,9.916666666666666,0.6330318393126378,0.6521739130434783,18,3.8,0.079,0,0.7103602419142782,0
6448,0.7893561759925498,99.33333333333333,0.8523680610237655,0.5853658536585366,55,4.7,0.081,0,0.7115936409461031,1
13624,0.8881172244754448,12.083333333333334,0.7266493629985322,0.6486486486486487,53,4.1,0.138,0.0438789957511534,0.10121843805049911,1
15047,0.8910412332208797,6.666666666666667,0.812917130661303,0.6222222222222222,1,3,0.075,0.001471563385751136,0.4817571608958596,1
7900,0.7742475499315684,9.5,0.76659412814649,0.627906976744186,18,4.2,0.077,0.000009012906482082342,0.3120450661434268,1
1566,0.5591474927358565,9.666666666666666,0.6802200518794586,0.8809523809523809,49,4.5,0.055,0,1.059086553816672,0
6375,0.5945892205775849,10.083333333333334,0.6023599430175401,0.85,11,3.3,0.094,0.10894967263775672,0.11624441132637854,1
2146,0.8927722059453201,7.25,0.8121823604785265,0.3157894736842105,1,4.5,0.042,0,0.3196644920782852,1
16166,0.7360604958177182,98.83333333333333,0.8800799548225225,0.6829268292682927,52,4.2,0,0,0.9922677223803044,1
15687,0.5650251115853144,18.166666666666668,0.7439397112485713,0.6111111111111112,67,3.1,0.236,0,0.722572831006566,0
16855,0.770488195659745,97,0.8420178073680743,0.675,52,4.9,0,0,0.4751846687828176,1
21014,0.5599302493178854,20.166666666666668,0.8202598085046979,0.7142857142857143,1,4,0.109,0.0000692009595866396,0.10307414104882459,1
13498,0.9195469451212517,97.66666666666667,0.8956390112531013,0.7209302325581395,10,4.3,0.113,0.03770189255724305,0.28523800703834046,1
15875,0.7070631251020534,18.25,0.7361457495307093,0.7804878048780488,17,3.6,0.008,0.06838454981083505,0,1
2047,0.7389461540530227,101.83333333333333,0.8613660037144237,0.7777777777777778,1,2.7,0,0.037057567011608554,0.17933056437820669,1
40530,0.7788876744978028,6.75,0.7982699427361952,0.6046511627906976,50,3.9,0.106,0.09134308315238565,0.12580959547983567,1
14063,0.9437316726080117,6,0.6881952177688382,0.8717948717948718,9,3.4,0.086,0,0.9383488587072459,1
12005,0.7191872182496728,19.583333333333332,0.7494415472337782,0.6,75,4.5,0.096,0,0.5488775042692323,1
3995,0.7290574515519623,11.75,0.7589695678302634,0.7608695652173914,25,3.3,0.256,0,0.6185231539424281,0
15970,0.863780884174204,99.5,0.8550822537798329,0.5333333333333333,48,3.6,0.119,0.05335485990909141,0.21616205892482546,1
16112,0.6586849590925784,17.083333333333332,0.739903463672814,0.5581395348837209,1,4.6,0.131,0.01278656656809498,0.4862214498510427,1
3800,0.8152150839864504,11.5,0.7238759582136572,0.5116279069767442,43,4.8,0.028,0.05242141346999308,0,1
23737,0.7544076979611309,6.25,0.7633568086760154,0.625,26,4.1,0.126,0,1.1023718245776635,1
16108,0.7245316053626782,95.75,0.8491277262329643,0.6744186046511628,60,4.5,0.003,0.07648606229094539,0.15203625527688105,1
13782,0.887191429855012,98.5,0.8787733367979833,0.6666666666666666,29,4.5,0.165,0,1.228966367957044,1
20874,0.6967496537990636,18.583333333333332,0.8005114222463209,0.30952380952380953,23,3.9,0.247,0.09468264067769909,0,1
22732,0.7470073161807151,97,0.8926976288934984,0.55,37,4.2,0.162,0,0.27652648249164175,1
5030,0.6465607035473196,19.25,0.7764372063432838,0.6222222222222222,30,4.4,0.004,0,0.7493786658713589,0
25154,0.6111797277182238,16.75,0.7465614800606959,0.6744186046511628,39,3.7,0.053,0.06387802185632525,0.28226688134852007,1
21000,0.6835003068483585,7,0.8155722216091706,0.5681818181818182,28,3.7,0,0,0.4883449605942999,1
25038,0.7541321080284736,8.416666666666666,0.5568822970178169,0.7297297297297297,13,3.8,0.028,0.025952773435437462,0.40027958062905644,1
11215,0.9061512845533765,100.66666666666667,0.8748493298744089,1,1,3.8,0.045,0.1839715724752039,0,1
19506,0.5904912976350731,17.833333333333332,0.7916495625270284,0.975,54,3.7,0.11,0,0.4907333828920048,1
28521,0.7026319769752397,100.25,0.8470784118692671,0.36363636363636365,1,3.4,0.168,0.0038292367806825483,0.0905297850706497,1
6337,0.7452506691607261,10.75,0.747734262088791,0.8666666666666667,1,4.5,0.223,0.09413906756480563,0.05917626637210036,1
3574,0.8020223897207982,96.5,0.8731892409272496,0.7272727272727273,28,3.7,0.136,0.1287498019117915,0,1
6911,0.6817711123955197,10.666666666666666,0.6836178635731783,0.5869565217391305,58,4,0.002,0.00428955053825995,0.1828968311387643,1
6584,0.9032308077352825,9.916666666666666,0.7349275580573529,0.4634146341463415,28,4.4,0.126,0,0.963773069036227,1
18901,0.94569008775784,6.333333333333333,0.773623019288352,0.9210526315789473,25,4.1,0.193,0.029194053094711635,0.11364478069943389,1
10749,0.76861547490005,11.666666666666666,0.6883225110104081,0.75,9,4.2,0.143,0,0.4985811973763781,1
17782,0.5057127822946452,15.75,0.7458664559042787,0.7777777777777778,1,3.9,0,0.040611331564370155,0.11950286806883365,1
9443,0.6572240803423971,17.666666666666668,0.6896814301245562,0.46,1,3.4,0.093,0.013908587914330165,0.204183214191157,0
15785,0.680612005239533,6.833333333333333,0.8438262381113939,0.525,7,4,0.274,0.008842521082563564,0.28742477035159963,1
23437,0.871819807842599,11,0.7054208773450972,0.9534883720930233,65,4.1,0.241,0,0.9856636941588087,1
12798,0.8825646706300297,95.16666666666667,0.8619347262801944,0.4634146341463415,31,4.5,0.028,0,0.9678856071261135,1
16006,0.6527907612614878,96.33333333333333,0.8801848464139739,0.631578947368421,39,3.6,0.087,0,0.82040548561432,1
20357,0.9037153761669253,6.333333333333333,0.7829944407569652,0.6818181818181818,43,4.5,0.231,0.0006624761200468356,0.30226217670031685,1
4870,0.627358094002139,11.333333333333334,0.7858791209035142,0.8,58,3.5,0.098,0,0.33429158110882956,1
8926,0.5733000137739928,15.166666666666666,0.7166198470719203,0.9736842105263158,64,3.9,0.213,0.0021689616802281105,0.46134886847412054,1
24688,0.6980880351242029,6.166666666666667,0.7722662223465849,0.7560975609756098,19,3.5,0.053,0,0.3574683544303797,1
19927,0.9574146204734549,6,0.7958758547680685,0.6428571428571429,7,2.9,0.171,0,0.5229217373848895,1
12181,0.8360937784794105,10.583333333333334,0.7670834731063143,0.5476190476190477,3,4.5,0.231,0,0.7162267558803005,0
15025,0.8163291533456108,92,0.865917550217657,0.8,64,3,0.153,0.015621111104396427,0.24732113144758736,1
16528,0.6853136426228071,16.916666666666668,0.7351329052459101,0.6097560975609756,60,4.4,0.03,0.06919723884579912,0,1
22680,0.6600457943294192,6.583333333333333,0.764203341643074,1,27,3.6,0.228,0,1.050132275132275,1
8476,0.7882583761603692,8.75,0.6352244190056084,0.6444444444444445,1,3.9,0,0,0.7991268951684266,0
14465,0.721540171222993,18.583333333333332,0.752955900971492,0.5641025641025641,48,4.6,0.188,0.0925325459007877,0,1
2114,0.6725024995563011,6.666666666666667,0.760208423834364,0.8837209302325582,44,4.5,0.106,0.01447243055227533,0.24314096499526963,1
11070,0.7596763687745928,10.166666666666666,0.6526291786816869,1,6,4.2,0.147,0.04620320189183749,0,1
20613,0.8814945991166123,6.416666666666667,0.7580787531143227,0.8461538461538461,46,4,0.225,0,0.6541176470588236,1
17802,0.833280012415804,5.75,0.7527721433444641,0.8048780487804879,49,3.6,0.111,0.10559755875998889,0,1
17709,0.6793502665919219,15.5,0.7681305521199159,0.5675675675675675,23,4,0.238,0,0.46620362527528375,0
8469,0.6592970172173634,9.916666666666666,0.6825575333189227,0.5813953488372093,46,4.8,0.074,0,0.756405714960444,1
20895,0.65235347967378,10.833333333333334,0.6873476702630528,0.7391304347826086,27,4.3,0.171,0.009734954770432389,0.5070712388427576,1
23964,0.8411910401815529,93.83333333333333,0.8496093295861497,0.34782608695652173,44,4.2,0.105,0,0.7912867485968244,1
19450,0.7916907688314527,9.166666666666666,0.5849922832540608,0.7727272727272727,19,4.3,0.139,0.001572327044025157,0.3126558523355356,1
10722,0.6989341315668923,6.333333333333333,0.7927892664733733,0.7272727272727273,51,3.8,0.031,0,0.5234342209578884,1
6613,0.645895196608499,16.583333333333332,0.7264650974822748,0.3170731707317073,43,5,0.107,0,0.4999243913503705,0
20287,0.738796059811164,100.5,0.8672782024894405,1,1,4.1,0.134,0,0.8460306114904,1
11134,0.5769511848291231,6.5,0.8168864505501834,0.7073170731707317,1,3.3,0.193,0.05961678938742631,0,1
23766,0.8614815386095189,91.75,0.8939427768063839,0.631578947368421,4,4.1,0.097,0.07286998661752629,0.051039299840107716,1
20986,0.6118778632577779,7.166666666666667,0.7959310607583228,0.5116279069767442,1,3.8,0.169,0,0.8534940792451932,0
7829,0.8188097403328646,6.333333333333333,0.8377785788692375,0.875,85,4,0.109,0,0.16553838293524076,1
12882,0.7198796245762881,100.91666666666667,0.8723640482936783,0.9069767441860465,22,3.6,0,0.03023368151472978,0.25827737452936383,1
12111,0.7233207363171421,11.25,0.7049098624141913,0.5853658536585366,17,4.4,0.177,0.061195118245658986,0.1591115514821237,1
11245,0.8170807280984003,6.5,0.7692307692307692,0.6410256410256411,39,4.1,0.183,0,0.5259226322810138,1
3456,0.5712787364449022,19.666666666666668,0.7685338934958024,0.6756756756756757,24,3.7,0.277,0.03344390929510856,0.19502314814814814,0
2293,0.7519153413602186,97.08333333333333,0.8729062873172079,0.9761904761904762,83,4.1,0.181,0.006155119885459438,0.04099433057130397,1
9460,0.6131571336911168,18.25,0.7673920433433785,1,1,4.7,0.111,0,0.22231619007347111,1
15827,0.6421260363676675,17.25,0.7198484122241937,0.717391304347826,62,3.9,0.002,0,0.722562709294244,1
16126,0.6517112068787474,9.916666666666666,0.6519953068764932,0.8604651162790697,1,3.4,0.02,0,0.4817214970078447,1
11185,0.6817186161787462,19.333333333333332,0.7507442707792937,0.28888888888888886,57,4.4,0,0,0.2608851139919535,1
10404,0.7788950377469346,94.33333333333333,0.8725463689267037,0.7111111111111111,28,3.7,0.192,0,1.0403229682318451,1
4932,0.8058631866599998,11.416666666666666,0.7337016591685446,0.8205128205128205,34,4.3,0.114,0.025285195541784086,0.3001115279326777,1
7580,0.7935837223499806,6.583333333333333,0.7264533824686796,0.7391304347826086,21,4.4,0.089,0,0.8189194537898278,1
28074,0.6437440523369043,19.916666666666668,0.7685848232799191,0.8809523809523809,70,4.9,0.251,0,0.47253686685189145,1
16140,0.8189205119955433,9.333333333333334,0.7551551928428198,0.5384615384615384,54,4.1,0.01,0,0.24436183395291203,1
27152,0.7520288487256785,7.166666666666667,0.8306951188539414,0.8863636363636364,35,3.5,0.298,0,0.3267591109146824,1
7725,0.7142300009527112,12.083333333333334,0.722504833948542,0.5897435897435898,30,3.1,0,0,0.5044660194174757,1
23772,0.6864801255855744,6.25,0.7296915342304895,0.7380952380952381,60,4,0.038,0,1.0096544181057148,1
11726,0.7893686033887154,100.58333333333333,0.8639568009619835,0.8536585365853658,54,3.9,0.16,0,0.7825679075519167,1
22127,0.7548977299239862,17.083333333333332,0.7291474670848441,0.24444444444444444,42,3.9,0.126,0,0.6132013648792173,0
16130,0.5016939227014545,20,0.7401923788646684,0.975,36,4.3,0.128,0.06769874791650725,0.06987197371276233,1
15659,0.761725354374001,9.833333333333334,0.6580637118333557,0.5652173913043478,56,4.6,0.257,0,0.5803237858032378,0
11652,0.6907932534896981,8.75,0.5771814689443217,0.9787234042553191,16,4,0.129,0.02786691049467194,0.2537761757638174,1
16724,0.6898660528780898,9.833333333333334,0.6953864278709927,0.7948717948717948,12,4.4,0.058,0,0.7638124850514231,1
20809,0.7715914500378632,7.166666666666667,0.8040430285307824,0.5238095238095238,35,3.3,0.16,0,0.665112814474854,0
11616,0.860241456827401,7.416666666666667,0.7906973482000319,0.8974358974358975,45,4.2,0.177,0,0.580517412078688,1
5317,0.8495096225708549,11.916666666666666,0.7448750161265076,0.6956521739130435,12,3.9,0.132,0.06353938456118656,0,1
21484,0.6110515209994329,16.916666666666668,0.7059563038241696,0.9523809523809523,18,3.4,0.107,0.0001839670811557638,0.21355427294730964,1
28542,0.7742692270095652,99,0.8664398419508506,0.8043478260869565,1,3.5,0.086,0,0.591874989051031,1
21668,0.5127520612833563,6.333333333333333,0.7475878145624884,0.6571428571428571,1,4.1,0.121,0.05541262226977181,0,0
19191,0.9283898252679408,97.91666666666667,0.8686518695539925,0.43902439024390244,40,4.3,0.092,0,0.6070190979911936,1
16169,0.6636766032887672,7.416666666666667,0.8713986163791057,0.9069767441860465,1,3.6,0.109,0,0.458545938089495,1
1873,0.7564921885314305,6.916666666666667,0.8388061667438597,0.7209302325581395,8,3.4,0.137,0,0.6333778371161549,1
33832,0.8899309615157854,7.083333333333333,0.773395761361668,0.9347826086956522,46,4.1,0,0.06957332181322941,0.1265979929946943,1
4381,0.5951536619376979,18.75,0.7694451137894589,0.95,22,4.1,0,0,0.6740470212280302,1
9490,0.8109189918907495,10.5,0.7817821097640076,0.5434782608695652,6,3.9,0.151,0,0.587912956425523,1
21494,0.77247635549692,10.583333333333334,0.7427955437628178,0.4772727272727273,40,4.3,0.028,0,0.41268290413380787,1
22125,0.758788625044957,101.25,0.8536668102292184,0.37209302325581395,1,3.7,0.149,0,0.688377138466406,1
25425,0.4626259490866784,17.25,0.7289945492221112,0.7727272727272727,46,4.1,0.166,0.001358606920615373,0.8536647721685775,0
8557,0.7364294011469146,98.66666666666667,0.8513705479225748,0.5121951219512195,6,3.8,0.065,0.05304526747570055,0,1
28088,0.5169186214888777,96.91666666666667,0.853202988003102,0.9523809523809523,60,4.1,0.026,0.08587354562655584,0,1
10452,0.5981792079441437,17.083333333333332,0.728095268109819,0.9487179487179487,5,3.3,0,0.06037533126768238,0,1
16311,0.7434902643752066,20.083333333333332,0.7873266883196763,0.8571428571428571,8,3.6,0.101,0,0.697811292992459,1
11795,0.5539645698568831,10.25,0.6218856600249274,0.6052631578947368,48,4.7,0,0,0.9643477892237907,0
31048,0.7461853012902346,6.666666666666667,0.8232233047033631,0.525,23,4.4,0.157,0,0.58272002576697,1
12167,0.639596895354032,17.333333333333332,0.7394958233818448,0.9545454545454546,18,4.2,0.18,0,1.4551656119010439,0
1731,0.5091526802994052,6.416666666666667,0.8262456083083163,0.6744186046511628,1,3.9,0.164,0,0.8278451761987291,0
10135,0.7418173272371686,11.75,0.7174668895455023,0.6326530612244898,52,3.4,0.128,0.09821627506466712,0.12234829797730637,1
9569,0.6667604400832234,9.75,0.6948107509169723,0.5476190476190477,38,3.8,0.233,0.0005863226906881296,0.37422928205664124,0
10207,0.7808698845371852,10.833333333333334,0.6549590539691414,0.6739130434782609,33,3.9,0.168,0,0.6967128790476657,0
15388,0.6761164171349718,11.5,0.7126923536000144,0.4146341463414634,14,4.3,0,0,0.7402112103980504,1
15515,0.6991977545297595,6.416666666666667,0.7580787531143227,0.7659574468085106,6,2.8,0.061,0,0.45813728649693847,0
21851,0.6136585306711662,20.583333333333332,0.7934428984805815,0.95,1,4.2,0,0,0.13555753872909088,1
15837,0.7063635108943431,6.083333333333333,0.7538054691012133,0.627906976744186,21,4.1,0.194,0.05361174743420633,0,1
11851,0.647933449075376,94.33333333333333,0.8446032973335971,0.7297297297297297,44,4.3,0.222,0,0.7547042443675639,1
30888,0.7960751954604246,101.58333333333333,0.8698699780070804,1,18,3.8,0.137,0.046430607157462334,0.2710805341966815,1
23504,0.7720517113099543,98.41666666666667,0.852728072749047,0.9743589743589743,36,3.4,0.01,0,1.0537579509434765,1
2075,0.5987084398144094,14.5,0.7205690625024548,0.6428571428571429,16,4.1,0.261,0.01205372586190595,0.11279826464208242,0
23999,0.5188996358205074,17.166666666666668,0.7108490754983412,0.6739130434782609,49,3.9,0.108,0.030049774805485364,0.3916829867911163,1
6148,0.7684134805635103,6,0.7848342585440324,0.5111111111111111,1,3.5,0.141,0.05266116458642475,0.09646197641317608,1
9471,0.5837956858862796,100.41666666666667,0.9104234041197038,0.9772727272727273,1,4.3,0.05,0,0.9424000844728367,1
23706,0.7172480585638268,20.25,0.8107443244844952,0.5,36,4.1,0.146,0,0.7679912258499958,1
21178,0.7669693648556983,6.333333333333333,0.8254408005076106,0.725,48,3.9,0.113,0.09730455470648973,0,1
13664,0.7861876348953463,20.083333333333332,0.7972741327750024,0.9285714285714286,29,4.4,0.202,0,0.803132318501171,1
1943,0.5030424014332597,16.666666666666668,0.717157287525381,0.5777777777777777,66,3.3,0.102,0,0.4554812146165723,0
4977,0.7718464931402262,98.16666666666667,0.8692920001840116,0.2222222222222222,32,4.2,0.04,0.029477882950408967,0.3862152114940219,1
13510,0.8296180241728878,6.416666666666667,0.8043309198270212,0.6304347826086957,74,4.5,0,0,0.444427995114549,1
27887,0.59190359134104,17.166666666666668,0.7553475112940942,0.875,72,3.8,0.226,0,0.8487978053897047,1
2037,0.686164435572603,15.25,0.6969798768740596,0.9782608695652174,1,3.6,0.089,0.12089012226958429,0.04517554628038301,1
10030,0.6762590036005854,6.416666666666667,0.7754335523923301,0.8913043478260869,20,3.4,0.092,0.0003516496957465676,0.44247258225324027,1
7935,0.8705777821075411,6.416666666666667,0.7580787531143227,0.7142857142857143,16,3.8,0.059,0,0.6065914676413132,1
13674,0.6951164409777667,14.083333333333334,0.6663750210885101,0.5365853658536586,98,4.8,0.043,0,0.30935751636376935,1
12946,0.6828291669723613,19.75,0.7425468724034294,0.45,88,3,0.01,0.015711791348021826,0,1
7186,0.624779203002026,17.833333333333332,0.663681229617821,0.43902439024390244,14,3.9,0,0,0.9279153910381297,0
19202,0.7014707391012397,17.583333333333332,0.7086560589705463,0.36585365853658536,41,4.1,0,0,0.33460927531703255,1
25129,0.7852632325054019,11,0.783593077922944,0.574468085106383,39,3.8,0.058,0,0.8323053046281189,1
4788,0.67217960107478,18.25,0.7487754392058645,0.7333333333333333,28,3.3,0.096,0,0.3337510442773601,0
6338,0.8494523313944817,9.166666666666666,0.740948966385909,1,15,3.7,0.264,0.03777903710792863,0.033922372988324394,1
1932,0.7844805951780274,11.333333333333334,0.6711664738970897,0.29545454545454547,24,4.1,0.225,0.07774077631253264,0,1
1899,0.8967012380340624,5.916666666666667,0.7376347040817302,0.4186046511627907,22,4.1,0.271,0,0.9291545957334738,0
4673,0.736948871387523,11,0.74287026138671,0.6923076923076923,1,4.7,0.069,0.0015536812873879306,0.2792638561951637,1
19407,0.7510806137183871,93.66666666666667,0.8571405956464837,0.3888888888888889,26,3.9,0.169,0.03229642203353177,0.35136806307002627,1
14598,0.6285731310203876,17.583333333333332,0.7199777962706645,0.6363636363636364,67,4,0.187,0.0009684306259265599,0.09097448193183764,1
5549,0.7843976964484352,8.5,0.668981509487566,0.6136363636363636,47,4.1,0.154,0,0.5224835541137244,1
10875,0.7113248396495813,9.916666666666666,0.6084538569001094,1,32,4.1,0.162,0,0.4598832130212883,0
15491,0.6422292978560404,18,0.7345320150586769,0.8888888888888888,69,4.3,0.109,0,0.2812046092766534,1
12372,0.8058052309944319,95.58333333333333,0.8781075970781107,0.7959183673469388,64,3,0.067,0,0.7096669899773682,1
1958,0.8662623016694463,11.083333333333334,0.7435880766168431,0.37209302325581395,35,3.6,0.175,0,0.42134831460674155,0
1828,0.8849991314863086,10.666666666666666,0.7661464133266287,0.6428571428571429,44,4.9,0.278,0,0.44912472647702406,1
11508,0.7653241608080616,5.5,0.7594771535395827,0.9148936170212766,50,5,0.16,0,0.6016684045881127,1
9899,0.539795082666993,18.166666666666668,0.766640415743543,0.675,41,4.2,0.047,0,0.6130221750770318,0
12537,0.7218416231882699,98.66666666666667,0.888718452081077,0.5897435897435898,45,3.8,0.089,0,0.6363019981653572,1
16986,0.6546301950394728,16.666666666666668,0.7246820020412759,0.7555555555555555,14,4.1,0.026,0.0006736576311748023,0.6955728246791475,1
19211,0.764284518445646,95.75,0.8669944059848561,0.475,117,3.3,0.047,0,0.4005621925509487,1
17353,0.7232822365312884,95.41666666666667,0.8533713145512569,0.2926829268292683,38,3.8,0.136,0.00013659336156262805,0.3895580014983,1
16250,0.652449661449473,19.5,0.7590107319680054,0.9047619047619048,9,3.6,0.096,0,0.7209846153846153,1
14825,0.8952311621682857,97.75,0.8595366864241989,0.6923076923076923,38,4,0,0,0.592532631791966,1
17098,0.4227446372233502,17.083333333333332,0.7727122388834782,0.6666666666666666,1,4,0,0.1419948013596017,0,1
16815,0.5506407393596255,16.916666666666668,0.7109503329619586,0.7333333333333333,1,3.8,0.018,0.08793141331984472,0,1
1952,0.6283468574324196,15.833333333333334,0.6600472576430496,1,21,3,0.022,0.00641917656130053,0.2065078145016654,1
16671,0.7585441681708609,6.75,0.8075499102701247,0.9743589743589743,25,5,0.084,0,0.37832163637454264,1
8280,0.7659982992119094,6.083333333333333,0.7361457495307093,0.7297297297297297,40,4.7,0.266,0.020390221635472824,0.48043478260869565,1
20120,0.6965963067666624,17.083333333333332,0.7291474670848441,0.9761904761904762,34,3.3,0.104,0.028182372486741197,0.13136182902584492,1
1988,0.8283889522914555,6.5,0.7372576726677026,0.7608695652173914,1,4,0.137,0.03660975320464649,0.13883299798792756,1
7581,0.7254636001866586,16.833333333333332,0.7493269524520363,0.6888888888888889,57,3.7,0.232,0,0.3135677066156586,1
20361,0.4706954160565793,11.583333333333334,0.6485112661782415,0.6739130434782609,83,4.2,0.081,0.03605828038452141,0,1
12545,0.6438515273964618,7,0.8250364469440588,0.75,9,3.8,0,0.04423654153955375,0,1
11944,0.7448760675861281,6.916666666666667,0.8091207287017488,0.8444444444444444,10,4.2,0.112,0.1324990238107053,0.16368050904219691,1
16112,0.8733811310600903,6.416666666666667,0.7341624741498868,0.8571428571428571,21,4.3,0.063,0,0.4401824783539708,1
21037,0.6185526390004691,16.916666666666668,0.7642148188418854,0.625,7,4.2,0.11,0.037086493717046615,0.2822237539514653,1
2074,0.7689057570269566,12.25,0.7394460135754346,0.8604651162790697,32,3.1,0.112,0.009102251470534655,0,1
13659,0.6154324643078708,9.166666666666666,0.6331956181485088,0.28888888888888886,1,4.1,0.175,0,0.9018961856651292,0
25816,0.677792199757091,11.083333333333334,0.7686213149860284,0.574468085106383,20,4,0.071,0,0.46208673083999924,1
9908,0.6532875866272363,6.416666666666667,0.7665947953816697,0.46153846153846156,46,2.7,0.206,0,0.4368407771889982,0
10175,0.6766307036554192,102.83333333333333,0.8784224762587378,1,3,4.5,0.032,0,0.9999508575359969,1
29884,0.6806695737927719,18.833333333333332,0.7823296659071001,0.5365853658536586,49,4.8,0.233,0,0.856980323919154,1
29100,0.9331848743451346,93.41666666666667,0.8336767312414536,0.825,26,4.5,0.078,0,0.6896219931271478,1
15147,0.7970349465081106,6.333333333333333,0.7165702733087103,0.6578947368421053,14,3.2,0.014,0,1.0799854751922886,1
12371,0.853162031238319,93.66666666666667,0.8621484416494907,1,37,3.6,0.131,0,0.49512954205569704,1
10606,0.8583615992502951,6,0.7278344730240913,0.5,58,2.9,0.088,0,0.5744861399207996,0
19597,0.8205168461866936,6.333333333333333,0.773623019288352,0.6511627906976745,44,3.7,0.186,0.036147443411948844,0.17156124818207333,1
5853,0.8243098816676864,11.416666666666666,0.7196662135814377,0.32653061224489793,13,3.5,0.294,0,0.4759952161284811,0
18994,0.5389448386933056,17.5,0.7536663398785226,0.7317073170731707,18,3.9,0,0.036103768051758175,0.04285676678863822,1
14128,0.7418574124792676,17.666666666666668,0.7233419188940533,0.46938775510204084,4,3.6,0.015,0.0008482117861277065,0.46582905680410547,1
2006,0.784566562124443,96.41666666666667,0.8678236061579769,0.9166666666666666,3,4.2,0.087,0.016939338660152223,0.16255297930690601,1
13715,0.6767825703265635,17.833333333333332,0.6999141241494893,0.42857142857142855,71,4.4,0.206,0.004670584462418049,0.38441066025010023,1
11965,0.6845992583233006,15.75,0.7317194215007996,0.9302325581395349,4,3.6,0.078,0.03729758811855965,0,1
4059,0.5735759238175482,10.75,0.6434951228661421,0.7111111111111111,1,4.8,0.132,0,0.8249353209313786,0
18977,0.5242535426244559,10,0.683772233983162,0.65,48,3.3,0.024,0,1.1687613627381235,0
8142,0.7141202086121908,18.583333333333332,0.7243337598331178,0.9545454545454546,38,4.1,0.015,0,1.0312595958975619,1
29483,0.7333953440835856,10.416666666666666,0.7386802724630228,1,7,5,0.128,0,1.0205036886288477,1
12874,0.7578721619210672,9.25,0.6693558684053591,0.6,11,3.9,0.098,0.01850087127182502,0.4575290325086418,1
20841,0.7007374143541905,6.583333333333333,0.7484226972866861,1,44,3,0.033,0.029577076234336,0.39676599011563746,1
32774,0.5682915458586649,18.666666666666668,0.7979694910895578,0.9512195121951219,19,4.3,0.163,0.004009673502856712,0.6023158954643233,1
8980,0.8167086673123232,6.583333333333333,0.7994559554714575,0.7551020408163265,2,3.7,0,0,0.20435436271507323,1
17016,0.9311995253086924,95.66666666666667,0.8406518456128345,0.6888888888888889,4,4.4,0.255,0,0.5876406805559636,1
8522,0.6926828935264882,5.916666666666667,0.7664348739186339,0.6666666666666666,1,4.4,0.096,0,0.5375814117232881,1
9062,0.8396168234450708,6.583333333333333,0.7811187789140432,0.6341463414634146,37,4.2,0.154,0,0.3561220548474314,1
13441,0.8653490841970441,10,0.6658343724039429,0.5405405405405406,52,3.4,0.01,0,0.6563743908336743,1
9735,0.7768503820464058,5.75,0.8104826546286663,0.8604651162790697,4,4.1,0.208,0.10431272568389716,0,1
10031,0.6956069325348135,103.75,0.8903062939369244,0.6153846153846154,34,3.2,0.056,0,0.647692154321603,1
10183,0.6994287883337379,10.833333333333334,0.6850847770698658,0.6739130434782609,40,2.5,0.075,0,0.9835502086913823,0
3549,0.7838585972151646,8.416666666666666,0.6914765059231112,1,21,4.3,0,0,0.6329434972523601,1
15817,0.7273030968473395,8.333333333333334,0.6775096900680581,0.6304347826086957,26,4.2,0.121,0.01767572703241041,0.044572295631282795,1
12585,0.6784710065692029,16.75,0.7284566358408917,0.6578947368421053,21,4.3,0.081,0,0.5882399682161303,1
22775,0.9167273122895702,99.33333333333333,0.8849722382483046,0.7391304347826086,28,3.4,0.07,0,0.32479307997980195,1
13615,0.6678662203285344,16.833333333333332,0.7345131152912491,0.6136363636363636,17,3.6,0.045,0.003531000838854775,0.14337654706379227,1
25060,0.8684162994802749,6.916666666666667,0.760546904646364,0.8947368421052632,53,4.7,0.203,0.0668841628746881,0.054748603351955305,1
28829,0.8890611879347478,6.916666666666667,0.8091207287017487,0.41025641025641024,34,4.1,0.043,0,0.6601106543871516,1
21042,0.905457697614142,6.833333333333333,0.7548810824116856,0.6976744186046512,23,3.5,0.147,0,1.2470772740233818,1
11410,0.6404377125815957,100.5,0.8754230445219013,0.9069767441860465,28,3.2,0.064,0.0024306250416916814,0.647589833479404,1
24036,0.8283370125266608,10.666666666666666,0.6930174577439296,0.75,35,3.8,0.085,0,0.47492251045328787,1
19194,0.9009426820772711,100.08333333333333,0.9136179189078203,0.926829268292683,51,4,0.148,0,0.5530518144163389,1
21141,0.8989158021293879,97.83333333333333,0.8381242754695158,0.8043478260869565,97,3.8,0.067,0,0.7744376906884889,1
2340,0.6401519683932984,18.666666666666668,0.75515519284282,0.7674418604651163,41,3.4,0,0,0.6995726495726495,1
10930,0.8605937416930751,98.08333333333333,0.9120532844760864,0.6666666666666666,69,4.7,0.121,0,0.5815453588910746,1
8889,0.5708971036764252,19.166666666666668,0.7307154336138779,0.95,29,4.2,0.157,0.00410084578885403,0.3806952413094836,1
14949,0.6284533775587459,6.666666666666667,0.8031498031497047,0.6923076923076923,46,3,0.118,0.015792881347638125,0,1
14628,0.6228031394137723,20.333333333333332,0.7655680385889329,0.6153846153846154,59,4.1,0.03,0,0.9245966639321849,1
25772,0.7677135957211778,11.5,0.7083389594565492,0.7073170731707317,61,3.1,0.089,0,0.7548648701084532,1
15285,0.8534455205396413,11.333333333333334,0.7495678475599059,0.5714285714285714,2,4.3,0.025,0,0.7657834478246647,1
12302,0.5572416342430009,17.5,0.7035355730233641,1,1,3.9,0.261,0,0.3871728174280605,0
1391,0.6076118913581277,13.5,0.7808859339592735,0.47619047619047616,6,3.4,0.175,0,0.88745055735347,0
7282,0.6728367682143481,96.16666666666667,0.8632385742505363,0.7142857142857143,3,4,0.083,0.03966367011147771,0,1
1760,0.5627514856872053,7.083333333333333,0.773395761361668,0.4444444444444444,23,4.4,0,0.005230364416289465,0.3693181818181818,0
5073,0.7235845777798027,20.25,0.8184163664781052,0.275,16,4.6,0.083,0.02285919991538676,0.22077666075300612,1
30632,0.7982724590226373,6,0.77433226653789,0.6829268292682927,25,3.3,0.061,0.11231196987729365,0.03809741446852964,1
16882,0.8538625850764909,6.916666666666667,0.7330298818534899,0.825,8,4.2,0.115,0,0.5716739722781661,1
20235,0.7378036739685438,10.416666666666666,0.7003468671947513,0.8048780487804879,47,3.7,0.13,0.08995929653878217,0,1
3610,0.7591771252323669,9.583333333333334,0.6373798354435992,0.5882352941176471,10,3.5,0.09,0,1.0005540166204987,0
13192,0.8379452918626948,10.333333333333334,0.6758104638348099,0.45,1,3.6,0.082,0,0.5370882765417124,0
14487,0.8507685024414708,6.5,0.7448750161265076,0.7209302325581395,33,3.5,0.11,0,0.24456409194450196,1
17650,0.6204340166418885,17,0.7010205748631979,0.6976744186046512,27,3.1,0.047,0,0.7745261905436415,0
11450,0.7289502384128821,98.58333333333333,0.8950352780694311,0.6363636363636364,86,3.4,0.063,0.005621784802632417,0.20690859862876107,1
9516,0.8184256253528426,98.16666666666667,0.88423841131592,0.7209302325581395,25,3.8,0.05,0.0627959769578486,0,1
26988,0.7272802594249259,5.916666666666667,0.7993266641017605,0.5833333333333334,40,4.2,0.189,0,1.0110048910626945,1
35571,0.7596708457204915,11.083333333333334,0.6737327225000431,0.7317073170731707,54,3.1,0.062,0,0.632003598436929,1
15134,0.771590757040435,6.416666666666667,0.7418882218915352,0.8085106382978723,40,4,0,0,0.3751280272243698,1
1657,0.6919594405202933,11.25,0.6982901947493881,0.6222222222222222,30,3.2,0.313,0,0.4642318140658014,0
8747,0.8387320267196995,10.25,0.6860693564827997,0.5116279069767442,17,4.8,0.138,0.014350024847237042,0,1
18707,0.9264143423717186,6.416666666666667,0.7665947953816699,0.575,10,3.6,0.061,0,1.2382326998636837,1
11325,0.6897035932477238,96,0.8562902632876744,0.9782608695652174,21,3.3,0.293,0,0.703664459161148,1
13891,0.7847280272421095,11.083333333333334,0.8035017391673387,0.5897435897435898,37,4.6,0.051,0,0.5738454339296641,1
10696,0.7116922039554459,11.166666666666666,0.6692758237886516,0.7906976744186046,37,4.7,0,0,0.6744892711888177,1
18892,0.7581281597235673,14.75,0.6770752731651246,0.82,45,3.5,0.105,0,0.5697800598152608,1
12743,0.5788335045719153,6.583333333333333,0.8306444536675994,0.7435897435897436,1,3.6,0,0.01644953898334295,0.2135373749264273,1
12394,0.7916840112594101,10.25,0.6524925158835364,0.7954545454545454,49,4.4,0.162,0.03450995689824734,0,1
2805,0.8126546810676739,9.083333333333334,0.6447988865576892,0.9523809523809523,43,3.6,0,0.0017573288601325985,0.3765377072561954,1
10601,0.7748586603942884,5.75,0.7427791398652341,0.7777777777777778,1,5,0.075,0,0.37083156454884203,1
6667,0.8652330839444976,91.5,0.8845540846813055,0.7317073170731707,31,4,0,0,0.5432728363581821,1
1982,0.8581924503230643,103.33333333333333,0.8701437599492235,0.9534883720930233,1,3.6,0.081,0,0.4717457114026236,1
23819,0.5881530680870145,17.583333333333332,0.7661340323890933,0.6590909090909091,1,4.2,0.087,0.000023266419111967317,0.38146818649369185,1
20045,0.7116974790305413,96.08333333333333,0.9026030279199918,0.6904761904761905,57,3,0.342,0.0011382401509790045,0.5605886754801697,1
6096,0.7844639776841513,6.333333333333333,0.7475878145624884,0.95,43,3.7,0.114,0.005578119974908949,0.33579396325459315,1
9202,0.6712879996061633,16.666666666666668,0.7301852487353593,0.9772727272727273,58,4.5,0.047,0,0.699847859161052,1
6223,0.8269321605315971,6.333333333333333,0.803070663854003,0.7,16,3.7,0.092,0.020112500571440466,0.16905029728426804,1
22498,0.732277492707295,100.08333333333333,0.8608046940023596,0.6904761904761905,37,3.9,0.042,0,0.9295492932705129,1
8699,0.9176503335842848,6.166666666666667,0.7628388003407535,0.4864864864864865,34,4.6,0.094,0,0.17668697551442694,1
15557,0.577098946268328,17.166666666666668,0.7228329626481516,0.775,4,3.8,0.022,0.021065418692868588,0.23154308488413203,1
25724,0.8064064151371351,5.5,0.7375680594592611,0.5609756097560976,12,4.3,0.033,0,1.2533820556678588,0
2524,0.7533415968791917,103.5,0.9096648497407037,0.9512195121951219,16,4.4,0.179,0.0406394979281002,0.03724985139686943,1
29666,0.6551991850526846,19.083333333333332,0.7711273767444775,0.6818181818181818,1,3.2,0.085,0.005159576288559293,0.5271354412458706,0
1934,0.7531301397583152,98.25,0.8964425564820203,0.7441860465116279,49,3.9,0.04,0,0.9782833505687694,1
9250,0.7480794825084199,11.25,0.6612781225133726,0.5,6,5,0.047,0,0.872047137683118,0
16071,0.774413176780254,11.5,0.7171127348414039,0.46511627906976744,37,4,0.066,0,0.41920228983884017,1
20048,0.6504962857540848,6.916666666666667,0.7533796446932685,0.6818181818181818,24,4.2,0.21,0.03315933956722362,0.18650704576630503,1
14321,0.751513598387342,9.333333333333334,0.6835706223809045,0.675,34,3.9,0.168,0,0.7149640388241044,0
14444,0.8282893958576325,6.5,0.8279947709615546,0.7111111111111111,26,3.6,0.151,0,0.47576848518415954,1
10701,0.667306135437937,6.166666666666667,0.7722662223465849,0.6923076923076923,67,4.5,0.123,0.03418610014559512,0.2769029484603523,1
9691,0.6422755576809567,11.583333333333334,0.7471757785495601,0.5869565217391305,19,4.3,0.222,0,1.2496775192198546,0
9619,0.6308502215252019,18.25,0.7286656709270214,0.8292682926829268,39,3.9,0.045,0,0.7954462754067682,1
19014,0.8920648283247354,7.333333333333333,0.8392939133666938,0.5813953488372093,1,4.1,0.141,0,0.5068896602503419,1
6886,0.7006431068878011,95.91666666666667,0.8801074050703479,1,51,3.9,0.101,0,0.33052570432762124,1
25623,0.7078354325009885,15.083333333333334,0.7497902348237735,0.6285714285714286,1,3.5,0.247,0,0.6838387386332592,0
15414,0.9262160473443202,93.33333333333333,0.8673032842631478,0.5952380952380952,26,3.3,0.046,0.09951414516417234,0,1
13866,0.8120427634615173,97.58333333333333,0.8448990295483599,0.6,1,4.4,0.398,0,0.4164292668854351,1
7413,0.5595271511246399,16.833333333333332,0.7727081132029902,0.625,53,4.5,0.143,0,0.5992175907190072,0
2247,0.8618046298243338,95.91666666666667,0.8694730840512943,0.8723404255319149,1,3.9,0.284,0.01671342805067332,0.36100600934787447,1
8607,0.8429959721134177,10.083333333333334,0.7152655673231039,0.8409090909090909,41,4.3,0.096,0,1.0532125014523062,1
2585,0.8443000156589999,101.41666666666667,0.8611679746880894,0.4772727272727273,24,3.9,0,0.07790848309835281,0,1
12629,0.7491200112326712,18.25,0.8354262895804557,0.9736842105263158,14,4,0.037,0.052816741603839173,0.062002613136952135,1
13660,0.6635248217210988,6,0.7278344730240913,0.7073170731707317,1,3.9,0.202,0.007141878843594428,0.1349926793557833,1
7681,0.8366759551714651,6.666666666666667,0.7238659745703184,1,1,4,0.117,0.01557501725691469,0.020960812394219503,1
31268,0.8581687716976762,93.5,0.9284540740093067,0.782608695652174,39,3.7,0.401,0.004566975043498323,0.028655952666506758,1
16809,0.6802278537953368,16.916666666666668,0.7222530963741784,0.6428571428571429,32,4.6,0.082,0.0030264362341304706,0.2891989172145046,1
13179,0.6628562633198454,9.666666666666666,0.6719603863717164,0.4318181818181818,45,3.9,0.089,0.0034164702443204836,0.8844373624705971,0
25705,0.7399165508534493,11,0.691712273494306,0.725,61,4.2,0.134,0.037849170556378965,0,1
15680,0.8424226050294564,97.08333333333333,0.8557046056712951,0.4883720930232558,13,2.6,0.169,0,0.9117984693877551,1
9121,0.47862718719688246,6.5,0.729855031978135,0.23076923076923078,29,4,0.179,0.001222611443093619,0.1286043197017871,0
26774,0.9212147956334902,98.16666666666667,0.895052227772322,0.631578947368421,50,3.5,0.047,0.007421538552963613,0.10932451864716977,1
15344,0.8102959746649762,97.66666666666667,0.866610087058957,0.5263157894736842,28,4.6,0.228,0.014115641154282071,0.09867370547788966,1
13343,0.5931554826288401,17.833333333333332,0.741170421978949,1,42,4,0.243,0,0.9184185872212853,0
21688,0.797752677592864,90.5,0.8491331614061864,0.5555555555555556,19,3,0.18,0.0023804785328499253,0.23216138328530259,1
17371,0.7711558083321739,12.166666666666666,0.7277451107623043,0.4358974358974359,2,4.4,0.195,0.029611836427533428,0,1
9785,0.7467512537570283,8.833333333333334,0.6940136841466631,0.8333333333333334,18,3.7,0.075,0,0.9058763413387838,0
13253,0.6114286384942991,18.166666666666668,0.7509381291651702,0.5434782608695652,16,3.9,0.059,0,0.27572156196943975,1
12337,0.7176937215336057,18.5,0.7701378230239087,0.5714285714285714,1,3.2,0.136,0.02269017461653632,0.0239928669854908,1
28299,0.624735593369329,18.583333333333332,0.7500427352579052,0.7777777777777778,54,4.3,0.2,0.08010913598969532,0,1
2019,0.7489833196359541,91.25,0.915808199861218,0.40476190476190477,1,4.5,0.072,0,0.6607231302625062,1
15336,0.8607565766100201,7.75,0.6196830283047873,0.3333333333333333,18,3.6,0.172,0,0.460108897655766,0
10278,0.7294838609149907,19.583333333333332,0.7270286563409425,0.9230769230769231,34,4.1,0.125,0,0.38618341036244225,1
18369,0.9459478527252045,5.583333333333333,0.7419161721523793,0.9230769230769231,24,3.9,0.1,0.008642736700681644,0.21476985055938155,1
14343,0.624436643844136,8.75,0.6936055630067541,0.7708333333333334,40,3.8,0.289,0,0.8489158474517187,0
18236,0.6696391750623927,17.666666666666668,0.7382181712167621,0.5227272727272727,1,4.4,0.188,0,0.4837816347234789,0
37223,0.6497622032063043,93.91666666666667,0.8839723649913456,0.4186046511627907,51,4.1,0.14,0.005957308642078837,0.289233662435355,1
7400,0.868993590090923,11.583333333333334,0.7170365404417678,0.9130434782608695,48,3.6,0.146,0,0.8025675675675675,1
12939,0.69034867279714,6.583333333333333,0.7127390957491084,0.75,41,3.9,0.033,0,1.0108590640336979,0
17802,0.7730787678642683,97.25,0.8401408554134524,0.6341463414634146,9,4.4,0.044,0,0.2516009437141894,1
19033,0.7940206790505938,97,0.8541440520295244,0.717391304347826,22,4.9,0.124,0.04037586844461113,0,1
6299,0.8126001544767489,6.25,0.73770245902792,0.5128205128205128,42,4.1,0.207,0.014379932036113407,0,1
5811,0.547388617830836,19.916666666666668,0.7750292040373211,0.7555555555555555,29,3.3,0.052,0.0030261684858662184,1.0844949234210979,0
25906,0.6232349713124565,20.666666666666668,0.8343335598050473,0.975609756097561,14,4.3,0.224,0,0.44145065719634824,1
23346,0.5755451950152142,18.75,0.7704755318457714,0.5476190476190477,62,4.7,0.049,0,0.3177846312002056,1
26056,0.7959465389132574,97.5,0.8690214512513469,0.8837209302325582,33,4.7,0.209,0,0.40797528352938917,1
22187,0.6761890611589562,22.083333333333332,0.8331495021174782,0.7391304347826086,29,3.5,0.211,0,0.3262794942870665,1
7096,0.874120367049511,9.666666666666666,0.6774433287263844,0.6730769230769231,9,4,0.055,0,1.0181792559188274,0
28588,0.8984685038328927,92.58333333333333,0.847475239623635,0.8604651162790697,16,3.9,0,0,0.24024486226497596,1
15480,0.7469904018814675,10.833333333333334,0.5640422364521614,0.5116279069767442,52,4.2,0.134,0,0.5709302325581396,0
9624,0.7321666969397922,6,0.6957096902749077,0.825,38,4,0.233,0,0.8574397339983375,0
22337,0.6390338493134784,19.083333333333332,0.7976605617781118,0.5476190476190477,55,4.9,0.084,0,0.5667405367895597,1
12972,0.8352494153054767,99.33333333333333,0.8930377352314817,0.9772727272727273,63,3.5,0.222,0.11470409883353944,0.14778552981536444,1
16950,0.8685017021251948,100.75,0.8586914538471082,0.625,17,3.5,0.13,0.03837061160881152,0.20690875837045342,1
30754,0.795876207764992,6.833333333333333,0.8327889121853403,0.6046511627906976,63,3.8,0.225,0,0.29534849691904985,1
41718,0.6724878197728548,16.083333333333332,0.7168214834831148,0.6842105263157895,69,3.5,0.035,0,0.7874778273167458,1
3041,0.7263992195427935,10.583333333333334,0.728717587764532,0.9714285714285714,34,4.1,0.093,0.016345425587329373,0.40480105228543245,1
21734,0.9217017924308022,6.833333333333333,0.747705355297839,0.5,58,3.9,0.08,0,0.2719304299813652,1
22816,0.8203237110003425,96.5,0.866251641474616,0.425,61,4,0.133,0,0.7585028050490884,1
14866,0.7578698088544437,7.083333333333333,0.7885623440516303,0.625,73,4.1,0.117,0.0011282218293477248,0.20442620745324902,1
20836,0.6246032807652184,19.083333333333332,0.7866509432260942,0.4594594594594595,26,3.7,0.187,0.001174266083697689,0.522857622807228,0
10289,0.8092494340603711,102.33333333333333,0.8490692789810672,0.7555555555555555,30,3.9,0.174,0.012364868020418135,0.024394984935367868,1
15832,0.873980158967766,12,0.6938137821521027,0.5853658536585366,37,3.2,0.065,0.04278318995566124,0.19379085999431514,1
35743,0.6903082520346778,6.25,0.714342862858286,0.6304347826086957,1,4.2,0.184,0,0.6296985381548577,0
19320,0.9044147676209231,6.916666666666667,0.8002033258822048,0.926829268292683,2,4.4,0.112,0,0.4311188177747871,1
7427,0.702809845043211,19.583333333333332,0.7254412157116845,0.5909090909090909,74,4.1,0.045,0.02170363233182158,0.06799515282078901,1
8760,0.7076360572323162,16.666666666666668,0.7067424340276964,0.7441860465116279,27,3.4,0.004,0,0.7782407671670758,1
11389,0.41405586192811783,97.08333333333333,0.8849561228687792,0.4883720930232558,1,4.5,0,0,0.545526385108438,0
6821,0.6697013250835055,91.41666666666667,0.8424606049673752,0.8292682926829268,8,3,0.197,0,0.4902866358771351,1
17744,0.6955145629349018,10.833333333333334,0.6783916159943559,0.7555555555555555,9,3.4,0,0.004337275615824808,0.11107980162308385,1
9852,0.6264572152930474,17.25,0.6895031118024848,0.6976744186046512,1,3.5,0.174,0,1.0875964271213967,0
4271,0.8605717108049131,9.333333333333334,0.6079553857124973,0.7727272727272727,25,4.3,0.145,0,0.50673223275963,0
9552,0.8270374729212846,99.66666666666667,0.869222643504902,0.8333333333333334,53,4.2,0.115,0,0.5599120556980579,1
25044,0.7122604999961116,94.41666666666667,0.8776665915684255,0.6976744186046512,66,4.8,0.155,0,0.4527721764130413,1
9938,0.7565783805213117,6.416666666666667,0.8043309198270212,1,36,4.4,0.06,0,0.2672704402515723,1
1910,0.7951258792580326,12.166666666666666,0.7991386534436277,1,35,4.8,0.172,0.00011798017932987259,0.3671118093741817,1
13472,0.811114328742266,9.166666666666666,0.6441748038039832,0.48,6,3.9,0.157,0.004596750989472295,0.1857254203318116,1
20334,0.9095259229054136,11.583333333333334,0.7083889467696224,0.47619047619047616,1,4,0.109,0,0.7458627388300096,1
3885,0.5440876904626923,7.166666666666667,0.780605089952172,0.7435897435897436,25,3.3,0.143,0,0.5825717595572145,0
20119,0.7088970750384591,9.666666666666666,0.6144710383621051,0.8863636363636364,35,5,0.076,0.04356968494342136,0.2559335934587569,1
30142,0.8330406989608676,9.583333333333334,0.6944124627685987,1,5,3.4,0.143,0,0.7527495313770052,1
13018,0.6687477515654209,18.25,0.8010159034748774,0.575,99,3.7,0.073,0,0.44908776646821585,1
18583,0.6599621099440948,16.5,0.78218324593083,1,1,4.5,0.059,0.00809920187851835,0.10875531399666362,1
11130,0.74937151413719,97.08333333333333,0.88926373244199,0.34210526315789475,7,4,0,0,0.908984725965858,1
35757,0.5444031432432948,17.25,0.6940461056315167,0.3958333333333333,1,4.5,0.182,0.030938489864886235,0.25128298351348705,0
17223,0.7602084522367492,6.5,0.7448750161265076,0.9743589743589743,16,3.5,0.179,0,1.0232828194855716,1
14810,0.7032928938939501,9.666666666666666,0.6053267881979449,0.8222222222222222,28,4.1,0.023,0.0293081606335424,0.2093926196022823,1
7607,0.7498512106705866,8.333333333333334,0.7583390805281086,0.8181818181818182,31,4.3,0.051,0.009836771350004077,0.49562873857884704,1
4991,0.755780613690916,17.75,0.7376347040817302,0.926829268292683,1,3.5,0,0,0.48472096984270113,1
21688,0.7574003956620897,98,0.8605857038644953,0.7619047619047619,53,3.6,0.256,0.03329590902921384,0,1
9091,0.7344157650801396,16.666666666666668,0.8081667390674913,0.6923076923076923,55,3.9,0.153,0.09755692631932127,0.16389836101638983,1
17518,0.6977440235907877,19.25,0.7734395825432117,0.36363636363636365,15,4,0.024,0,0.9075807740609658,0
1789,0.6897786906348813,19.5,0.7440174507372318,1,75,4.3,0.067,0,0.5254332029066517,1
15125,0.7002277490584203,7.083333333333333,0.8535305929648385,0.6857142857142857,18,3.4,0.063,0,1.2034778009190386,0
17900,0.8074332318427924,101.83333333333333,0.9073730723611717,0.8636363636363636,25,4.5,0.205,0,0.31715969719824577,1
15999,0.7851351089429117,98.66666666666667,0.8631235501359265,0.8444444444444444,29,4.1,0.059,0,0.7372335770985686,1
1935,0.868681923272263,5.666666666666667,0.7684115331172996,0.5384615384615384,49,4.1,0.122,0,0.4362884466270354,1
15534,0.806441464669345,95.16666666666667,0.869189660606637,0.5909090909090909,61,3.3,0.21,0,0.8753057808677739,1
10023,0.8231129334878375,7,0.8350427802315354,1,10,3.7,0.251,0,1.1216762284859068,0
10829,0.8632330146499868,87.5,0.8978330031854942,0.7333333333333333,28,3.8,0,0,0.779794061966108,1
28795,0.7636717064374853,11.833333333333334,0.7179579662746368,0.6041666666666666,30,3.6,0.117,0.18424043049642683,0,1
25649,0.6155231647308761,10.416666666666666,0.6853446329712458,0.425,37,4.2,0.084,0,0.31058346491997585,0
16090,0.5828373221801899,11.083333333333334,0.6974676761093126,0.8372093023255814,48,3.8,0.126,0.016486851768105142,0.5395444233817086,1
25169,0.6511054986977627,6.916666666666667,0.81847567261061,1,55,3.4,0.055,0.014724861011204293,0.10290436648257778,1
6575,0.6117159870607699,17.75,0.7458276491335368,0.42857142857142855,24,2.6,0.012,0,0.5667351129363449,0
13946,0.6688643463230799,18.583333333333332,0.7765483855910136,0.6956521739130435,36,3.5,0.247,0.001252513266752365,0.6309336010325541,0
10002,0.7367662913188342,17.333333333333332,0.7249932760370175,0.47368421052631576,20,3.9,0.158,0,0.28884223155368927,0
15671,0.548984011578526,16.5,0.6694329662231602,0.6818181818181818,1,4.2,0.242,0.013003914506765085,0.6174462382745198,0
3652,0.8062134507934468,97.33333333333333,0.8375903328578168,0.5384615384615384,1,3.1,0.021,0,0.5594194961664841,1
10066,0.6809260711420968,12.916666666666666,0.7604200693209401,0.5238095238095238,50,3.3,0.242,0.009527770680703058,0.09020913019720829,0
23387,0.5653887085126813,6.083333333333333,0.7936093263928854,0.6222222222222222,1,4.3,0.011,0,0.3964595715568478,1
6350,0.7991394700144451,9.75,0.615954838655368,0.7209302325581395,1,3.5,0,0,0.7163779527559055,0
15319,0.8172809420853508,95.33333333333333,0.8787766725639181,0.40476190476190477,37,3.5,0.2,0,0.33983941510542465,1
20420,0.7718667577408838,16.5,0.6944548795504207,1,58,4.9,0.203,0.09540291711232174,0,1
6357,0.7747227616960451,5.916666666666667,0.7664348739186339,0.9183673469387755,62,4.3,0.212,0,0.21708352996696556,1
22979,0.7486929563778859,96.5,0.8517192951165369,0.918918918918919,58,4,0.121,0,0.7100115325195291,1
7296,0.6973023391156654,9.833333333333334,0.681554335117696,0.6666666666666666,1,3.4,0.182,0,0.8853402782537181,0
11752,0.6861152060326425,97.58333333333333,0.8463730206122673,0.5714285714285714,46,3.4,0.225,0.0356316262378175,0.2104412202697528,1
17376,0.840923641799781,94.75,0.8524863800331132,0.8409090909090909,1,4.1,0.129,0.021541039277899687,0.152048802946593,1
5048,0.4962584769198768,16.5,0.7272727272727273,0.6818181818181818,33,4.6,0.256,0,0.6382725832012678,0
13145,0.6930327017461884,7.666666666666667,0.828825915782352,0.7391304347826086,33,4.6,0.096,0.0005769031321302635,0.1788512742487638,1
5385,0.4811866813329534,20.5,0.7606108639945455,0.8571428571428571,34,3.8,0,0.0003742057673509287,0.33707865168539325,1
35042,0.7837400631363344,93.75,0.8310573185082301,1,32,3.9,0.049,0,0.6082130015410079,1
2122,0.7440227011317888,15.916666666666666,0.7587642715495649,0.9285714285714286,37,4.4,0.081,0,0.382186616399623,1
11864,0.8207429712162908,99.33333333333333,0.870533277021071,0.4857142857142857,2,4.5,0.232,0,0.8193197622961184,1
6699,0.7253596502396998,16.333333333333332,0.7559538623856857,0.675,59,4.2,0.064,0.0008078027764480614,0.19078898260804658,1
21990,0.6925345611553182,6.666666666666667,0.7525126265847084,0.5609756097560976,27,3.4,0.208,0.012636447559858958,0.20350159163256026,1
1880,0.851627677967997,6.583333333333333,0.7811187789140432,0.7391304347826086,63,4.3,0.238,0,0.7470071827613727,1
17140,0.8348282093046474,87.5,0.8527901215973611,0.7391304347826086,36,3.9,0.022,0,0.44073631086087695,1
12592,0.6680775083254924,8.916666666666666,0.6621265891116781,0.675,3,4.1,0.225,0.04199624560338206,0.260096096573085,0
1834,0.7936841070805403,10.083333333333334,0.6774741107258206,0.7073170731707317,47,4.2,0.126,0,0.35778565584946825,1
9138,0.5383246938162041,19.25,0.7307999686399697,0.65,29,3.4,0.239,0,0.9912453490917049,0
17481,0.749295551879337,17.583333333333332,0.7582009285530977,0.6444444444444445,61,4.9,0.015,0,0.4138207196384646,1
19985,0.798556803484217,95.16666666666667,0.8673734101915574,1,50,4.5,0.386,0.06810034933425142,0,1
1887,0.7213232874746249,10.416666666666666,0.7633568086760154,0.525,20,4,0,0,1.5622681505034446,0
3273,0.6675474008756122,18.166666666666668,0.7602360670573949,0.48717948717948717,7,3.3,0,0,0.8592818945760122,0
17930,0.6160660008764367,20.75,0.8227918757195967,0.6,63,3.8,0.085,0,0.5291689905186838,1
11715,0.6873336047507126,6.333333333333333,0.7829944407569652,0.775,63,3.3,0.238,0,0.5392232180964576,0
11973,0.650764147672962,7,0.7741230242736872,0.813953488372093,39,4.3,0.082,0.0865408162327353,0.030904155356024223,1
9778,0.6839508294210948,18.666666666666668,0.7909875015942924,0.6511627906976745,25,3.6,0.047,0,0.9572999232932754,1
24986,0.6083692589042631,17.166666666666668,0.7364296706699374,0.6382978723404256,20,4.3,0.215,0,0.49491715360601934,0
16777,0.7877798647864079,6.666666666666667,0.7450490243203607,0.775,30,3.8,0.096,0,0.9034065508300301,1
11912,0.8080344427083364,6.416666666666667,0.7665947953816697,0.7,2,3.7,0.174,0,0.41077949880367715,1
1731,0.8039048451373161,5.666666666666667,0.7272465148383617,0.5319148936170213,12,4,0.08,0,0.6460560531638255,1
31674,0.734114838439359,6.666666666666667,0.7763932022500211,0.7209302325581395,97,4.6,0.176,0,0.5604596830207741,1
6974,0.5099271770784977,15.833333333333334,0.7639193527157284,0.65,48,3.8,0.179,0.0007413175525466569,0.3643533123028391,0
7953,0.7366101930192728,18.083333333333332,0.7203330632129261,0.6363636363636364,61,4.4,0.215,0,0.3276956931782458,1
3844,0.6772945376665782,6.833333333333333,0.740728150908911,0.5714285714285714,44,3.3,0.215,0.07307255454658,0,1
4960,0.4798796667973142,16,0.6991764775376322,0.6666666666666666,51,4.1,0.194,0.039479513241610635,0.07721774193548388,0
12481,0.8338485409945182,6.166666666666667,0.736573125815974,0.9487179487179487,43,4.1,0.215,0.05577950576717314,0.2979729188366317,1
16233,0.6920033247403068,17.833333333333332,0.6973058926971655,0.40476190476190477,23,3.2,0.303,0,0.6178771638021314,0
17505,0.8455238339055486,10,0.6417635789965888,0.7777777777777778,28,4.4,0.062,0,0.2728441257962238,1
25244,0.8850230836421424,10.416666666666666,0.7601333703909607,0.5909090909090909,54,4.6,0.089,0,0.4973062906037078,1
22059,0.8254604102024192,6.166666666666667,0.7537720654285325,0.5641025641025641,27,5,0.218,0.03751402933618,0,1
29470,0.8790430789304144,6.583333333333333,0.764203341643074,0.5581395348837209,71,4.1,0.195,0,0.18635900916185952,1
4376,0.7615626940893031,18.25,0.6859257298809562,0.7446808510638298,20,4.7,0.181,0,0.8789852588275625,0
18260,0.7093949067021572,6.833333333333333,0.8126549817593023,1,23,5,0.069,0,0.5203176341730559,1
5720,0.7315983883738346,6.083333333333333,0.7829728833184266,0.45714285714285713,59,4.6,0.193,0,1.1673076923076924,0
2189,0.7481940270767395,8.916666666666666,0.6913057090670327,0.7083333333333334,16,4.6,0.166,0,0.7108268615806305,0
10306,0.626722184021959,19.5,0.7932754423513193,1,71,3.2,0.307,0,0.6543108049099995,0
21493,0.8569577285101082,94.91666666666667,0.8678876982497514,0.8333333333333334,1,3.6,0.105,0.034322072329871625,0.21495870652553217,1
3212,0.7703188557801364,99.66666666666667,0.8950610602693162,0.8125,38,4.5,0.143,0,0.3892262182780632,1
33425,0.7751147748654057,6.833333333333333,0.8126549817593023,0.7272727272727273,55,4.5,0.128,0,0.37882391658813147,1
7448,0.6675641220939617,17.166666666666668,0.7600153962270237,0.425,32,4.3,0.201,0,0.37959046659953005,0
7930,0.6299146853795567,100.58333333333333,0.8369158436659606,0.918918918918919,31,4.4,0.186,0.09582912844421353,0,1
26674,0.8593517231204774,96.5,0.895299173981156,0.475,20,4.2,0.125,0,0.7415974656494273,1
2259,0.8002989415369671,18.583333333333332,0.7922164513326799,0.4888888888888889,25,3.6,0,0.016477103441187774,0.3023461708720673,1
15781,0.6915019717718458,8.583333333333334,0.6007595107776293,1,29,3.7,0.152,0,0.3924339395475572,1
24139,0.751357868927963,102.91666666666667,0.915435964673251,0.9302325581395349,31,4,0.088,0,0.4700277559136667,1
12939,0.9228138010828547,6.25,0.8256440422583731,0.9024390243902439,1,4.1,0.248,0,0.671948061985547,1
17922,0.7416949088142337,12.083333333333334,0.752972487054175,0.4666666666666667,13,4.5,0.045,0.092098710163038,0.03107912063385783,1
15899,0.6631562106474169,9.916666666666666,0.7134219679835305,0.5897435897435898,10,3.9,0.145,0,1.0249072268696144,0
10281,0.8467051780858929,91.75,0.8564969705619018,0.8571428571428571,21,3.3,0.185,0,0.19560354051162337,1
18451,0.6909880432687434,6.583333333333333,0.7811187789140432,0.6153846153846154,30,3.7,0.046,0,0.5585063140209203,1
20031,0.6202594765005089,16.75,0.7241160073032483,0.4418604651162791,26,3.8,0.015,0.015674034937402836,0,1
22883,0.6971186338939426,5.916666666666667,0.7468704118927968,0.926829268292683,14,3.5,0.171,0.00856017909529668,0.23270550190097453,1
15675,0.6784066521212148,98.91666666666667,0.8789346604592424,0.8292682926829268,12,4.2,0.186,0,0.34507177033492825,1
19175,0.7232313962649441,19.916666666666668,0.787515248107203,0.8695652173913043,46,3.8,0.205,0.004969529468369117,0.5134289439374186,1
19904,0.6626514519572095,97.25,0.858627406015463,0.6818181818181818,63,3.8,0.12,0.14261590544355962,0,1
30144,0.8853766772295149,7,0.8155722216091706,0.6842105263157895,28,3.7,0.199,0,0.9012224857763697,1
5846,0.8945188076103157,90.58333333333333,0.8504925347493886,0.6041666666666666,70,4,0.068,0.009314419330876258,0.38713540330168505,1
17761,0.792331592633134,11.166666666666666,0.6496509076326715,0.7380952380952381,48,3.6,0.024,0,0.7260493792404493,1
28649,0.6905143265940357,17.25,0.6779911475701356,0.4782608695652174,28,3.5,0,0,0.9705220168595214,0
8860,0.7243501285876188,10.25,0.7152149611685041,0.7045454545454546,50,3.9,0.074,0.009524702039412252,0.455079006772009,1
2810,0.6456959033953277,6.5,0.8064145016597244,0.325,6,3.9,0,0,0.4473309608540925,1
16324,0.7156455757729285,95.91666666666667,0.8639681434964707,0.723404255319149,41,4.8,0.164,0,0.5614604710999479,1
12194,0.6978263239953939,6.166666666666667,0.7537720654285325,0.75,55,4.2,0.137,0.005420737155187594,0.037807028334768525,1
6000,0.8174213356404971,7.416666666666667,0.8399122825980336,1,34,3.4,0.036,0,0.7368333333333333,1
14343,0.8124898205835234,6.916666666666667,0.791667271496499,0.5869565217391305,6,4.1,0.118,0,0.5553928745729624,1
2962,0.8239736215327247,6.416666666666667,0.7498524638408023,0.2894736842105263,59,3.7,0.179,0,0.6394328156650911,0
10334,0.7880239855446091,101,0.8723706433157128,0.5909090909090909,45,4.2,0.29,0,0.7377588542674666,1
4961,0.8119469771734062,92.25,0.8932258493521106,0.6744186046511628,43,3.9,0,0,0.552363673016833,1
26480,0.666542886380935,18,0.7374546874304106,0.7333333333333333,31,4.3,0.195,0,0.5500377643504532,1
9704,0.8244245534955807,93.33333333333333,0.8663693790437879,0.43243243243243246,38,3.7,0.14,0.03487931413909113,0.1863149216817807,1
16420,0.7847233003674589,9.75,0.7125611671658079,0.9767441860465116,4,3.7,0.159,0,0.8053838423825329,1
6811,0.6213221605453232,10.666666666666666,0.6954126767247198,0.7073170731707317,20,4.6,0.136,0,0.8017032523309595,0
25626,0.7427531022302372,17.583333333333332,0.7287790724583034,0.6190476190476191,40,3.9,0.125,0,0.3464517765507015,1
8699,0.7388991687067623,18,0.7642977396044842,0.5952380952380952,1,4.2,0.034,0,0.7482469249339004,1
13165,0.780196723966369,20.5,0.7699028992181316,0.75,35,4.3,0.166,0,0.715029055414182,1
24264,0.5168379876873542,17.5,0.7830326523829616,0.7317073170731707,47,3.3,0.156,0.010807806137766102,0.26348218517526323,1
23120,0.7333981059625263,6.916666666666667,0.7679354182619491,1,96,4.2,0.079,0,0.45285467128027684,1
1654,0.7526180104849913,9.75,0.6069305200831823,0.725,24,3.7,0.259,0,0.749093107617896,0
12596,0.7515483516339685,93.5,0.8426013852506946,0.8780487804878049,45,5,0.089,0.020399847571413606,0.004684212615616689,1
20768,0.8324837414644886,9.666666666666666,0.6639036432824494,0.6976744186046512,55,4.1,0.144,0,0.6244703389830508,1
9706,0.6317580131491004,18.5,0.738428267730487,0.8837209302325582,36,4.1,0.213,0.06782879429185633,0.24532481582607799,1
2995,0.8132366872313335,96.91666666666667,0.8422494472008695,0.7608695652173914,68,5,0,0,0.7269994990816497,1
11058,0.3438314433183207,16.5,0.78218324593083,0.8611111111111112,95,4.2,0.071,0,0.413927198733891,1
16419,0.6967190229512489,5.75,0.6895031118024848,0.475,6,4.1,0.111,0,0.36897402320553035,0
7480,0.813175566364899,97.5,0.8969668843355922,0.7692307692307693,25,3.9,0.216,0,0.5573529411764706,1
26991,0.681167012513118,8.583333333333334,0.6588100312464937,0.3829787234042553,46,3.8,0.154,0,0.7248476315740724,0
21993,0.7946684408467022,9.583333333333334,0.7687872034728986,0.6888888888888889,69,3.5,0.115,0,0.6169375923610322,1
22260,0.6341968206586295,9.25,0.638403022695685,0.6590909090909091,48,3.6,0.049,0.00016823825820058927,0.5637017070979335,1
12351,0.7922996617463581,96.83333333333333,0.8656273993508996,0.6944444444444444,53,3.4,0.089,0.09690361377998813,0,1
7736,0.7865158916189363,6.75,0.8173006347290279,0.425,45,4.1,0.001,0,1.1315364229849396,1
1971,0.6608328685743141,16.583333333333332,0.7030920352417598,0.675,40,3.2,0.123,0.007775168675239537,0.29484902309058614,1
18373,0.6182352607327217,17.916666666666668,0.7417452593134559,0.45454545454545453,41,4.1,0.099,0.02865151358217406,0.15936862158116752,1
10633,0.8375765965080094,10.833333333333334,0.7085031489000552,0.7560975609756098,60,4.2,0.235,0,0.7924758993651541,1
15389,0.7999993003221939,10,0.6658343724039429,0.5263157894736842,19,4.4,0.138,0,0.7863664424732755,0
17846,0.7727310394212308,10.333333333333334,0.745999745999619,0.6341463414634146,54,4.2,0.167,0.030482111801152095,0.2542866748851283,1
6298,0.6833797338268681,6.916666666666667,0.8002033258822048,0.6216216216216216,31,4.3,0.241,0,1.0924102889806289,0
6008,0.7384480130118208,6.666666666666667,0.9064585653306515,0.47368421052631576,53,4.2,0.004,0,0.7167707032875572,1
8132,0.7460933513522054,10.083333333333334,0.7095655637883376,0.65,1,4.8,0.121,0,0.14486872040828874,1
2959,0.8556809010767233,96.5,0.8979831473186711,0.6511627906976745,48,4.5,0.169,0.11773613512840347,0,1
1836,0.6350141875997011,10.75,0.781428338296563,0.75,24,4,0.039,0.03610225722938293,0,1
5761,0.5730014200858825,18.333333333333332,0.7362069431173289,0.5128205128205128,2,3.2,0.22,0.0000502209722780233,0.5778510675229995,0
8449,0.7264040412299236,10.583333333333334,0.6434018307330944,0.7,116,4.4,0.018,0,1.4359945552464934,0
13119,0.7394104780349817,107.5,0.9085008578004372,0.6046511627906976,20,3.7,0.157,0.009817938820671184,0.47739919201158626,1
13100,0.723597064045651,10.833333333333334,0.7651640381157885,0.7555555555555555,1,3.2,0.162,0,0.779190045421581,0
2022,0.9184776793088005,6.75,0.7497143835467495,0.8888888888888888,42,4.9,0,0,0.8350234974029186,1
5774,0.6485537938256407,6.916666666666667,0.8388061667438595,0.6590909090909091,65,4.5,0.026,0,0.3276757880152407,1
14230,0.6921634947007437,9.166666666666666,0.6359093746454403,0.6818181818181818,31,4.3,0.069,0,1.1401264933239634,0
11783,0.5254080252380757,100.75,0.8516068174452842,0.6153846153846154,62,2.7,0.134,0,0.3855554612577442,1
6759,0.6423906824455903,10.583333333333334,0.6951423514550246,0.7727272727272727,33,4.1,0.179,0.02719057850065656,0.46116289391921883,1
13484,0.7176619981673577,17.583333333333332,0.7430685086553592,0.7435897435897436,96,4.1,0.068,0,0.5956168650572923,1
8419,0.6490403528916884,6.25,0.7821315381550907,0.4594594594594595,1,4.5,0.133,0,0.6014135534833996,0
1819,0.6986181589726221,10.916666666666666,0.7116362325568839,0.6046511627906976,48,4.2,0.13,0,0.6268902941985153,1
2054,0.6500843644274866,19.666666666666668,0.7704030985738294,0.625,12,4.5,0.097,0.010716284488233788,0.17531044558071585,1
1964,0.6256540763796818,6.416666666666667,0.851356842308317,0.5,48,4.5,0.067,0.05150111172295676,0,1
13023,0.6841150563298181,92,0.8525580438451028,0.8723404255319149,65,4.6,0.01,0,0.8588212708773277,1
8872,0.6911431978944581,18.416666666666668,0.7458398792763146,1,25,4.1,0.257,0,0.40286310094121625,0
10385,0.7897494699101502,102.16666666666667,0.8867082836214051,0.6521739130434783,38,3,0.067,0.12448759154640605,0.0658673985266503,1
13737,0.660886125528312,18.25,0.7818230627324148,0.9772727272727273,63,4,0.001,0.015279903248322867,0.36405328674383053,1
8193,0.8648692513792061,99.08333333333333,0.8964628715837288,0.717948717948718,11,4.9,0.201,0,0.40939884040280744,1
23182,0.755995719393459,6.333333333333333,0.7093326048108615,0.5121951219512195,1,4,0.232,0,0.3540754480943856,0
13093,0.9322082253337385,6.75,0.7355026507947092,0.9210526315789473,24,4.1,0.087,0.07336222748165565,0,1
33074,0.6901105273967885,19.916666666666668,0.7713244615574945,1,1,3.2,0.008,0.004324155487883395,0.10506742456310092,1
11057,0.8970576812465645,6.5,0.6955296900759509,0.9512195121951219,6,4.1,0.174,0.052972231267488346,0.18070000904404449,1
18519,0.6831183373262859,7.083333333333333,0.8323787429555881,0.5116279069767442,67,4.1,0.21,0.05584816634391779,0.06604206604206604,1
32159,0.6614064787512675,19.25,0.8161829112938342,0.6041666666666666,1,4.3,0.199,0,1.1261233247302467,0
36178,0.7072979930230816,18.333333333333332,0.6993120834810687,1,44,5,0.137,0,0.7469456575819559,1
18705,0.7787504229157428,11.25,0.6174592197429525,0.6428571428571429,29,4.3,0.01,0.01508972507100397,0,1
13056,0.6784058827434007,7,0.8155722216091706,0.9047619047619048,25,4.3,0.316,0.0006555091286623139,0.3701888093140822,1
14429,0.6700453185112817,6.25,0.6791677489195743,0.625,29,3.8,0,0.0010002951411016005,0.6442111099559898,1
5033,0.6034679738846942,6.083333333333333,0.6891286104682132,0.6410256410256411,41,4.2,0.085,0,0.47749627421758567,0
29897,0.7965951941740708,97.33333333333333,0.8515103877487753,0.6904761904761905,1,5,0.238,0.09400337950935028,0,1
28652,0.7501729342240984,99,0.8709730218426954,0.8333333333333334,33,3.5,0.029,0,0.8967960351807902,1
11673,0.7527592403042892,9.666666666666666,0.7635981172275501,0.5625,28,3.3,0.153,0.014047277605372941,0.12225315913471836,1
21621,0.5389880665271934,20,0.864599359922734,0.5121951219512195,53,3.4,0.164,0.0034787117177012598,0.40710420424587207,0
15365,0.6295301435428058,97.16666666666667,0.884795920341633,1,48,4.1,0.072,0,1.256622193296453,1
9151,0.6456564050313907,10.916666666666666,0.7396733907636652,0.723404255319149,24,4.8,0.133,0,0.3162668706628053,1
28306,0.5887436748561856,10.916666666666666,0.7317361314380828,0.8367346938775511,33,3.7,0.141,0.006189120449256231,0.42280788525400975,1
12786,0.5828290480063242,11.666666666666666,0.7044548447774686,0.8947368421052632,1,3.9,0.099,0,0.426264127331743,1
16562,0.7770421619118942,9.75,0.6346716192621793,1,1,4.1,0.025,0.0014890376669984015,0.3012408296349968,1
20195,0.5961629711366844,10.083333333333334,0.6774741107258206,0.6052631578947368,49,3.7,0.159,0,0.9708343649418173,0
8203,0.8319697683383822,6.583333333333333,0.7900870385851013,0.41025641025641024,20,3.3,0.143,0,0.4181651935385553,1
14775,0.7372768942070209,6.5,0.7448750161265076,0.7843137254901961,89,4.5,0.021,0,0.6586802030456853,1
13624,0.8562751762334482,6.25,0.8026846855073502,0.6410256410256411,35,3.8,0,0,0.4026131317209234,1
7064,0.8213521445595018,6.25,0.7545072981397071,0.6521739130434783,64,4.6,0.094,0.018332556966319014,0.4244354781623841,1
11505,0.6814525603336226,10.833333333333334,0.7134163690738899,0.627906976744186,51,4,0.262,0,0.46399235081924467,0
22779,0.7800454107034394,6.166666666666667,0.7628388003407535,0.40476190476190477,1,3.9,0.17,0.009931167864201893,0.3448427244989793,1
18438,0.7776348336143498,11,0.748284125366119,1,1,4.1,0.038,0.04540673115996635,0.11856271186440678,1
18705,0.5335249918406453,19.583333333333332,0.8419791946584924,0.8571428571428571,48,3.2,0.059,0.0008230452674897119,0.15113605987703824,1
2974,0.7919526185452753,93.33333333333333,0.8507459021859509,0.85,1,4.2,0.116,0,0.5941492938802959,1
26315,0.756183511176628,6.25,0.7545072981397071,0.8717948717948718,1,4.4,0.032,0.10607830070997476,0.06821204636139085,1
1830,0.6105424696109906,97.33333333333333,0.8467298356123271,0.6888888888888889,1,3.3,0.186,0.09271958481637282,0,1
8533,0.8223364478023751,11.333333333333334,0.7601543172014693,0.6585365853658537,41,3.9,0.114,0.0720867114392313,0.13020039845306458,1
9781,0.821459428357902,7.166666666666667,0.7594399899351488,0.5,63,4,0.259,0,1.2310209089514852,0
10007,0.727566466124931,101.5,0.8687705932704817,0.6666666666666666,25,4.7,0.074,0.01209816675739237,0.30270324289212014,1
11752,0.785002547622165,10.416666666666666,0.6927541700852556,0.6511627906976745,9,3.6,0.219,0.009510365422672055,0.5125085091899251,0
25817,0.5840005257623517,18.083333333333332,0.7286578967739072,0.40540540540540543,20,5,0.115,0.011867622957902904,0.24251931904014873,1
14391,0.7183884669436342,18.333333333333332,0.7390418164653214,0.6744186046511628,53,4.3,0.091,0.007239233566575094,0.18754777291362656,1
10701,0.7930429552286393,95.16666666666667,0.8662679775788966,1,67,3.5,0.056,0,0.5345544600719593,1
7352,0.6775251084750397,17.25,0.6823694458303815,0.7857142857142857,55,5,0.238,0,0.6158868335146899,1
18586,0.6590077598396662,98.75,0.8504756602626056,0.525,23,3.7,0.049,0.030395188442956512,0.12235344758010276,1
15957,0.6930586183535165,6.166666666666667,0.8269425881774906,0.5,1,3.4,0.032,0.0005925627781131907,0.37978253376367,1
17800,0.761667879319559,12,0.7014696491638239,0.85,39,4.2,0.017,0,0.8581139919660664,1
25697,0.8096458545555218,6.166666666666667,0.736573125815974,0.8636363636363636,1,3,0.179,0,0.6504776915144086,1
22345,0.7294228247080115,102,0.9013905472574208,0.36585365853658536,50,4.2,0.164,0,0.5475172861330528,1
5227,0.8599850424213797,10.583333333333334,0.6762065323629592,0.62,13,4.6,0.148,0,0.7737491629197359,0
11326,0.696220564635428,12.5,0.8026846855073502,0.5909090909090909,31,3.9,0.154,0.023259522030210065,0,1
20302,0.6410509708961443,15.666666666666666,0.7482519241234206,0.6595744680851063,26,4.3,0.139,0,1.1662890355629987,0
2184,0.9458171701073033,6.25,0.7069698536555211,0.7837837837837838,8,3.9,0.077,0,0.7639111518204718,1
5817,0.8624462675418614,11.416666666666666,0.6977185512284867,0.9069767441860465,50,4.2,0.111,0,0.6944038511132125,1
23206,0.8799459694086423,6.666666666666667,0.7377977879574622,0.36585365853658536,51,3.7,0.105,0.050448548338797215,0.2014608605718472,1
2703,0.7163276675818828,12.666666666666666,0.771340168460753,0.8780487804878049,74,4.7,0.116,0,0.3788383277839438,1
8944,0.7345550424923102,106.66666666666667,0.9126116784118152,0.7692307692307693,9,3.9,0.066,0.003420954253496604,0.19522558282551575,1
1963,0.7199103152895416,93.66666666666667,0.883102720956179,1,28,3.7,0.244,0,0.955923566878981,1
9635,0.6877971186124371,6.666666666666667,0.8031498031497047,1,37,4.1,0.227,0,0.7268292682926829,1
3211,0.7238828857910047,12.083333333333334,0.7772723412144118,0.3181818181818182,32,2.5,0.132,0,0.12176891933976955,0
12076,0.7161983422058106,16.75,0.775126579502696,0.75,33,3.5,0.146,0.015613923221137666,0.21622293072750612,1
31132,0.6320151466679437,18.416666666666668,0.7420020761964086,0.7894736842105263,79,4.4,0.146,0.1625422211366135,0,1
15298,0.6380489573204446,17.166666666666668,0.7407567005277924,0.6216216216216216,9,4,0.141,0.02915820823233739,0.2910838018041574,1
17560,0.6287022261121205,18.916666666666668,0.7902509981124686,0.6875,36,4.4,0,0.0007615421227986672,0.2957373501523392,1
32479,0.8190033235223155,6.333333333333333,0.7559574080132709,0.6304347826086957,87,4.4,0.11,0,0.9534160534499215,1
2255,0.7731540456255752,6.916666666666667,0.7755670360217211,0.8367346938775511,49,4.6,0.122,0,0.7800443458980044,1
29541,0.586174408505266,18.583333333333332,0.7377927550485432,0.5490196078431373,1,4.4,0.116,0.05728765594393933,0.14176906672082867,1
18079,0.6643751390089485,19.583333333333332,0.7520568998815793,0.7727272727272727,1,3.5,0.118,0,0.7806294595940041,1
18529,0.6779421310980647,9.916666666666666,0.6618756380045259,0.7,31,4.4,0.182,0.0038143998128507585,0.3239333998974553,1
19027,0.943982385450654,104.33333333333333,0.9072106343037852,0.9333333333333333,39,3.7,0.062,0,0.732084198354926,1
20185,0.6628770550726546,104.75,0.8660008497874117,0.5909090909090909,1,3.5,0.099,0,0.602194753399886,1
12164,0.6656851294136414,17.583333333333332,0.6986512354127103,0.3333333333333333,55,4.9,0.169,0,0.41525876598018663,1
16554,0.6390363060262036,17.25,0.7908151198588312,0.5555555555555556,39,3.9,0.244,0,0.6585115379968588,0
27134,0.7540589300030155,20.5,0.7422623173309373,0.5641025641025641,73,3.1,0,0,0.5119775926881404,1
9389,0.7000203910252614,99.25,0.8672135480796251,0.85,51,4.3,0.18,0,0.8467806358843266,1
18236,0.7884021746603528,101.41666666666667,0.8758971988882737,0.9111111111111111,51,3.5,0.2,0.009953267829715394,0.33028076332529066,1
13313,0.7875921205398213,7.333333333333333,0.7820076580312401,0.7446808510638298,8,4.4,0.104,0,0.6765821596244131,1
25638,0.5739670869051715,17,0.6769165283669788,0.55,50,4.1,0.168,0,0.3416869819600195,0
20921,0.8311646925104754,102,0.8826938490470747,0.6086956521739131,15,3.8,0.234,0.10015586160060179,0.25807222580722256,1
2067,0.7354413020957877,11.083333333333334,0.7112351222605786,0.425,19,4,0.235,0,0.6973142995402855,0
21735,0.7649778988730473,6.916666666666667,0.8002033258822048,0.5121951219512195,58,4,0.002,0,0.8098645011387425,1
6538,0.6299006686289479,17.666666666666668,0.862639436051311,0.4418604651162791,20,3.9,0.182,0,0.8159082217973231,0
13005,0.7955300393967029,94.16666666666667,0.8810466718616173,0.85,33,3.1,0.01,0,0.8529355223191972,1
21579,0.7988168616572443,102.91666666666667,0.8843861925379836,0.8421052631578947,1,3.5,0.139,0,0.2740690965544408,1
24244,0.6920149254190688,97,0.8615585080516586,0.4782608695652174,39,3.9,0.139,0,0.21918825276357037,1
8968,0.8564115773590213,11.666666666666666,0.611386556893273,0.9047619047619048,1,4.3,0.169,0.02406306918012292,0.04527207850133809,1
10077,0.9140206531296631,6,0.7642977396044841,0.7560975609756098,32,3.8,0.088,0,0.5270417783070358,1
24009,0.7619289071454389,10.583333333333334,0.6808351464643899,0.9534883720930233,2,4.2,0.178,0,1.0844266733308343,0
29071,0.5328815273696851,16.416666666666668,0.7084420206949364,0.27906976744186046,43,4.4,0.213,0.006384521553798379,0.2853752085447447,0
20279,0.8508806580260311,6.916666666666667,0.7834674607757659,0.9736842105263158,66,4.6,0.197,0.009179668486942598,0.26101536109672807,1
12429,0.6064159794322055,18.333333333333332,0.7324738369170516,0.6,60,3.4,0,0,0.4450076434145949,1
6662,0.7588443911705584,96.08333333333333,0.8680473706713645,1,5,4.4,0.263,0,0.4189432602821975,1
18023,0.5846747141405535,18,0.7848342585440324,0.8958333333333334,51,4.1,0.055,0.001694755625106872,0.3780169783054985,1
5402,0.7673232819505831,92.75,0.8863121471214925,0.7272727272727273,25,3.6,0,0,0.8516152920485051,1
4245,0.794668447855674,94.33333333333333,0.8864574628052323,0.6097560975609756,17,5,0.252,0,0.5366313309776207,1
12337,0.6973808886273978,16.583333333333332,0.7103242805762344,0.5227272727272727,38,3.8,0.13,0.022017271744035005,0,1
7692,0.9139338623230236,6.583333333333333,0.7335751243057065,0.6341463414634146,25,3.9,0.261,0.08568620376154756,0,1
2191,0.6273728174744803,101.91666666666667,0.8858227147854348,0.4878048780487805,28,3.8,0.126,0,0.3605659516202647,1
11818,0.7394278671029282,95.83333333333333,0.8551710480228043,0.6764705882352942,1,3.9,0.083,0,0.7965305690712926,1
17851,0.7648232760924052,5.916666666666667,0.7877955046011357,0.7368421052631579,105,3,0.121,0.0014032982347476,0.33494860087952716,1
14579,0.7200672206035993,96.66666666666667,0.8815729326822456,0.5641025641025641,41,4.2,0.158,0.0006651388230335598,0.40263392550929417,1
13087,0.7611140580334462,102.25,0.8612231601296323,1,37,3.4,0.107,0,0.8530928819776105,1
21384,0.6725258055128944,11,0.67012816580186,0.975,28,3.8,0.316,0.007162477098915141,0.1339786756453423,1
17443,0.84938824621491,9.083333333333334,0.6744734862530244,0.6590909090909091,40,4.5,0.066,0.02790822373211586,0.16161674071950696,1
25059,0.6395062934589306,17.5,0.7696497786200415,0.813953488372093,20,4.5,0.116,0.000022273851868604836,0.7286150408045174,1
19954,0.7168170260140718,5.583333333333333,0.7635376191379872,0.5581395348837209,59,3.2,0.079,0.05737973103357824,0,1
11028,0.5920262286056297,20.166666666666668,0.7649345015978861,0.7674418604651163,28,4.4,0.197,0.07629124581634367,0,1
21598,0.7280817454319792,103.91666666666667,0.8929528250518188,0.6,10,4.5,0.362,0,0.3612455145271443,1
21195,0.9042501597911389,94.91666666666667,0.8669806184058367,0.6666666666666666,53,3.8,0.067,0,0.8277147373139258,1
16208,0.7205435721526915,100.5,0.869345744203545,0.631578947368421,31,3.6,0.028,0.040436518704418105,0.27745557749259625,1
14263,0.8539147229020536,7.25,0.7537438472916258,0.6923076923076923,14,4.2,0.124,0,1.0241542506573182,1
12325,0.8063607338246379,92.91666666666667,0.885051247815787,0.7959183673469388,37,4.3,0.132,0.08950244270719492,0.1050709939148073,1
20161,0.6796270891717602,16.333333333333332,0.6884829077046174,0.9148936170212766,76,3.9,0.207,0.09969865185557492,0.0331828778334408,1
8332,0.6820247460896731,10.083333333333334,0.630124892552062,0.625,43,4.6,0.117,0,0.6189761747584469,0
2117,0.771470269769102,9.75,0.6863119777179049,0.9534883720930233,6,4.3,0.184,0.014295656312322214,0.12895606991025035,1
19496,0.7732855229426248,7.166666666666667,0.7959310607583228,0.6521739130434783,25,3.1,0.175,0,0.5735169654535662,0
14155,0.752175297367977,101.33333333333333,0.8615877967107286,0.6666666666666666,64,4.6,0.231,0.04443734071021641,0.26895090074178735,1
2866,0.7502682332570909,7,0.7264493977839034,0.9285714285714286,7,4.6,0.086,0,0.5854849965108164,0
6295,0.8344769531718799,10.666666666666666,0.7394791874916709,0.6190476190476191,70,3.6,0.004,0,0.22305187068075305,1
12672,0.8015134005728295,10.166666666666666,0.6172912285269261,0.7659574468085106,12,4.7,0.162,0,0.8569286616161617,0
21983,0.7368950067815652,6.166666666666667,0.736573125815974,0.7317073170731707,14,4.3,0.222,0.0003204043128515986,0.2821270982122549,1
3483,0.6994913550959005,18.416666666666668,0.6916761870420914,0.65,31,3.8,0.054,0.06142349107045119,0.07724335965541995,1
22694,0.8437879272266873,10.916666666666666,0.6034206043401362,0.7755102040816326,1,4.3,0.182,0,0.28677183396492467,1
20942,0.740886561214188,18.916666666666668,0.8137756705916454,0.65,42,3.6,0.042,0,0.8359000071628107,1
7240,0.8283121040638606,10,0.5603031347242361,0.717391304347826,73,3.6,0.155,0,0.277919745838801,1
17909,0.7932787971089835,10.5,0.7961074193862678,0.5116279069767442,32,4.4,0.173,0,0.3485398403037579,1
10129,0.6248377470313793,20.083333333333332,0.8644607222318583,0.6739130434782609,27,3.9,0.139,0,0.9429826726563657,0
1748,0.8545813203191193,11.75,0.815739275790545,0.34782608695652173,58,4.7,0.164,0.10530686311784045,0,1
17843,0.692104820546598,96,0.8561644779360558,0.9565217391304348,52,3.7,0.142,0,1.050103682116236,1
10080,0.6934453761946585,10.333333333333334,0.7281887169943111,0.7857142857142857,36,4.8,0.033,0,1.1907336673446103,1
4464,0.7067742939751483,100,0.8895463898281274,0.4878048780487805,22,3,0.244,0,1.1883960573476702,0
16667,0.8099454636414438,98.58333333333333,0.8356814998438111,0.4473684210526316,25,3.5,0.163,0,0.4143517129657407,1
21328,0.5656195102075625,10.75,0.750609179191544,0.8974358974358975,28,4.4,0,0,0.645301950487622,1
18810,0.9122549325291673,6.083333333333333,0.7116771893171343,0.4186046511627907,1,4.1,0,0.018205676600076968,0,1
17573,0.7381514421740492,95.41666666666667,0.8669877310666044,0.926829268292683,21,2.9,0.12,0.05180651147400236,0.1423775109543049,1
14196,0.8036645803506218,6.166666666666667,0.782101141937877,0.40816326530612246,34,4.2,0.105,0,0.5955903071287687,1
13092,0.6785545270672344,97.08333333333333,0.8743756955894068,0.6744186046511628,20,3.7,0.253,0.10705670148366846,0.06538593744032388,1
11620,0.8038800458842951,7.083333333333333,0.7885623440516303,0.5384615384615384,25,4.9,0.162,0.0003143071516178793,0.39199655765920827,1
15576,0.7087811627092376,10,0.6440973915989563,0.475,55,2.6,0.11,0.09674488335191254,0.033835189881544735,1
14403,0.7628338067089818,10.5,0.7237000764201713,0.6170212765957447,46,3.7,0.215,0.001576751891104325,0.21482381530984204,0
10506,0.7311881714506999,96.25,0.8899547004451176,0.9743589743589743,93,4.5,0.282,0,0.7140069487411356,1
46407,0.7303168361018918,100.91666666666667,0.8772663797563897,0.7111111111111111,1,4.4,0.208,0,0.5078383416116277,1
10312,0.7208530946831789,10.833333333333334,0.7421068520886122,0.4782608695652174,48,4,0.109,0.03883979200897004,0,1
10561,0.741976988113611,93.91666666666667,0.8669062407900365,0.6428571428571429,9,4.2,0.11,0,0.4824582169404858,1
9972,0.663312231129819,92.16666666666667,0.864714104055927,0.16326530612244897,1,5,0.152,0,0.7742064884922027,0
11403,0.7757167873191885,92,0.8949900235783375,0.6304347826086957,25,4.8,0.138,0.0096065851893076,0.20757695343330704,1
19888,0.76739742469379,11.333333333333334,0.6873486525666279,0.575,24,4.2,0.161,0.0007905186043424213,0.5182019308125503,1
19696,0.6784135018184615,6,0.736476861652635,0.8095238095238095,1,3.7,0.27,0,1.661251015434606,0
13827,0.7754505267956995,10.583333333333334,0.6975926870917871,0.9767441860465116,62,4.1,0.251,0,0.6852059451054135,1
3651,0.6355812090367708,16.75,0.7711983624364792,0.7619047619047619,9,4.3,0.124,0.0035983812821181356,0.20186250342371953,1
20858,0.7313659431474999,10.083333333333334,0.5941988860432754,0.5384615384615384,40,3.6,0.136,0.004356358908972724,0.6014143593431619,0
13090,0.6186594294316172,16.583333333333332,0.7847391960743326,0.6341463414634146,1,4,0.038,0,0.7156117498758547,0
24882,0.7675428145723073,19.333333333333332,0.73513290524591,0.88,36,3.8,0.202,0.018188872471592312,0.35543766578249336,1
16097,0.7122023076771686,86.41666666666667,0.8775845034484897,0.5714285714285714,23,4.4,0.029,0.2040751258931112,0,1
33426,0.9304749802777674,98.91666666666667,0.8713626777985815,0.7073170731707317,33,4.6,0.06,0,0.29557829234727456,1
4540,0.658114138332492,7.083333333333333,0.8136120056734722,0.675,14,4.6,0,0,0.6766519823788546,1
15535,0.8945136418168905,100.08333333333333,0.8732554244914792,0.6190476190476191,6,4.6,0.119,0,0.7131224049695838,1
22457,0.6693444416348149,17.833333333333332,0.7007885870358481,0.725,83,4.5,0.023,0.010002794942102955,0.19116533820189696,1
3628,0.8368318816741672,9.5,0.6713158948211368,0.8,35,3.4,0.182,0,0.7534114403859408,0
16091,0.7585510577949356,11.5,0.6698322971045068,1,1,4.8,0.092,0.10822217310405245,0,1
4496,0.7244820944551348,17.333333333333332,0.7083509444595557,0.525,48,4.1,0,0.030387081425643014,0.26137248359470583,1
10039,0.6555839318811656,11.833333333333334,0.8543087262987521,0.5882352941176471,59,4.1,0.09,0,0.7116601085819595,1
5119,0.8390397240450402,9.25,0.604936721634582,0.7073170731707317,14,3.9,0.153,0.019732786280059648,0.1428152779134512,1
1899,0.6000717860972424,21.083333333333332,0.7754676294589126,0.9487179487179487,19,3.4,0.003,0.0013164080865068171,0.2986568343429023,1
11244,0.7007085176086127,17.416666666666668,0.7448813878130474,0.65,55,5,0.061,0,0.3363721261173122,1
22598,0.7954183105112558,5.416666666666667,0.7562618535730021,0.5833333333333334,77,3.7,0.178,0.005270520652466314,0.09368085671298344,1
1989,0.8663167499206386,95.08333333333333,0.8916809194188582,0.17777777777777778,1,4,0.044,0.08725594115610753,0.30676389238119184,1
1742,0.7216755401053105,6.333333333333333,0.7829944407569652,0.7,35,3.7,0.039,0.004394926364295025,0.2158438576349024,1
1754,0.587568187550375,6.416666666666667,0.7418882218915352,0.9302325581395349,50,3.3,0,0,0.5615735461801596,1
13024,0.8675393213586543,8.5,0.6796052031692512,0.6470588235294118,1,4,0.107,0,1.1421660843859178,0
5808,0.6966259895672074,17.583333333333332,0.7661340323890933,0.6458333333333334,24,3.7,0,0,0.877658200602669,1
23073,0.5056817198770152,18.333333333333332,0.758790924337789,0.7804878048780488,17,4.4,0.115,0.0013619768910566336,0.248255536774585,1
5720,0.6450752209424757,9.416666666666666,0.7812529717821544,0.6739130434782609,41,3.9,0.189,0,0.4199300699300699,1
14538,0.5978772800402272,6.083333333333333,0.7361457495307093,0.8611111111111112,1,3.9,0,0,0.1441051038657312,1
13069,0.8135406166612879,95.16666666666667,0.8727552939597708,0.7555555555555555,37,3.7,0.143,0.006180116757497506,0.20667227790955697,1
18627,0.8109326228374609,6.833333333333333,0.762273308663196,0.6976744186046512,14,3.4,0.018,0,1.0218500026842756,1
15500,0.646197539887734,10.333333333333334,0.688079361196553,0.7674418604651163,52,3.8,0.086,0.03120108974270751,0,1
2893,0.7462484046911811,17.166666666666668,0.7796736753803841,0.6097560975609756,2,5,0.112,0.0454183130056583,0.13861043899066713,1
17350,0.8382449283007389,10.333333333333334,0.6436980317036367,0.5319148936170213,26,3.6,0.206,0,1.0781290527104528,0
21589,0.8019548673024982,92.08333333333333,0.8404901962567085,0.5952380952380952,51,3.9,0.302,0,0.47715218750723765,1
11367,0.8079036296498183,93.08333333333333,0.8698611837962646,0.8913043478260869,35,4.2,0.255,0.0002556681075114303,0.18386557578956628,1
14624,0.9248863665163252,97.75,0.851625662309647,0.325,18,3.8,0.144,0,0.31305774951277054,1
9416,0.7544526444099378,98.75,0.885272407188759,0.9148936170212766,18,4.8,0.306,0,0.6458156329651656,1
7651,0.8128225296945792,98.75,0.8650765120749226,0.7111111111111111,57,5,0.142,0.0001893939393939394,0.23317213436152137,1
18901,0.6244039884311063,11.416666666666666,0.7313114989882341,1,11,3.6,0.063,0,0.8309084175440453,1
21978,0.881889940400479,6.416666666666667,0.7665947953816697,0.7105263157894737,37,3.6,0.167,0,1.0492549198043453,1
16719,0.7094691093444849,94.75,0.8940093137659115,0.5641025641025641,74,5,0.219,0.030568126387454427,0.3651643389060023,1
7046,0.8942991044629666,95.66666666666667,0.8424909818495372,0.6956521739130435,18,3.9,0.117,0,0.5270030515932155,1
18046,0.7065678418737397,10.083333333333334,0.6149256939761407,0.4146341463414634,2,3.1,0.131,0.008514493339056134,0.4407070819018065,0
29306,0.8225840635177384,6.416666666666667,0.7665947953816697,0.4782608695652174,1,3.7,0.072,0.05434632680837497,0.12222753019859414,1
12016,0.46943758269204083,10.083333333333334,0.5941988860432754,1,76,4.3,0.357,0.10541386106098898,0,1
12167,0.74880387583106,10,0.7,0.7073170731707317,39,3.5,0.083,0,0.36303114983151147,1
15436,0.7669650136573687,6.916666666666667,0.7679354182619491,0.7567567567567568,5,4.5,0.145,0,0.4397512308888313,1
28030,0.7678842002922582,17.666666666666668,0.6803570878094827,0.9545454545454546,11,3.7,0.047,0,0.8687989439697461,1
13037,0.7608427352990109,9.333333333333334,0.674627372173418,0.675,40,3.8,0.004,0.011210290536573644,0.39895677520806966,1
8606,0.8482787604851636,5.666666666666667,0.7684115331172997,0.7727272727272727,1,4.9,0.145,0,0.4025332636104817,1
32176,0.633583592810266,19.416666666666668,0.8173568855712171,0.975609756097561,19,3.7,0,0,0.7836397258783857,1
12103,0.677998132761443,19,0.7239976715341707,0.6829268292682927,77,4.2,0.244,0,0.4727753449557961,0
1966,0.8021988071768122,6.666666666666667,0.8031498031497047,0.6388888888888888,38,4.1,0.16,0.052913103929826934,0,1
14662,0.6711038407253558,12.166666666666666,0.8106811649166403,1,32,4.7,0.257,0,0.5336425331650922,1
13052,0.6790463235336626,16.833333333333332,0.7516844316042682,0.4,32,4.7,0.077,0.053676657257914706,0.20464296659515782,1
8317,0.8156263247377284,6.75,0.7425104492022937,0.5454545454545454,1,3.4,0.113,0,1.0286160875315618,0
24112,0.6246593632136065,6.333333333333333,0.7394869753523245,0.6046511627906976,46,3.7,0.132,0.012757820681317818,0.019865627073656272,1
26597,0.6501891669468731,10.75,0.7284607769281086,1,1,3.8,0.233,0,0.8309207805391585,0
11098,0.7728814988228694,10.25,0.7777943029477,1,1,3.6,0.06,0.0246638995049444,0,1
40148,0.6527771417734325,18,0.736476861652635,0.8,67,4.5,0.098,0.010558043320557943,0.039255246279344916,1
6296,0.7834052752502146,89.5,0.8814465993117542,0.5526315789473685,27,3.3,0,0,0.49301143583227447,1
25349,0.667204013986556,11.25,0.8217598605108747,0.43902439024390244,58,3.9,0.074,0,0.5830210264704722,1
36314,0.5265932294375703,15.666666666666666,0.6858548285056724,0.7906976744186046,10,3.5,0.219,0.0007073867317370005,0.2635347248994878,0
19153,0.7582681698384348,98.58333333333333,0.90399512715456,0.6666666666666666,1,3.6,0.111,0.0010075742317150406,0.3616665796480969,1
16471,0.6739458823374695,10.833333333333334,0.7808029715573076,0.574468085106383,37,4.1,0.144,0.07700595712305974,0,1
17517,0.7518945474499554,19.333333333333332,0.7938230906361827,0.6,1,3.4,0.089,0,0.5165838899354912,1
1907,0.893108508199421,6.666666666666667,0.7450490243203607,0.6842105263157895,42,4,0.148,0,0.6462103330710727,1
6912,0.8802928399029155,6.416666666666667,0.8149635474185064,0.6190476190476191,26,3.8,0.21,0.003324739687545127,0.1480034722222222,1
8313,0.7704757623741475,93.41666666666667,0.8520926839641617,0.6363636363636364,45,4.2,0.246,0,0.6271278195488722,1
23047,0.7846135071137191,9.5,0.6856759146110716,0.8222222222222222,12,4.7,0.204,0,0.18692643134532358,1
23779,0.6003792847293719,17.25,0.7962406115076025,0.5714285714285714,27,4,0,0.08400010198507211,0,1
1743,0.7377301852260383,6.416666666666667,0.7580787531143226,0.46153846153846156,65,3.8,0.071,0,0.25767575322812053,1
19135,0.8571426830865533,99.91666666666667,0.8678255815786097,0.7727272727272727,28,3.6,0.028,0,0.3470603605957669,1
7125,0.6435209496077848,19.416666666666668,0.8056310407858498,0.8478260869565217,46,3.5,0.106,0.12609673118027379,0,1
14875,0.7495324366779663,6.666666666666667,0.7681595376126074,0.6,1,4,0.044,0.004021545786958208,0.17849339473595752,1
25518,0.7511757546091978,5.833333333333333,0.7805386929180398,0.6,70,3.9,0.007,0.013591373432824927,0.26808527314052827,1
8467,0.7801053874798618,97.91666666666667,0.8983450656990869,0.9523809523809523,6,3.7,0,0,0.6730837368607535,1
20969,0.6715846761378246,17.416666666666668,0.6851180213631982,0.5111111111111111,1,3.4,0,0.0003602813721933326,0.5545461048715931,0
13590,0.6884588545474841,17.666666666666668,0.7444109965255836,0.7105263157894737,39,4,0,0.03305074441785404,0.12848154825416683,1
18811,0.6626944760203769,16.25,0.7779422041578362,0.6222222222222222,1,4.7,0.122,0,0.7785013689162967,0
18145,0.6780436799530257,17.25,0.7363274579904311,0.5333333333333333,20,3.8,0.002,0,0.6980986497657757,1
15613,0.6138206467752132,18.083333333333332,0.7258548623458829,0.6363636363636364,30,4.2,0.025,0.17940086705790312,0,1
10610,0.6688885404826371,96.66666666666667,0.849712918397649,0.5476190476190477,29,4.6,0.062,0,0.8968377397615345,1
11008,0.598009495117763,7,0.7897199793731465,0.7021276595744681,1,3.7,0.04,0,0.5160118101294572,0
19099,0.8529365986650801,6.916666666666667,0.7755670360217211,0.813953488372093,1,3.5,0.061,0,0.40902665060997956,1
9343,0.6905272147344288,17.166666666666668,0.7040825115703269,0.6428571428571429,13,3.8,0.102,0,1.1083757024351084,0
20053,0.6311000566973447,16.083333333333332,0.6656926719805484,0.5813953488372093,43,4,0.184,0.004909944319881273,0.37925445705024313,1
15963,0.6962658729618487,9.666666666666666,0.6358842744492608,0.6976744186046512,33,4.1,0.103,0,1.1136377873833239,0
27850,0.7604072479946307,11.666666666666666,0.7215201615768867,0.7777777777777778,29,2.8,0.039,0,0.5581787823838849,1
8954,0.7818390641508186,6.25,0.8026846855073502,1,1,5,0.151,0.09216303969349936,0,1
11833,0.7461678877675806,6.25,0.8026846855073502,0.5853658536585366,16,4.8,0.113,0,0.4752809938308121,1
13017,0.7423337769104006,18.083333333333332,0.7267860118381264,0.8863636363636364,16,3.9,0,0,0.4519648138900626,1
15155,0.8329073370718496,98.75,0.8821129968534742,0.7317073170731707,29,3.8,0.319,0,0.37770959121053155,1
3000,0.65128163546461,6.416666666666667,0.7418882218915352,0.32558139534883723,47,4.5,0.087,0,0.7243333333333334,0
16851,0.8610503671077112,6.583333333333333,0.7725037879036528,0.6428571428571429,1,4.3,0,0.07933503867266524,0,1
11007,0.9280683888747628,96.58333333333333,0.8658360822644955,0.5434782608695652,16,4.3,0.118,0.09691250080850317,0,1
1986,0.5623037865085253,19.166666666666668,0.7472270981956759,0.7317073170731707,56,5,0.199,0.011765032829004735,0.46576032225579056,1
22459,0.6551819354399768,18.916666666666668,0.7190615195858586,0.3333333333333333,52,3.3,0.221,0,1.163568359418483,0
5587,0.7395354667834647,9.833333333333334,0.8105027137712043,0.8297872340425532,89,4.1,0.099,0.08666118034009546,0,1
25783,0.8949854407022501,9.916666666666666,0.6447653548260798,0.6818181818181818,27,4.2,0.115,0,0.5512934879571811,1
13650,0.8205427869064221,10.583333333333334,0.7050658141680624,0.6744186046511628,48,3.5,0.055,0,0.9095238095238095,1
7733,0.7178016738668308,16.583333333333332,0.7145392475030397,0.5238095238095238,32,3.9,0,0,0.4585838991270611,1
24290,0.8047450214457796,9.083333333333334,0.6807392175907281,0.975609756097561,91,3.7,0.224,0,0.7101422425327817,1
15819,0.7509722274547208,104.5,0.8857337193741757,0.4418604651162791,19,4.7,0.002,0,0.6065490865415007,1
9432,0.6884405757734178,20.083333333333332,0.7565266290094506,0.6585365853658537,89,3.8,0,0.005486352852748085,0.2067539627842867,1
18211,0.7947313401897901,11.333333333333334,0.7394111007842743,0.21951219512195122,1,3.6,0.115,0,0.6150847038796299,1
7178,0.8051942731916784,18.166666666666668,0.8108667144212083,0.6590909090909091,28,4.1,0.249,0,0.5873911529083943,1
12364,0.6327457646482941,95.66666666666667,0.874322726154206,0.627906976744186,53,3.5,0.096,0.015119304335331958,0.3097828284870789,1
14778,0.6918416189198254,18.666666666666668,0.7309550147621542,0.627906976744186,31,4.4,0.024,0,0.38726485316010284,1
14052,0.8678640631740735,97.25,0.8470707072726391,0.41304347826086957,45,3.5,0.09,0,0.55621975519499,1
8931,0.8422964572313697,6.666666666666667,0.793844718719117,0.5853658536585366,19,3.4,0.081,0,0.6073568109288394,1
23877,0.8279409056449175,93.5,0.8992436166769157,0.6666666666666666,26,3.9,0,0.012782068652658518,0.41300023035201977,1
15715,0.8521226247513559,93.16666666666667,0.8749937997767882,0.7608695652173914,10,3.8,0.204,0.09984272681804392,0,1
17143,0.8838792449352336,9.166666666666666,0.6331956181485088,0.9523809523809523,6,3.8,0.182,0,0.3144232171503573,1
16932,0.8293187739883162,98.58333333333333,0.8675182795126584,1,30,3.8,0.225,0,0.8201281634822668,1
6272,0.6953733079857818,9.833333333333334,0.5872611640038672,0.4878048780487805,16,4.4,0.348,0.0019249438611924075,0.390625,0
2001,0.7401013595284547,6.5,0.7527269035642832,0.07142857142857142,21,4.7,0.16,0,0.6893276680829793,0
13145,0.8011041433096179,105.75,0.9005124093971593,0.9761904761904762,57,4.4,0,0,1.2949903001255278,1
10328,0.6309051131202581,18.333333333333332,0.7860254128010942,0.4222222222222222,1,4.1,0.146,0.024417089728224914,0,1
4382,0.87166755791044,12,0.7618551638960799,0.7857142857142857,7,4.4,0,0,0.5570515746234596,1
8550,0.7283315066748588,17.416666666666668,0.7124803983239499,0.6829268292682927,28,3.9,0,0.07027718884187155,0.10549707602339181,1
8915,0.7394459453426399,6.833333333333333,0.740728150908911,0.5555555555555556,14,4.9,0.104,0,0.6029502495933592,1
12889,0.7363929128663995,6.333333333333333,0.803070663854003,0.7619047619047619,43,3.1,0.262,0,1.0615253316781752,0
10189,0.6240093103989401,20.083333333333332,0.7723129474137933,0.24,5,3.9,0.273,0.01651682276992138,0,0
9583,0.8447812982905143,98.25,0.8652199895051476,0.6,11,3.8,0.16,0,0.847899817375424,1
24219,0.711126088283695,15.666666666666666,0.6913059972649593,0.7142857142857143,43,4.1,0.121,0.0010642625206752087,0.21953837895866882,1
16237,0.6725124885320923,17.166666666666668,0.7031284494869776,0.675,22,4.3,0.194,0.012914879395499424,0.3695879780747675,1
26600,0.6360909456782216,9.833333333333334,0.7039957763292716,0.7727272727272727,43,4.2,0.077,0.03596128245927932,0.003684279779695107,1
27247,0.5835572211102567,19,0.806619230832907,0.6976744186046512,76,3.5,0.191,0,0.8257574367349935,1
19088,0.7292801969578084,10.916666666666666,0.7506491149456325,0.7441860465116279,26,3.7,0.049,0.002713697681342303,0.37270464963981664,1
11914,0.8436800931268266,98.75,0.8779109713398034,0.3902439024390244,38,4.3,0.055,0.10151086240847718,0,1
14267,0.7415272389092078,6.333333333333333,0.7394869753523245,0.9444444444444444,2,4.1,0.067,0,0.4325517821469877,1
12811,0.5440372329274574,17.833333333333332,0.7235476736869337,0.8292682926829268,1,3.7,0.308,0.007288015047587984,0.31761767231285615,0
2055,0.8715255262487933,11.833333333333334,0.7540246592031974,0.6428571428571429,8,3.6,0.192,0,0.9866147481138964,0
26052,0.6596306707025763,94.58333333333333,0.8706945271999407,0.6818181818181818,22,3.2,0.175,0,1.0371948410870566,0
2021,0.88017725587425,98.25,0.8858926853700831,0.868421052631579,8,3.2,0.154,0.02208825103067663,0.12864918357248886,1
17195,0.753056538925738,9.666666666666666,0.6458165761349286,0.6363636363636364,39,3.4,0.109,0,0.6382087816225647,0
14782,0.7944126208713962,6.416666666666667,0.7580787531143226,0.6842105263157895,1,4,0.079,0,0.11744012988770126,1
26595,0.6232969446780283,7.083333333333333,0.8227468332550663,0.8571428571428571,47,3.2,0.2,0,0.6256815190825343,1
7649,0.7321847173644747,18.416666666666668,0.7607793685450444,0.6904761904761905,63,5,0.173,0,0.7905608576284482,1
17031,0.8490210153472081,92.25,0.8717285647429248,0.4666666666666667,43,4.2,0.156,0.00933920376939836,0.02601139099289531,1
29736,0.8477145322799311,6.25,0.7725503718769069,1,55,4.7,0.247,0.00001453522174934301,0.32926419155232717,1
7138,0.7665722013379939,7.5,0.8075499102701247,0.6222222222222222,21,3.4,0.118,0,0.4451138353765324,1
11601,0.838975011827592,91.41666666666667,0.8823147348572704,0.7567567567567568,35,4.2,0.067,0,0.6577019222480821,1
9133,0.8133120508914797,9.833333333333334,0.6290496842671307,0.9545454545454546,1,4.7,0.223,0.002743600551662961,0.1379612394612942,1
5339,0.7887731217753842,11.083333333333334,0.8069849976993468,0.9285714285714286,18,3.7,0.088,0,0.3628360026224595,1
8763,0.6986719083178421,9.416666666666666,0.6546404194497724,0.6666666666666666,51,4.5,0.223,0,0.40203126783065163,0
11309,0.6328630126937465,17.25,0.6797352841745464,0.5365853658536586,8,4.4,0,0,0.7164522262015298,0
8033,0.7616434716109657,93.41666666666667,0.9082824545039988,0.8333333333333334,73,3.6,0.054,0,0.8702147525676938,1
28937,0.670996582495391,101.08333333333333,0.8998054386675506,0.6923076923076923,2,4.1,0.174,0,0.3743023517011387,1
5243,0.9305001515165868,98.25,0.8516806428849008,0.75,25,3.8,0.069,0.016813499734595356,0,1
21452,0.9230347135209905,96.75,0.8729813602633718,0.7560975609756098,30,3.8,0.209,0,0.7124743613649077,1
5936,0.80501682412215,5.833333333333333,0.8041241542742559,0.5333333333333333,34,3.6,0.228,0,0.7883076404683683,0
13089,0.7401403470685701,11.5,0.7019280608521286,0.6666666666666666,11,3.3,0.108,0,0.5972418535355465,1
20188,0.6935551991574567,6.5,0.8398718461949128,0.8297872340425532,1,3.5,0.157,0,0.33124458204334367,1
20871,0.8581844254116633,101.83333333333333,0.877753348946628,0.627906976744186,70,3.6,0.128,0.00024939260832488615,0.3440741716777269,1
7238,0.6106474280687196,16.166666666666668,0.7224141851992525,0.42857142857142855,73,4.8,0.137,0,0.8437996545768567,0
22564,0.810421437925912,91.58333333333333,0.866161593458846,0.7727272727272727,55,4.4,0.118,0.05617651588882705,0,1
16716,0.8551384616583598,9.25,0.7035228347404625,0.6904761904761905,29,3.7,0,0,0.49869881247943526,1
10757,0.617381067058077,6.333333333333333,0.7829944407569652,0.6046511627906976,24,3,0.082,0.006564559145002545,0.2862455259610468,0
14353,0.7169555178895088,90.16666666666667,0.9034383890084364,0.7317073170731707,1,4.8,0.235,0,0.8478662253962724,1
7275,0.72312914917597,20.083333333333332,0.7922408669357668,0.5853658536585366,63,2.6,0.077,0.13651877221570705,0,1
21506,0.8507337758922119,6.25,0.8256440422583731,0.7777777777777778,8,4,0.006,0,0.6063100137174211,1
8307,0.6058694437340535,17.5,0.7147623022500583,0.627906976744186,1,3.6,0.111,0.00196989216667704,0.15023474178403756,0
25624,0.7355761734676342,18.833333333333332,0.7780542264781513,0.9487179487179487,33,4.4,0.135,0,0.632610053075242,1
11447,0.650327428063041,5.833333333333333,0.7215201615768867,0.6666666666666666,2,3.6,0.131,0,1.0235869660172972,0
4080,0.7018104429207859,104.58333333333333,0.8786461769492129,0.8292682926829268,46,4.1,0.086,0,0.5313725490196078,1
17669,0.6258028584846197,16.916666666666668,0.7129722732619268,0.6956521739130435,62,3.3,0.095,0.0038784539052682822,0.590259501372499,1
25077,0.7016635171818371,18.666666666666668,0.7590939720851422,0.972972972972973,10,4.1,0.197,0.004683491700020922,0.3859789045520707,1
9989,0.8991476875245759,10.75,0.679722042478859,0.7073170731707317,48,4.4,0.143,0.07199984494614105,0.24987486234858344,1
9010,0.6976569448932912,89.25,0.8671016676271546,0.574468085106383,66,3.7,0.304,0.07628406551806,0,1
25289,0.7482019670373847,11.416666666666666,0.7697545942249999,0.5,32,4.1,0.081,0,1.035549052947922,1
13137,0.7216056065950325,17.416666666666668,0.7514263118112816,0.5833333333333334,25,4.5,0.052,0.06819797675752474,0.0222281429604537,1
15516,0.8404442417851377,6.25,0.7921539030917347,0.9111111111111111,23,4.4,0.141,0,0.3277262180974478,1
4112,0.765851409143735,10.25,0.6054606322422462,0.7027027027027027,15,3.7,0.213,0.04191028155630657,0,1
20481,0.5241300677618528,16.166666666666668,0.6971457562563221,0.9512195121951219,39,4,0.218,0,0.7820121579063011,1
9734,0.7648889354399008,6.416666666666667,0.7942470192499369,0.6875,31,3.7,0.053,0,0.9554140127388535,1
17117,0.7808202284140584,10.5,0.7209778439484611,0.7,38,3.9,0.12,0.013990825915282565,0.06841351911897876,1
22131,0.5588562885442824,20.583333333333332,0.8483536777301373,0.6666666666666666,6,3.7,0.107,0.0012368735947917476,0.1284652402792526,1
7866,0.6152518323302852,6.916666666666667,0.81847567261061,0.7777777777777778,23,4,0.12,0,0.5582607590108702,1
22923,0.7687053394651255,99.5,0.8672694449872193,0.6511627906976745,4,4,0.129,0,0.7342843432360511,1
16258,0.5573709188090319,6.666666666666667,0.7681595376126074,0.6976744186046512,74,3.9,0.182,0.031827854178447766,0.07221060401033337,1
8915,0.8388728329858677,11.833333333333334,0.7639006392360533,0.7894736842105263,13,4.2,0.324,0.05380771377393615,0.09108244531688166,1
22839,0.9254845531886351,7.416666666666667,0.860113487663048,0.813953488372093,62,4.3,0.274,0.027101627137334574,0.01493060116467446,1
14053,0.7310542311447072,6.083333333333333,0.7631285415645126,0.6428571428571429,8,4.6,0.161,0,0.931189069949477,1
22592,0.7329631763660989,99.25,0.8591746549938284,0.6363636363636364,68,4.9,0.199,0.0020172227138569167,0.2769183099838435,1
23288,0.7318483820452912,91.58333333333333,0.8973323629435497,0.5853658536585366,66,3.1,0.106,0,0.98361782071927,1
16395,0.6718210197051075,9.583333333333334,0.7127800945232392,0.525,35,4.2,0.222,0.002154027397146197,0.612705480496508,0
8207,0.5592642931033074,19.083333333333332,0.7556535400255409,0.6052631578947368,1,4,0.108,0,0.6962773411320294,0
18813,0.9229119676565242,99.75,0.9113546908078828,0.47619047619047616,4,3.4,0.151,0,0.833891458034338,1
12538,0.8375829854917977,6.5,0.7964806683796468,0.6585365853658537,18,3.5,0.236,0,0.4963509471585244,1
19889,0.8646248224644066,9.75,0.6891190858209708,0.35555555555555557,1,3.2,0.293,0,0.7938758579078362,0
8381,0.8461112270106335,6.833333333333333,0.8438262381113939,0.6046511627906976,97,3.9,0.094,0,1.3829723763498598,1
2056,0.8006689434514944,6.916666666666667,0.8500012096627864,0.5238095238095238,11,4.5,0.191,0.1872318995975364,0,1
24352,0.6669368210557238,92.83333333333333,0.8519857803702624,0.6578947368421053,9,4,0.086,0,0.6511713857462579,1
21970,0.8187349568572045,91.66666666666667,0.8814690471781337,0.5319148936170213,21,3.6,0.254,0,0.3993627674101047,1
11778,0.7144211142975261,6.083333333333333,0.7728339184688082,0.6818181818181818,56,3.7,0.196,0.03211861365287123,0,1
17927,0.8552773880639121,100.41666666666667,0.8704463575252585,0.5405405405405406,57,3.5,0.095,0,0.4116252475385602,1
32827,0.8537060432969474,92.5,0.8731935977663934,0.65,43,4.5,0.205,0,0.31891430834374146,1
24891,0.5801456926606221,20.083333333333332,0.7660472139583328,0.9777777777777777,25,4.8,0.062,0.025576229767348052,0,1
10176,0.7485830649310947,9,0.5532467377105623,0.5384615384615384,5,4.1,0.207,0,0.5401208785809051,0
18794,0.6152060143467295,18.666666666666668,0.7702735655309177,0.8461538461538461,37,4,0,0.08016913881281715,0.0642775427674462,1
16010,0.7865207193363801,10.666666666666666,0.6506143785156578,0.6578947368421053,8,4.2,0.127,0.013957221744414,0.25952529668956903,1
6557,0.7458114693610658,100.91666666666667,0.903124844685487,0.7906976744186046,1,3.9,0.138,0,0.3619033094402928,1
12339,0.7243996075324263,16.5,0.6865430171882242,0.926829268292683,17,3,0.131,0.027591280869652752,0.3111399278680553,1
15880,0.7075926173686236,17.5,0.7581252362057087,0.775,49,5,0.075,0.0108112527312838,0.2659403633615668,1
11917,0.8022865215733979,6.583333333333333,0.7811187789140432,0.8648648648648649,18,4.1,0.151,0.09821501085315093,0.015943609968951916,1
11547,0.678371581141935,9.666666666666666,0.6408160921379369,0.5531914893617021,1,4,0.153,0,0.6606044860136832,0
17488,0.8906473498406378,10.833333333333334,0.6508675163719934,0.6666666666666666,34,4.3,0.199,0,0.6514181152790485,1
12277,0.7280216159333147,11.333333333333334,0.7889308809645982,0.9069767441860465,29,4.4,0.144,0.0941248499582218,0,1
14809,0.6606395097793778,7.166666666666667,0.7959310607583228,0.7209302325581395,5,3.3,0.101,0,0.9116753325680329,0
24367,0.6592115295018727,19.25,0.7804977085006543,0.6585365853658537,37,4.6,0.116,0,0.7667336972134444,1
11726,0.7488746759682519,6.583333333333333,0.7484226972866862,0.5789473684210527,26,4.3,0.127,0.0034852335769190953,0.35289101142759677,1
12171,0.7346082568885726,10.75,0.679722042478859,0.5454545454545454,22,3.8,0.208,0,0.29915372607016677,0
1992,0.9238529795062616,96.83333333333333,0.8710959425586727,0.6222222222222222,5,4,0.109,0,0.6442380115490836,1
22257,0.6467394546905796,18.5,0.7798776266149439,0.6585365853658537,20,4.2,0.13,0.07531759735380295,0,1
10600,0.704578049043338,104.25,0.8993853081546566,0.6216216216216216,31,3.8,0.047,0,0.264635124298316,1
1674,0.7954254204535547,9.583333333333334,0.6475309878345872,0.775,55,4.6,0.048,0.0007683442182097579,0.3739545997610514,1
5534,0.9041556579809382,89.33333333333333,0.8847202111509298,0.9512195121951219,40,3.8,0.097,0.014559973668158976,0,1
7824,0.8372706713555135,9.083333333333334,0.6871304054132122,0.6976744186046512,24,3.8,0.113,0,1.117786157090816,0
15391,0.7207801628128353,10.416666666666666,0.6733687093985024,0.6052631578947368,51,3.1,0.029,0,0.9738158664154376,0
16620,0.6622613627582645,19.916666666666668,0.7315972143938139,0.8,19,3.7,0.032,0,0.21654632972322502,1
14831,0.6981794100967088,18.75,0.7305698743781747,0.6216216216216216,47,3.7,0.121,0,0.4851324927516688,1
20687,0.6969917431635204,10.833333333333334,0.6761913049253971,0.8571428571428571,37,4,0.111,0,0.5752060522563024,1
8397,0.6470440153177162,19.083333333333332,0.7126186308511284,0.7441860465116279,30,3.7,0,0.048004182014886994,0.1306418959152078,1
18269,0.7094900040933365,18.75,0.73770245902792,0.25,25,4.2,0.022,0.06899552280429926,0.16963625913457592,1
16269,0.6539354274782689,10.083333333333334,0.6413756371281466,0.6888888888888889,30,3.9,0.025,0.01166268403849142,0.5207449751060299,1
16320,0.8429651758678772,6.416666666666667,0.7665947953816697,1,34,4,0.198,0,0.3160023285027115,1
15679,0.7138122033472434,6.333333333333333,0.7829944407569652,0.5625,14,3.9,0.128,0,0.8987180304866382,0
6705,0.8026983482691044,6.416666666666667,0.8043309198270212,0.8666666666666667,15,4.4,0.052,0,1.0065622669649514,1
11460,0.6019731791643599,21.166666666666668,0.7960341126458486,0.5897435897435898,20,4.3,0.178,0,0.9808027923211169,0
13244,0.6755723798425843,98,0.8995014510020806,0.45,15,3.8,0,0,0.4376486578321441,1
2071,0.7955257615525905,95.91666666666667,0.8502745629214137,0.6875,30,3.1,0.085,0,0.42588121680347657,1
2113,0.599877888263947,15.916666666666666,0.662192071687151,0.7317073170731707,49,3.3,0.183,0,0.9862754377662092,0
13426,0.6695970177709409,18.916666666666668,0.8100611353540961,0.5531914893617021,9,4.2,0.119,0.0169858611688261,0.4485494022568992,0
15522,0.7978928424416201,9.666666666666666,0.7063898902426482,0.8157894736842105,25,4.2,0.242,0.07552179931517157,0,1
7655,0.6555319956464063,11.75,0.7443855136036865,0.7222222222222222,40,4.4,0.182,0,0.3250163291966035,1
28877,0.8092112951847044,94,0.8634176228895691,0.868421052631579,10,4.3,0.222,0.019258676513426002,0.289330609135298,1
13153,0.7417556732562374,6.75,0.772691942721951,0.7619047619047619,6,4.4,0.053,0,1.1665462839764302,1
18881,0.7181992940593909,6.083333333333333,0.7631285415645126,0.475,1,3.5,0.053,0,0.5432059532321708,0
20958,0.7421220171264897,16.416666666666668,0.7687707213415153,0.4473684210526316,1,4.2,0.154,0,0.6595094951808379,0
11006,0.810167537308222,10.5,0.600642996018758,0.627906976744186,23,3.6,0,0,0.5600581500999455,1
2407,0.8162608158994509,10,0.6170291568974647,0.5641025641025641,54,4.1,0.004,0,0.9785996260128818,0
14500,0.6297907406944416,9.833333333333334,0.6456856786378498,0.8333333333333334,36,3.3,0,0.0010470670122887866,0.38241379310344825,1
16036,0.6401600415106771,16.833333333333332,0.7613471130060604,0.4897959183673469,15,4.4,0.091,0,0.8466839200523838,0
16753,0.9270533471746258,104.75,0.8955591575797562,0.34210526315789475,15,3.2,0.247,0.040514964538595245,0,1
2087,0.8236050748317063,6.75,0.8173006347290279,0.75,40,4.3,0.07,0.042954421087701956,0.3191948238677211,1
15754,0.7454129854872364,7.083333333333333,0.8136120056734722,0.7906976744186046,19,3.8,0.149,0,0.25650628411831916,1
16568,0.6736778348631971,15.166666666666666,0.68056171750003,0.9761904761904762,1,4.1,0.174,0.010410395365762702,0,1
18212,0.8265831549581752,95.08333333333333,0.8702329752187092,1,6,3.4,0.126,0.015300469617294442,0,1
8353,0.8292640654237827,6.583333333333333,0.7900870385851013,0.6136363636363636,60,3.3,0.199,0.10029825316158751,0,1
16943,0.7056167376100723,9.666666666666666,0.7561700754529147,0.9565217391304348,3,3.7,0.28,0,1.0163789287295264,0
16683,0.6670018336500849,9.916666666666666,0.6194288445638907,0.7333333333333333,1,4.6,0.02,0.10628245168858035,0.06551775812977671,1
24198,0.8247667164298287,97.5,0.8568688642363809,0.8,9,3.6,0.138,0.03002282552004655,0.14939559871887592,1
25807,0.6949264517834299,20,0.7491680509451265,0.4358974358974359,10,3.9,0.095,0.0001724638021996974,0.6444763048785214,0
16593,0.861554837064973,100.66666666666667,0.8639560358663965,0.5777777777777777,50,4.4,0.272,0,0.4398975440711165,1
21975,0.7487040669294813,12.166666666666666,0.7655172223476207,0.8333333333333334,32,3.5,0.178,0,1.2276957382420532,0
10334,0.8203631310699692,100.16666666666667,0.886111381306838,0.675,24,4.7,0.136,0,0.7934388155029758,1
17763,0.6910685497634723,103.41666666666667,0.8827316151311896,0.9767441860465116,8,4.2,0.095,0,0.5594775657265102,1
23300,0.7491466496825502,6.333333333333333,0.7475878145624884,0.7560975609756098,10,3.4,0.171,0,0.6899141630901288,1
24910,0.7117204560641213,99.75,0.8751805889054929,0.7727272727272727,24,3.9,0.066,0.0730358360974629,0.23408269771176235,1
3817,0.715177480454326,101.66666666666667,0.8789102602451188,0.8409090909090909,61,4.6,0.131,0,0.7692912354251278,1
12644,0.6823841673518368,18.833333333333332,0.818854075305675,0.7209302325581395,47,4.1,0.156,0.00005218584123576072,0.41197405884213856,1
27430,0.8426692984083152,6.666666666666667,0.793844718719117,0.46511627906976744,28,4.1,0.333,0,0.6414991159153466,1
20618,0.8739779573198359,94.08333333333333,0.8498442787914151,0.5952380952380952,63,4,0.14,0.002255096518130976,0.16680004850248575,1
2030,0.8193373896660203,8.416666666666666,0.6486892079364321,0.8478260869565217,1,3.9,0.052,0,0.8997289972899729,0
23364,0.7640073664657306,98.91666666666667,0.8878451910805482,0.6744186046511628,16,4.1,0.142,0,0.7175997260743023,1
12815,0.6301782216051037,16.25,0.7145196787750404,0.7209302325581395,54,4,0.119,0.00034886866874563917,0.6164891334035663,1
7654,0.5567439670617673,17.916666666666668,0.7572912906855861,0.5714285714285714,34,4.5,0,0,0.6606127915332854,0
14277,0.8164903372841467,105.91666666666667,0.9068967173117669,0.8108108108108109,19,3.7,0.262,0,0.8357790775049907,1
18423,0.8397366663871735,11.416666666666666,0.7196662135814377,0.696969696969697,1,4.6,0.069,0.0015697900393009327,0.14747869510937414,1
5865,0.8308261809495211,6,0.7194581961566089,0.525,36,4.1,0.147,0,0.6193196350925058,1
17745,0.761418667613576,6.916666666666667,0.8184756726106102,0.775,15,4.5,0.173,0,0.4383330045929725,1
7665,0.7832021133886263,97.33333333333333,0.8496852304975703,0.6511627906976745,21,4,0.083,0.028125843485815785,0.11180691454664057,1
13349,0.7972321655034046,13.083333333333334,0.7494782109643677,0.6976744186046512,47,3.6,0.204,0.07804284708222255,0.023897816234033788,1
9874,0.702973185190489,100.91666666666667,0.8645873200751197,1,28,4.6,0.107,0,0.6509343191370841,1
13511,0.8113519597202862,94.83333333333333,0.8562630809800187,0.75,41,3.3,0.11,0,0.4148471615720524,1
13260,0.7166553100857468,96.83333333333333,0.8914570394118584,0.631578947368421,46,4.6,0.021,0.0127236421995404,0.3920814479638009,1
15147,0.7297283509531851,11.166666666666666,0.6612893815549188,0.7272727272727273,61,4.1,0.21,0,0.7535074109530254,1
21238,0.5487045316894023,18,0.7789382150682718,0.4782608695652174,47,4.1,0.246,0,0.8362566215420836,0
17530,0.8320466913236119,10.583333333333334,0.6716431580788498,1,1,3.6,0.153,0.059784131026922475,0,1
28139,0.6728442329902584,99.75,0.875583829408272,0.7142857142857143,61,3.9,0.026,0.0012298429462596504,0.10721774050250542,1
23748,0.6946167070980203,7.25,0.7602683492573079,0.7333333333333333,26,4,0.22,0,0.7600378987261817,1
1783,0.6680996387937661,6.25,0.7921539030917347,0.7333333333333333,47,5,0,0,0.7652173913043478,1
5089,0.6801880773135593,8.833333333333334,0.6737430855511211,0.6190476190476191,87,4.7,0.063,0.0030187925110038917,0.3063771248894566,1
22086,0.5808484341419415,16.583333333333332,0.6127391572476186,1,28,4,0.157,0.09180246288895151,0,1
10889,0.7323383353003796,96.08333333333333,0.8522960349221443,0.575,80,3.7,0.1,0.003639652039551529,0.0698870419689595,1
15008,0.8775257884381049,101.08333333333333,0.8873883345389614,0.34782608695652173,66,4.1,0,0,0.756688322505414,1
23424,0.8308035110734293,10.583333333333334,0.7025539091728488,0.3617021276595745,25,3.4,0.329,0.06129453191509048,0.07867998633879782,1
17979,0.7576584452389259,98.75,0.9087553352357464,0.4418604651162791,52,3,0.009,0.0020241635659733193,0.37088744889729397,1
15549,0.7257020056147385,9.833333333333334,0.5914586171798661,0.875,12,4.5,0.024,0,0.8812142259952408,1
7994,0.829853130444394,6.583333333333333,0.8306444536675994,0.575,38,4.3,0,0.025548870161733492,0.32111583687765827,1
8672,0.5292688914944412,17.083333333333332,0.784315210054301,0.5555555555555556,13,3.8,0.247,0,0.6386070110701108,0
5581,0.7058999077249062,7.083333333333333,0.8653467865616518,1,47,4.3,0.269,0.003146017761520868,0.2594749574410895,1
7107,0.5365810507855324,15.916666666666666,0.7316530465185445,0.9565217391304348,53,4.2,0.033,0.0032713617619277995,0.3664251037782312,1
18263,0.8052246083531774,98.41666666666667,0.8981832497549326,0.675,1,4,0.063,0,1.014154688569473,1
8811,0.6570804828458441,6.583333333333333,0.7900870385851013,0.43478260869565216,54,4.7,0.046,0.0004075211342355662,0.20928384973328792,1
19303,0.7830440174183595,6.166666666666667,0.6978286516892176,0.4666666666666667,4,3.5,0.114,0.04452003293438109,0.15640055949852355,1
17398,0.6400306652285968,19.25,0.7233837368554814,0.6744186046511628,45,4,0.183,0.011616038334630705,0.24538008334530823,1
26487,0.6759139283830631,5.833333333333333,0.7492867317887966,0.6304347826086957,1,3.7,0.012,0.031069147516523843,0.3662551440329218,1
8676,0.8775562080581286,10,0.6062996062994095,0.6595744680851063,41,3.2,0.186,0.019149394631941485,0.13070539419087138,0
18614,0.8517777259625275,6.25,0.7821315381550907,0.4090909090909091,8,4.3,0.19,0,0.7831202320833781,0
17225,0.7256899595147622,20,0.8379814825398035,0.4878048780487805,48,3.5,0.064,0.0014933004866911012,0.2679245283018868,1
7476,0.501419213571878,17.583333333333332,0.7409788924750766,0.6666666666666666,47,3.9,0.058,0,0.6058457628252291,1
15169,0.8239440390711228,6.333333333333333,0.7475878145624884,0.7560975609756098,37,4.3,0.131,0.0710020320227119,0.13699442924481656,1
20299,0.7843683052885012,16.75,0.7660633244674876,0.6363636363636364,29,3.6,0.189,0,0.38760530075373173,1
3785,0.8136440029829801,9.916666666666666,0.7381439251952456,0.6052631578947368,47,3.8,0.067,0,0.33055885850178357,1
11834,0.7369130150218839,6.75,0.7808859339592735,0.725,1,3.5,0.084,0,0.6984958593882035,1
16292,0.6785010648284785,18.833333333333332,0.7855921869099873,0.75,61,3.8,0.04,0.014775320397721942,0.5199484409526148,1
8009,0.6584918344990933,18.416666666666668,0.7458398792763146,0.5833333333333334,1,4.1,0.125,0,1.0368982955609665,0
15438,0.6761801359314654,6.916666666666667,0.8002033258822049,0.7142857142857143,28,4,0.062,0.028689151953266673,0.1592822904521311,1
16022,0.5893623181702649,19.083333333333332,0.7215151307685148,0.7567567567567568,1,3.3,0.163,0.004292343105756009,0.4824616152789914,0
21680,0.9018662356311414,97.41666666666667,0.8927907863220603,0.972972972972973,33,4,0.23,0,0.44862658271639105,1
15030,0.7760429594042013,11.666666666666666,0.7003403290942425,0.8536585365853658,9,3.8,0.083,0.030173570658243748,0.0771789753825682,1
11603,0.8061074832010131,10.166666666666666,0.7137008328430658,0.6052631578947368,1,3.8,0.095,0.0000595779713159149,0.45007541478129715,1
10889,0.8581562017669135,90.66666666666667,0.8769068452736529,0.5306122448979592,14,3.2,0.062,0,0.8356139223069152,1
6142,0.813564069165758,12.416666666666666,0.8246022235520539,0.9512195121951219,1,4.1,0.155,0,0.2749918593292087,1
18222,0.7395942667552688,12.5,0.6758601125028475,0.5681818181818182,19,3.8,0.19,0,0.7768082537591922,0
12691,0.7705475513254563,95.08333333333333,0.8625745631457846,0.4883720930232558,15,3.8,0.255,0,0.9670632731857222,0
17293,0.8222996164647016,92.58333333333333,0.8680485238267456,0.575,8,3.7,0.163,0,0.5919736309489388,1
26407,0.6197800491424246,16.666666666666668,0.7684832619441955,0.6304347826086957,38,3.6,0.167,0.009115676171560583,0.23542999962131253,1
11693,0.6366363009624119,17,0.743594179791725,0.7380952380952381,89,3.6,0.067,0.002597439065483545,0.3019755409219191,1
15559,0.7507762021265751,6.416666666666667,0.7754335523923301,0.7608695652173914,46,4.3,0.295,0,0.5246481136319815,1
31353,0.6982420379341956,20.666666666666668,0.7347276741387334,0.6666666666666666,18,4.4,0.092,0.001302725449584114,0.2974882385774659,1
6822,0.7741305546069943,10.916666666666666,0.6542903244511679,0.7708333333333334,54,4.1,0.133,0,0.500623030125339,1
17006,0.9441147857215146,7.083333333333333,0.8535305929648385,0.7297297297297297,29,3.9,0.077,0.06173337561755119,0,1
4460,0.6111350807746883,16.666666666666668,0.7150438630244998,1,5,4.8,0.011,0.0006499645473883243,0.30406996300033634,1
10348,0.8889132953797365,10.75,0.6935287224686698,0.868421052631579,41,4.2,0.308,0,0.45448395825280247,1
21293,0.7238600398940567,93.16666666666667,0.8602016157097457,0.5365853658536586,72,4.4,0.138,0,0.6451567453328637,1
7825,0.42078454667798115,19.166666666666668,0.7958835722729478,1,3,4.1,0.258,0.014514348049255422,0.1764856230031949,0
11068,0.6769307510079924,6.166666666666667,0.7722662223465849,0.5925925925925926,22,3.7,0.087,0,0.7351825081315504,0
14549,0.7841370670085759,6.416666666666667,0.7754335523923301,0.4318181818181818,30,3.8,0.028,0.022314882812587703,0.23094370747130388,1
7642,0.7733136576367409,11.5,0.7105074731095916,1,81,4.4,0.098,0,0.7949489662392044,1
32874,0.7015594259625706,11.333333333333334,0.6957623402121,0.6590909090909091,18,3.5,0.092,0,0.34295100917152116,1
2098,0.6309360963713438,14.583333333333334,0.7337486226920744,0.7659574468085106,22,3,0,0.000622447963350264,0.5907032181168057,1
12508,0.7907982325331838,102.83333333333333,0.8987974504651594,0.675,8,3.8,0.04,0,1.0944995203070036,1
11855,0.7423852821036587,10.583333333333334,0.7050658141680624,0.2894736842105263,7,4.3,0.205,0,0.3033447214138091,1
4157,0.7477618751278139,10,0.6214061102799817,0.627906976744186,42,4.3,0.191,0,0.7144575414962714,0
9322,0.871351725115046,6.166666666666667,0.7204302585732811,0.9302325581395349,1,3.5,0.178,0.003589701944665748,0.41474011693396984,1
16734,0.7195856126161662,17.833333333333332,0.7854534526495515,0.8809523809523809,15,3.7,0.033,0.06389623355204825,0.045537395045866076,1
32452,0.6747864836848995,6.416666666666667,0.8043309198270212,0.8157894736842105,37,3.9,0.146,0,1.2104833366716485,1
17646,0.8761344809597142,6.75,0.7982699427361952,0.7111111111111111,57,4.2,0.186,0,0.5430125807548453,1
12844,0.635441168237898,17.5,0.7720245865983653,0.5434782608695652,74,3.7,0.114,0,0.9133447524135784,0
20326,0.7594543840423839,103.33333333333333,0.8835801133379446,1,73,4,0.267,0,0.8061794297803252,1
17659,0.6918090794924197,6.666666666666667,0.7681595376126074,0.9545454545454546,35,4.5,0.194,0.0354751584127128,0,1
14548,0.781122274339715,6.166666666666667,0.8269425881774906,0.6153846153846154,53,4.8,0,0,0.8948616600790514,1
5231,0.676464544380192,10.416666666666666,0.6506463110256312,0.7631578947368421,30,3.8,0.002,0.017855940735819125,0.21410820110877463,1
6064,0.7592567513061301,12.083333333333334,0.7552938620798597,0.9795918367346939,1,3.6,0.05,0,0.9025395778364116,1
25857,0.7375173490796095,97.83333333333333,0.8855809566595776,0.975,5,3.6,0.201,0.0017978780451277517,0.5048536179757899,1
11335,0.8023074292210115,11.083333333333334,0.7775909855977589,0.717391304347826,71,4.1,0.073,0,0.28391195024041643,1
4921,0.8038454546079259,101.16666666666667,0.8754351799293844,0.68,8,4.4,0.1,0.10342031650695625,0.11074984759195286,1
19282,0.6816234586453784,7.166666666666667,0.780605089952172,0.525,43,4.7,0.029,0.04892124803186562,0,1
12410,0.5186818147525805,15.833333333333334,0.7347451964557021,0.6285714285714286,35,3.6,0,0,0.6010717595390628,0
25019,0.6606534084945319,16.583333333333332,0.8251285161677857,1,38,3.5,0,0.056737322882143504,0.11343379031935728,1
19589,0.6194845935242321,19.5,0.7562978217199444,0.6097560975609756,2,3.2,0.23,0,0.5383633671958752,0
11131,0.6767030445578979,10.5,0.7348683636747608,0.6585365853658537,13,4.2,0.129,0,0.634113471991375,0
26883,0.5760864842442996,15.5,0.76515774550708,0.7021276595744681,38,4.5,0.158,0,0.3211754859109086,1
11081,0.7963459608019015,11.583333333333334,0.6741872841949856,1,32,3.9,0.205,0,1.2516583186679302,0
22855,0.8217665012641918,8.916666666666666,0.6499379289658309,0.975609756097561,7,4.1,0.173,0,0.8887333187486327,1
6606,0.8427538767694935,6.25,0.7069698536555211,0.7857142857142857,85,4.3,0.136,0,1.1845292158643657,1
17602,0.6755855451154462,11.083333333333334,0.7159725298116677,0.4883720930232558,23,4.6,0.145,0.00039999999999999996,0.5743665492557664,0
17767,0.7000439199858451,15.666666666666666,0.7363933682263006,0.5609756097560976,10,3.7,0.136,0,0.7826527453353221,0
17710,0.7696336967389023,94.41666666666667,0.8784331391931715,0.4666666666666667,1,3.8,0.041,0,0.6291538439820435,1
10117,0.6179052967187821,6.916666666666667,0.7834674607757659,0.7659574468085106,32,3.9,0.179,0,1.1563704655530296,0
31223,0.6184419669090273,16.75,0.7635376191379872,0.5897435897435898,51,4.2,0,0,0.7560772507446434,1
11241,0.9393977964808299,6.833333333333333,0.7777943029477,0.4358974358974359,31,3.9,0.134,0,0.7627774565188381,1
14779,0.5326262331070626,17.083333333333332,0.6879954850156608,0.8636363636363636,75,3.8,0.092,0.005140027686657892,0.30428310440489886,1
2686,0.6718192153978426,18,0.7149110311418398,0.575,50,3.5,0.009,0,1.28951778067399,0
8416,0.7683063781824389,6.083333333333333,0.7277451107623043,0.8863636363636364,1,4.1,0.119,0,0.5752138783269962,1
2166,0.757454101410197,18.75,0.7350052411419761,0.6444444444444445,10,3.5,0.051,0.05657396052367452,0.04478301015697138,1
16461,0.7303061906731729,10.083333333333334,0.7039752944037634,0.525,67,4.2,0.108,0.0005721405685805829,0.23243522371738404,1
2094,0.8787872333069842,93.58333333333333,0.8588131519927242,0.6875,66,4.3,0.04,0.07980880515851303,0,1
25948,0.8922389680196752,11.583333333333334,0.7351775205855258,0.7317073170731707,16,4.3,0.261,0.034596492349484274,0.19901341143826115,1
6701,0.5751225588415037,17.75,0.7089580518341996,0.8809523809523809,29,4.1,0.174,0,0.9547828682286226,0
21000,0.7349808059323218,11.583333333333334,0.7521376521301839,0.7555555555555555,5,4.2,0.149,0.12534733978178064,0,1
4764,0.8229873175489284,8.083333333333334,0.7715616514828831,0.8717948717948718,80,3.5,0.121,0,0.7775795108638606,1
20927,0.7971137464381872,10.166666666666666,0.6480178597773133,0.5952380952380952,1,4.1,0.078,0.02003522612516292,0.16180441067545934,1
31426,0.8138522924455653,91.58333333333333,0.8659390752875847,0.9230769230769231,22,3.7,0.101,0,0.5133647298415325,1
13373,0.591698325854314,11.583333333333334,0.7703469107983832,0.8095238095238095,28,4.5,0.155,0,0.7507664697524864,1
17864,0.4907120527484694,18.083333333333332,0.7553260100929349,0.8260869565217391,51,4.2,0.249,0.09460475193980271,0.061016569637259294,1
8516,0.5682354259122038,18.833333333333332,0.7889051249225387,0.9743589743589743,59,4.2,0.122,0.00559845526322991,0.3184593705965242,1
16950,0.7078719811396543,10.333333333333334,0.7934476052441016,0.7954545454545454,17,3.2,0,0.0028624581911837754,0.15870206489675517,1
9470,0.6310834203560489,17.666666666666668,0.6753839521870707,0.5945945945945946,8,4.1,0.096,0.08592227649273383,0,1
7472,0.8367220457845106,6.583333333333333,0.7561853128574908,1,36,3.4,0.212,0,0.3930674518201285,1
8597,0.7992988069972082,100.16666666666667,0.834152295920817,0.5681818181818182,39,3.2,0.006,0,0.9189786541034142,1
7662,0.8653923692519605,98,0.8588537828486638,0.75,86,4.1,0.186,0,0.4715478987209606,1
25839,0.6859497957050458,18,0.7687037778370964,0.7333333333333333,16,4.9,0,0.12045522496929155,0.06176829150298972,1
13678,0.7699849036747124,19.75,0.7509833471784051,0.775,1,3.3,0.154,0,0.7257640005848808,0
12078,0.7210058613351236,6.75,0.7893984924786175,0.4146341463414634,18,3.9,0.143,0.006232262239883403,0.19664665700683087,1
24105,0.7840927009686414,96.58333333333333,0.8745771719589539,0.5526315789473685,77,5,0.119,0.0011478481732118434,0.31416718523127984,1
21063,0.6600233618479563,18,0.7589033969205271,0.7777777777777778,37,3.2,0.221,0.0004129110436067261,0.5765697329376854,0
31017,0.7567499534485543,16.75,0.7407678513410343,0.9761904761904762,25,4.5,0.157,0.02737294331629579,0.29942127577257266,1
21784,0.8417903605427981,99.25,0.8598973815183512,0.6590909090909091,34,4.2,0.231,0,0.6685640837311788,1
11540,0.8348843118567197,8.25,0.6496536324035429,0.6666666666666666,54,4.2,0.096,0,0.43535528596187173,1
8546,0.8157052040785515,91.5,0.8461835181526715,0.5238095238095238,18,4.1,0.185,0,0.7176456821904985,1
6394,0.7187632563964623,9,0.7203765023973796,0.6744186046511628,10,4.8,0.098,0.01701016779532755,0.3710017987018065,1
19796,0.5682882168061747,19.416666666666668,0.7913703930860664,0.6956521739130435,28,3.8,0,0.0003366294971596886,0.49203101715036246,1
23182,0.7976896326298695,11.25,0.8075499102701247,0.6744186046511628,7,3.7,0.114,0,0.75288484351746,1
15011,0.813702409145975,6.833333333333333,0.8033595671146695,0.5,28,3.3,0,0,0.21377656385317434,1
24577,0.8655899747887987,96.5,0.8786708891904422,0.4864864864864865,64,5,0.159,0,0.7554217357692151,1
15701,0.9003808927223875,6.333333333333333,0.803070663854003,0.7560975609756098,13,2.8,0.048,0,0.5285650595503472,1
27039,0.8708809511029776,6.583333333333333,0.7811187789140432,0.9761904761904762,1,3.8,0.199,0.043847501405370415,0.14970967861237472,1
20831,0.6995161165241619,10.833333333333334,0.801186954102768,0.8181818181818182,75,4.6,0.113,0.0011591478696741854,0.40180500216024195,1
13910,0.5863007041664305,18.083333333333332,0.7937562764921636,0.6444444444444445,59,5,0.018,0.009522644485037646,0.3796549245147376,1
16681,0.7230762934845444,6.583333333333333,0.7264533824686796,0.95,28,3.6,0.07,0.0373283448679504,0,1
7875,0.668002767983744,18.166666666666668,0.7230937931598795,0.9130434782608695,14,4.3,0.044,0,0.39174603174603173,1
22888,0.7974183083796558,10.166666666666666,0.7251958259960621,0.6410256410256411,30,3.8,0.142,0,0.6394320043691971,1
23502,0.9238100757924101,6.75,0.8173006347290279,0.8863636363636364,39,4.9,0,0.1404666234192201,0,1
11109,0.8090467887536035,93.08333333333333,0.8703795442688491,0.696969696969697,37,4.2,0.15,0,0.5162713237610839,1
20743,0.7327932390645429,97.16666666666667,0.8605983686224434,0.7446808510638298,53,3.9,0.093,0,0.43339921901364314,1
12521,0.7504438691695094,98.41666666666667,0.9047313958015486,0.6756756756756757,34,4,0.326,0,0.11437242921608562,1
15213,0.7871658423761045,98.08333333333333,0.8696701999186154,0.7948717948717948,24,3.5,0.161,0,0.6850944946589975,1
14598,0.742254525037426,19.083333333333332,0.7622993641876536,0.8260869565217391,47,4.8,0.228,0,0.7195752697379688,1
2903,0.5945891807146475,16.416666666666668,0.7422139304447792,0.525,27,3.7,0.183,0.014192186047837499,0,0
12934,0.6317439259481146,18.916666666666668,0.7525577679298041,0.8372093023255814,86,4.3,0.274,0.0008805201842319154,0.4434049791247874,1
11478,0.6558692483890307,10.5,0.7817821097640076,0.6222222222222222,39,4,0.249,0.019470055633146504,0,1
3295,0.7322856092782299,6.666666666666667,0.8232233047033631,0.7619047619047619,68,4.9,0.02,0,0.6923660646532099,1
9628,0.648528590980778,10.5,0.6901710905405851,0.6428571428571429,54,3.7,0.103,0.00020831226620369659,0.08516825924387204,1
15165,0.5512919608592148,7.083333333333333,0.766181095125273,0.5,40,4.3,0.32,0.000387317359831183,0.36598634969830857,0
24691,0.741446944073477,91.66666666666667,0.841390338272259,0.8409090909090909,9,3.7,0.153,0,0.5487019561783646,1
7076,0.6788762568217706,96.75,0.8851266906263535,0.7647058823529411,40,3.6,0.226,0,0.4799660801356795,1
18054,0.6845829085575005,16.833333333333332,0.7493269524520363,0.2727272727272727,32,4.8,0.142,0,0.7380840280278063,0
6307,0.8743165690351711,11.25,0.7589460726626225,0.6136363636363636,38,3.7,0.119,0.11391731529751407,0.1625307222706731,1
2180,0.7843059930155379,8.666666666666666,0.6495987084944501,0.775,33,3.5,0.171,0,0.46249139710942877,0
5807,0.6237401089522632,16.666666666666668,0.6784412961837295,1,28,3.9,0.005,0.025399957614062597,0,1
12795,0.8199813706748886,6.25,0.8026846855073502,0.6341463414634146,41,4.4,0.076,0.016580118019143743,0,1
1998,0.6802646166599076,15.5,0.7772869335784088,0.38636363636363635,59,4.3,0.149,0.0025990781137686277,0.530162703379224,0
14679,0.7363441117454532,90.58333333333333,0.8496795893240816,0.8636363636363636,50,3.9,0.169,0,0.6954152190203692,1
2235,0.7343531374209247,17.666666666666668,0.755080094608544,0.5909090909090909,19,4.6,0.001,0,0.3307227567688521,1
6868,0.745461958709608,6.25,0.8383419246269048,1,28,4.9,0,0.0029604598099529215,0.4777227722772277,1
23245,0.6108764714116595,5.916666666666667,0.8246493014367784,0.8837209302325582,55,3.8,0.149,0,0.7060873306087331,1
2297,0.7636204876102142,11.75,0.7328395999739381,0.6829268292682927,1,3.9,0.119,0,1.1713477030263444,0
6899,0.6413415457280945,17.083333333333332,0.731264223983623,0.6666666666666666,39,4.3,0,0,0.9667318982387475,0
1854,0.7508769706621022,9.833333333333334,0.6657104589268472,0.5238095238095238,18,4.1,0.242,0,0.802049622437972,0
24747,0.6632938571288625,92.08333333333333,0.8790339385345907,0.5227272727272727,47,4.7,0.021,0.05847391716548824,0.07689820988402635,1
15296,0.8077295174215386,6.583333333333333,0.8092845674263371,1,9,4.1,0.151,0,0.7418933054393305,1
7129,0.73994871853826,10.916666666666666,0.654290324451168,0.9772727272727273,32,3.1,0.225,0.047388041547545494,0,1
22394,0.6816179502380775,90.16666666666667,0.8635789391119775,0.6666666666666666,34,4,0.031,0.10494967231371465,0.0023220505492542644,1
24068,0.8499449338517543,9.833333333333334,0.7732357938939043,0.4186046511627907,6,5,0.085,0,0.6240651487452219,1
16719,0.768845191884235,6.583333333333333,0.8196480145724683,0.6888888888888889,30,4.2,0.094,0,0.8410443520650777,1
10403,0.5220869440744964,17.333333333333332,0.6899131635269788,0.9024390243902439,82,3.6,0.31,0.0046935135642542005,0.6223503965392935,0
15784,0.6494916383531133,96.58333333333333,0.8655035676042245,0.9512195121951219,25,3.7,0.213,0.0034214799319073202,0.27743284338570706,1
22210,0.5918385732183138,19.5,0.7448750161265076,0.9782608695652174,26,4,0.091,0,0.5486267447095903,1
6568,0.6353528230689895,19.333333333333332,0.7140840697969483,0.5555555555555556,40,2.5,0.11,0,0.6634183479253902,0
6475,0.7442299333674455,97.5,0.8756828865943473,0.6388888888888888,33,4,0.245,0.0005281690140845071,0.33546992045717816,1
10373,0.8140770073448331,94.08333333333333,0.8997782617668422,0.5277777777777778,45,2.7,0,0,0.9455316687554227,1
17240,0.747757908255664,96.25,0.8506324120277415,0.6153846153846154,1,4.6,0.107,0,1.1820528437599698,1
9541,0.4528957091025435,18.75,0.7694451137894589,0.45454545454545453,34,4.4,0.169,0,0.25407473402861486,0
2644,0.690297256957131,6.666666666666667,0.8031498031497047,0.4883720930232558,32,3.4,0.208,0,0.6630105900151286,0
15856,0.8035872396964191,96.08333333333333,0.8733530176626529,0.7222222222222222,52,4.1,0.133,0,0.8332755195358078,1
5893,0.7237478933970865,11.166666666666666,0.74980515501134,0.7272727272727273,11,3.6,0.175,0,0.7641269302562362,0
12809,0.8395678782105629,12,0.8298965456400571,0.5454545454545454,21,4.1,0.057,0,0.7441642595050355,1
12371,0.758129550483559,6.583333333333333,0.7900870385851013,0.631578947368421,1,4,0.12,0,0.5524209845606661,1
25448,0.531552480642159,6.833333333333333,0.8557053711439118,0.6938775510204082,34,3.5,0.216,0,0.9434926123860421,0
23297,0.7411377753612124,17.5,0.750374430055597,0.6530612244897959,29,4.1,0.108,0.0010022230283412861,0.4071427038396326,1
1894,0.7057470954910501,6.083333333333333,0.7195960343772778,0.5853658536585366,1,4.5,0.214,0,0.5681098204857444,0
17066,0.6040203132027305,18,0.7515480025000234,0.34146341463414637,23,3.8,0.177,0.013889845529255996,0,0
14728,0.8404153501587206,101.5,0.8809891909012343,0.7555555555555555,53,4.4,0.128,0,0.407319391634981,1
15168,0.7313938222587251,94.66666666666667,0.851589623833045,0.5652173913043478,40,3.9,0.018,0.05134560764412833,0.04568829113924051,1
16014,0.7218656335544815,6.416666666666667,0.7498524638408023,0.8108108108108109,28,3.7,0.144,0,0.28663315327692257,1
16383,0.7697352674501594,10.833333333333334,0.7366578035596356,0.675,1,3.7,0.006,0,0.665629005676616,1
4576,0.6180218961712032,6.5,0.8279947709615546,0.7073170731707317,14,4.1,0.035,0.016788196615126417,0.11494755244755245,1
10789,0.8011226606599231,9.416666666666666,0.7728230503894967,0.8292682926829268,31,3.1,0.09,0,0.6128464176476041,1
13110,0.8065899111902668,6.583333333333333,0.7994559554714575,0.4,15,4,0.158,0,0.9022883295194508,0
22164,0.5790409098461134,6.916666666666667,0.8091207287017487,1,31,4.2,0,0.0037956974492523443,0.40927651318609426,1
19346,0.7237487833538867,6.666666666666667,0.8031498031497047,1,47,4.9,0.242,0,0.9941846941149104,1
18865,0.7790625826275145,97.83333333333333,0.8886662892163918,0.7804878048780488,1,4.4,0.336,0,0.5513530705823106,1
13689,0.7616251319827563,10.666666666666666,0.7051880896232311,0.5909090909090909,24,4.1,0.094,0.06079722447338228,0.08802688289867777,1
15289,0.8987262464530954,99,0.8631073983147736,1,1,4.9,0.297,0.020439249781477386,0,1
23464,0.8330251521452587,98.41666666666667,0.8572370159231131,1,1,3.1,0.126,0,1.108890214797136,1
22505,0.7428766266646424,10.916666666666666,0.6214633200544293,0.6666666666666666,32,4.4,0.021,0,0.9831592979337925,1
4914,0.743906581956705,18.583333333333332,0.7957301888084238,0.5581395348837209,1,4,0.219,0.02316673525307221,0.11519283606390557,1
20019,0.7377552667781171,100.91666666666667,0.8618948564956268,0.6190476190476191,42,3.7,0.157,0.005429277661087028,0.4978770168340077,1
12251,0.7483199191825427,18.583333333333332,0.7260900797475255,0.6904761904761905,27,2.9,0.105,0,0.4869806546404375,0
26533,0.7473143954570509,101.75,0.8837047675433397,1,19,4.9,0.045,0.006033176876425322,0.2500329784226892,1
16369,0.8559148182088253,10.5,0.6666666666666667,0.40476190476190477,26,3.6,0.238,0,0.6273443704563504,0
30809,0.6196021600768264,104.16666666666667,0.8717502436649489,0.3888888888888889,30,4,0.069,0.02573048534354153,0.46802018923349076,1
7711,0.6100679166657308,18.333333333333332,0.7233613808235829,0.975609756097561,29,4.2,0.209,0.03455371271540007,0.2864738684995461,1
14649,0.8799955967242254,95.58333333333333,0.8903178681000175,0.6136363636363636,23,4.2,0.153,0,0.9112195787964638,1
11711,0.7248499666488015,18.583333333333332,0.7743989017380222,1,26,3.2,0.181,0,0.4271198018956537,1
29745,0.6835850768809781,18.666666666666668,0.7522421977587213,0.9743589743589743,20,4.9,0.101,0,0.617324211198709,1
18189,0.6164860285393454,10.75,0.7311295318445794,0.5625,51,3,0.142,0,0.5244378470504151,0
11465,0.7113708471824451,17.5,0.7284461442022238,0.3877551020408163,22,4,0,0.00014619883040935673,0.6171224213877622,1
9684,0.8687493598068112,6.5,0.7779422041578362,1,47,3.8,0.169,0.03304598659269541,0.0926270136307311,1
14300,0.6977200829632,99.75,0.8552355843658304,0.8,8,3.5,0.18,0,0.5581118881118882,1
19266,0.7111668754308311,6.833333333333333,0.7699028992181316,0.5135135135135135,1,3.9,0.101,0,0.867301653214295,0
18735,0.7074681238451372,12.583333333333334,0.7498301090394159,0.5434782608695652,8,3.7,0,0.05408729400402351,0.1842056099709093,1
12674,0.7352839460472391,6.5,0.8527035218836403,0.5116279069767442,12,4,0.128,0,0.4459699372706829,1
19087,0.7849247746720704,10.333333333333334,0.7369434446725792,0.8085106382978723,30,4.5,0.186,0,0.41757262986927934,1
25404,0.7567659965822732,94.41666666666667,0.8579377618121237,0.7272727272727273,19,3.3,0.118,0.0027469694666328055,0.4169504202176865,1
14428,0.9275696673454684,7.25,0.8121823604785265,0.35135135135135137,11,4.4,0.016,0,0.6795813695591905,1
15994,0.46463555331794737,21.666666666666668,0.8703669265665176,0.925,51,4.5,0.237,0,0.618938943945978,1
17209,0.7271771442458382,8.5,0.5611170728313845,0.6578947368421053,14,4.3,0.154,0.03494633354771564,0,1
22387,0.7842905439492316,93.91666666666667,0.871897915058112,0.4090909090909091,66,4.3,0.224,0,0.21168535310671371,1
27003,0.8186330345337226,91.16666666666667,0.8439844707656579,0.8292682926829268,53,4.5,0.101,0,0.28186279048236274,1
7037,0.7543454366759941,11,0.722268139699646,0.9714285714285714,8,3.4,0.184,0,0.508775669722163,0
2658,0.618735526815879,16.166666666666668,0.7144869603272943,0.7954545454545454,56,3.4,0.038,0.05742886967169301,0.08577878103837472,1
13806,0.9144847418164921,7.083333333333333,0.7808478116447393,1,41,3.5,0.15,0,1.1126321889033755,1
2238,0.6073082798084017,15.833333333333334,0.6896967795161332,0.875,1,3.7,0.021,0,0.6382122905027933,1
19460,0.8129372399834208,6.5,0.7372576726677026,0.6904761904761905,76,4.3,0,0,0.4789825282631038,1
19497,0.7646071186491694,11.25,0.6593397840720914,0.7450980392156863,56,3.9,0.122,0.0038121583958013396,0.4514143564229477,1
17442,0.7152233821927787,18.666666666666668,0.7390778714963847,0.6744186046511628,8,4.5,0.104,0.04603734987332736,0.16953817045552275,1
21485,0.8337723911443691,103.83333333333333,0.8914780562190345,0.5348837209302325,106,3.5,0.087,0,0.8008843379101699,1
22352,0.7362991936214636,5.916666666666667,0.7468704118927969,0.5909090909090909,12,3.2,0.12,0,0.6788358723128202,0
16494,0.8194933056892306,8.75,0.6631478250699544,0.6216216216216216,36,3.9,0.134,0.1248146823508877,0.05820298290287377,1
24831,0.8711572418680995,6.25,0.7633568086760154,0.40425531914893614,16,3.5,0.039,0,0.5697313841569006,1
28163,0.7621419415738092,11,0.6850816713511132,1,61,3.6,0.21,0,0.6735077939140006,1
7430,0.7223328760253305,15.25,0.7790429877687899,0.42857142857142855,26,4,0.125,0,0.9526886062319133,0
31332,0.7071641667169721,6.166666666666667,0.7722662223465849,1,9,4.4,0.144,0.005449326695079111,0.25195091202144804,1
18725,0.7565903986865834,103.5,0.8796787836185337,0.6818181818181818,58,3.6,0.285,0,0.7975112820102005,1
11474,0.7159060628453288,6.833333333333333,0.762273308663196,0.9772727272727273,40,3.7,0.114,0,0.2641739660957859,1
2549,0.6464321062946972,94.91666666666667,0.8581634334836815,0.6666666666666666,41,3.9,0.135,0.013359269714247128,0.4571316460663135,1
20142,0.7083275575417658,98.58333333333333,0.8624378846160088,0.8863636363636364,49,3,0.082,0.00014573643410852714,0.2528113596306134,1
10724,0.7413408775280639,7.083333333333333,0.7591824765828386,0.8048780487804879,1,3.2,0.289,0.0758551527098397,0,1
19091,0.7564873231593834,6.416666666666667,0.7341624741498867,0.7105263157894737,60,4.9,0.108,0,0.34937928867005397,1
8478,0.9088564015644521,11.083333333333334,0.7686213149860284,0.5952380952380952,1,4.2,0.275,0,0.6017104099085815,0
13028,0.7888039890857295,98.25,0.8924353110033167,0.5263157894736842,43,3.1,0.042,0,0.4917290347342161,1
10802,0.7058700867410994,6.083333333333333,0.7538054691012133,0.6666666666666666,51,2.9,0.08,0.03846331102173787,0.22969032078877932,1
20869,0.814614401571334,10.75,0.6335210339977422,0.627906976744186,12,4.1,0.223,0,1.1439934831568355,0
14482,0.7966740064772537,7.166666666666667,0.8306951188539414,0.9545454545454546,36,4.7,0.113,0.003839051354257272,0.12594945449523545,1
21981,0.7010720535826163,96.41666666666667,0.8664069684387592,0.8478260869565217,37,3.9,0.072,0,0.691385546279657,1
18852,0.7449506754641297,16.25,0.801982209473766,0.875,14,4.4,0.314,0,0.521164863144494,1
15059,0.6762746998028836,6.666666666666667,0.7681595376126074,0.8837209302325582,75,5,0.237,0,0.9409655355601302,1
19985,0.8088266194707032,6,0.7546733092686709,0.5,39,4.5,0.21,0.011355894829908285,0.3804948835347394,1
8974,0.6617882320609707,98,0.8652700522425962,0.6,22,4,0.13,0,0.6368397593046579,1
11725,0.7437388435521721,6.75,0.7808859339592735,0.5111111111111111,22,4,0.142,0,0.2750650347562796,1
9295,0.8376012326557383,5.833333333333333,0.7805386929180398,0.7272727272727273,60,3.7,0.333,0.033730002154125416,0.1918338802517618,1
5828,0.8744345990723835,6.416666666666667,0.7498524638408023,0.6052631578947368,1,4.2,0.143,0.08111603034338281,0,1
13423,0.6600424017268438,16.916666666666668,0.7945747836256843,0.6363636363636364,5,4.2,0.041,0,0.6479922521045965,1
14408,0.5716038738639693,19.666666666666668,0.7387960168233485,0.5588235294117647,54,4.5,0.043,0,1.2909494725152693,0
6830,0.7031441238066629,15.5,0.741264313644818,0.7209302325581395,41,4.2,0.078,0,0.381433487078117,1
6678,0.6815529096779716,7.25,0.8208223302514954,1,74,3.6,0.167,0.01572836690562847,0.2746331236897275,1
7000,0.6992548712004634,6.166666666666667,0.6978286516892176,0.7916666666666666,43,4.5,0.136,0,0.7121937281234374,1
8695,0.8685441766125521,105.25,0.897954340081826,0.7567567567567568,65,2.9,0.178,0,0.7548450169647478,1
10444,0.8490955105929693,10.25,0.647957152933155,0.40476190476190477,36,4,0,0,1.038395250861739,1
22967,0.7249809203920559,6.666666666666667,0.8232233047033631,0.975,25,4.1,0.101,0,0.4079855441621492,1
14889,0.8793653334979004,6.833333333333333,0.727308783231733,0.6486486486486487,32,3.3,0.183,0,0.49259495583839874,1
23200,0.6267927222784146,94.16666666666667,0.8748859084384359,0.675,19,3.8,0.275,0,0.5753572275264554,0
10023,0.8925203571381467,99.75,0.8695376975872199,0.6041666666666666,22,3.3,0.113,0.00018510900863842042,0.4035919181840858,1
16426,0.8993747740953417,95.75,0.8869418532918487,0.90625,39,4.6,0,0.003612491855756028,0.1750327235091778,1
17849,0.7327270907668971,6.833333333333333,0.762273308663196,0.38095238095238093,54,3.7,0.064,0.04748312986296436,0.01899319270526935,1
5348,0.7083387942162176,11.166666666666666,0.6534869622016746,0.7142857142857143,38,4,0.146,0,0.6047685834502103,0
36641,0.7231399713731149,9.583333333333334,0.7065297907706747,0.7317073170731707,38,3.6,0.17,0,0.7314583589197746,1
17661,0.6235585538968897,20.916666666666668,0.8482390680897138,0.9148936170212766,32,4.2,0,0,0.683502732085728,1
19122,0.7475042261825366,6.5,0.7226499018873854,0.5652173913043478,20,3.9,0.007,0,0.5534084669089768,1
24860,0.568386715338469,9.5,0.6495616779747688,0.4523809523809524,29,3.9,0.166,0.00002614310736974197,0.39176170075826144,0
6377,0.8709554351712507,94.66666666666667,0.8688173520408651,0.7804878048780488,35,4.8,0.027,0,0.8689038732946527,1
9274,0.6305692139768828,6.166666666666667,0.736573125815974,0.5652173913043478,15,4.1,0.046,0.01892537325463473,0,1
21858,0.5479686462189324,19.333333333333332,0.7884854457519777,0.8125,52,3.7,0.272,0.015339369539614447,0.34939152712965504,1
28011,0.7047790518458847,10.416666666666666,0.6462769444890537,0.8421052631578947,51,4.6,0.162,0.009415978805703893,0.1692192353004177,1
23720,0.8480467414037718,10.75,0.703089643376658,0.9767441860465116,21,4.4,0.018,0.013526062973423021,0.3190556492411467,1
5293,0.8247421610133033,5.75,0.7527721433444641,0.6153846153846154,57,4.4,0.176,0.0032427026032164005,0.4733112895606991,1
4888,0.6371882933915386,17.25,0.7740803294475378,0.5434782608695652,11,4.7,0.237,0,0.910076726342711,0
10464,0.7246963872681949,6.916666666666667,0.7834674607757659,0.7317073170731707,68,4.3,0.193,0,0.7164564220183486,1
13441,0.6875058746279628,10.916666666666666,0.7370010201992028,1,43,4.9,0.106,0.001124171662985169,0.49988840116062794,1
8869,0.7390574762502877,11,0.6894863404254667,0.4473684210526316,65,3.9,0.062,0,0.8562891131532954,0
23556,0.8932687782915381,93.5,0.8721414342928392,1,66,5,0.017,0.03386109379392948,0.17414192014603808,1
18516,0.7423246485919786,17.833333333333332,0.7421847808573137,0.7111111111111111,73,4.7,0.098,0,0.5069266290405336,1
22903,0.68309971840382,15.666666666666666,0.7814612916577219,0.8571428571428571,14,4.3,0.137,0,0.6932716238047417,1
20948,0.6431589449548891,17.916666666666668,0.8242992858834968,0.34146341463414637,22,4.1,0.134,0.0008623278387832452,0.6053561199159825,0
23136,0.8039825770218058,6.666666666666667,0.793844718719117,0.5555555555555556,1,4.3,0.153,0.04207424868968862,0.09764004149377593,1
2222,0.6247230449353239,18.833333333333332,0.6905184345124653,0.6888888888888889,10,4.3,0.118,0,1.0490549054905491,0
9131,0.5738131000993993,19,0.7256755127875107,0.9761904761904762,33,4,0.185,0,0.7310662066699524,0
15975,0.5993777318502347,18.583333333333332,0.7969149439601031,0.9705882352941176,30,3.6,0.026,0,0.21890453834115806,1
22110,0.5325442984437234,93.25,0.888543623149631,0.6956521739130435,22,3.6,0.032,0.001396053668271194,0.4994572591587517,1
6838,0.8410598368621638,6.5,0.7692307692307692,1,44,4.2,0.15,0,0.5114442413162705,1
23927,0.8620818671865246,11.583333333333334,0.7351775205855258,0.8636363636363636,44,4.1,0.113,0.004950213135819445,0.28127808078908323,1
2022,0.7707258514882995,98.08333333333333,0.8636290851745401,0.525,72,4.1,0.11,0,1.2096933728981207,1
15402,0.6811497792342189,18.083333333333332,0.73627826861153,0.9,19,4,0.091,0,0.6258481316754861,1
20883,0.768840121523398,19.166666666666668,0.8511544107076201,0.4186046511627907,69,3.8,0.187,0.012656339056432304,0,1
14164,0.7930246498598855,11,0.7077681587577893,0.6521739130434783,74,3.5,0.206,0,0.8019910332897942,0
21396,0.7742539015091464,11,0.7101344474286517,0.627906976744186,50,4.6,0.106,0,0.3301084314825201,1
12017,0.5728275634259443,17.833333333333332,0.7546840233942675,0.5581395348837209,24,3,0.045,0,0.08396438378963135,0
14218,0.7827793367441739,104,0.8763011506704942,0.6111111111111112,42,4.3,0.173,0,0.46119219272023915,1
18971,0.7898838914227084,6.916666666666667,0.8500012096627864,0.7441860465116279,24,4.1,0.099,0,1.1610658654226298,1
23016,0.7164669361098313,19.083333333333332,0.6874448238104385,0.9767441860465116,40,4.1,0.142,0,0.5934696183007104,1
16109,0.6952144320464666,10.666666666666666,0.7569320439671243,0.7857142857142857,20,4.3,0.081,0,0.7872617791296791,1
14842,0.7750061444894678,6,0.7278344730240913,0.45,25,2.9,0.267,0.0014655003097191375,0.48099986524727123,0
25471,0.5805247478291637,5.833333333333333,0.7492867317887966,0.6341463414634146,18,4.3,0.141,0.0026823619074838197,0.2548388363236622,1
13918,0.8112491336742684,93.58333333333333,0.8329445192565086,0.7209302325581395,1,4,0,0.004253653408956501,0.15505101307659147,1
18596,0.9014845903447162,6.666666666666667,0.8031498031497047,1,22,3.7,0.082,0,0.5279771987846522,1
11591,0.807282916440602,12.5,0.8,0.8222222222222222,30,3.8,0.161,0,0.6258303856440341,1
9051,0.6931142377807199,17.916666666666668,0.7309150574117074,0.7209302325581395,25,3.8,0.224,0,0.7577063307921776,0
19400,0.6187998568374815,11.833333333333334,0.7445301810251119,0.8780487804878049,73,3.9,0.11,0,1.0902061855670102,1
14185,0.625266518376326,17.25,0.7228635843620586,0.9565217391304348,57,4,0.13,0.004770253754210785,0.5146986253084244,1
6266,0.8220733451553434,6.666666666666667,0.793844718719117,0.9347826086956522,40,4.3,0.179,0,0.35764443025853815,1
18413,0.7696190047783398,5.833333333333333,0.8461381483675856,0.7209302325581395,27,4.2,0.067,0.04943966962049686,0.07478411991527725,1
18890,0.6392047197215956,96.91666666666667,0.8652400040098667,0.9743589743589743,38,3.2,0.155,0.001671740892960864,0.2482795129698253,1
19550,0.7740063446470518,7,0.7667152625920783,0.4,61,5,0.174,0.06820812888608487,0,1
14216,0.6933702215963257,105.25,0.9140396270212763,0.9565217391304348,29,3.4,0.085,0,0.9317294502479687,1
10036,0.757143308540263,93.16666666666667,0.8678990499648515,0.7619047619047619,57,4,0.073,0.08964857170683967,0,1
32123,0.815357003910441,98.33333333333333,0.8785796970266284,0.6739130434782609,88,4.1,0.161,0.05688254322668319,0.098529068409993,1
18293,0.7138215245390491,11.916666666666666,0.7292522981453715,0.7872340425531915,53,3.6,0.122,0.12159290480525516,0,1
16012,0.7349239321682601,12,0.7053721745056052,0.5869565217391305,47,4.2,0.239,0,0.5846864851361478,0
10887,0.8206917411508488,10.25,0.6502174835073341,0.5853658536585366,36,3.7,0.105,0.01983911538583461,0.17847793138290544,1
17453,0.5555334245951277,19.583333333333332,0.7818967314257107,0.6136363636363636,30,3.8,0.108,0,0.674172754619682,0
2065,0.6966044156120577,6.916666666666667,0.8500012096627864,0.8611111111111112,64,3.9,0.194,0,0.9690072639225181,0
10166,0.7201743561151818,19.083333333333332,0.7510151041022108,0.5434782608695652,29,4.3,0.117,0.04166362918916072,0.1910383158723132,1
19790,0.8231006607277248,6.916666666666667,0.7834674607757659,0.75,29,4.1,0.064,0,0.9534613441131885,1
1870,0.8454158672906285,6.333333333333333,0.8377785788692375,0.975609756097561,46,4.4,0.116,0,0.7165775401069518,1
4659,0.6300628437414297,11,0.6178933268812579,0.9148936170212766,62,4.8,0.234,0,0.8476977567886659,0
9946,0.6434851144610294,10.833333333333334,0.7134163690738899,0.5897435897435898,44,4.6,0.297,0,1.0310190538434467,0
8389,0.7470315470244788,10.416666666666666,0.727177713520321,1,29,4.5,0.058,0,0.5767419681707099,1
13393,0.6669110215118839,15.25,0.7307945806174077,1,31,4.4,0.044,0.007807272998007737,0.2733517509146569,1
13858,0.5371538984372773,18.333333333333332,0.7703758010851802,0.5625,8,4.4,0,0.07223425327627571,0,1
5489,0.7280601330729808,11,0.7054208773450972,0.6511627906976745,16,3.9,0.13,0,0.7932950715131639,0
17749,0.8473463948156352,95.91666666666667,0.8760948166939339,0.7,8,3.7,0.01,0.047501473236349505,0.025410598078710878,1
8951,0.6722747639767157,20.5,0.8376017532078197,0.627906976744186,52,3.1,0.037,0,1.1063069102284788,0
14695,0.7666471785802436,9.666666666666666,0.6534525647889348,0.4146341463414634,28,3.3,0.145,0,0.29710785981626403,0
24248,0.7373214811211721,100.75,0.9099263558243145,0.45,1,4.6,0.094,0,0.3860112174199934,1
22618,0.7302389814733119,100.08333333333333,0.8691218943845852,0.875,62,4.3,0.153,0,0.802458219117517,1
15760,0.7474953487990956,5.666666666666667,0.7920274172980742,0.8095238095238095,43,3.8,0.319,0,0.8128807106598985,1
11147,0.7685315729353077,16.833333333333332,0.7215374037539557,0.9318181818181818,25,3.3,0.071,0,0.4901767291647977,1
11575,0.9378399157774102,6.416666666666667,0.8043309198270212,0.7021276595744681,20,4.2,0.111,0.059171496222305726,0.13511879049676026,1
15061,0.6753888682624123,17,0.6962366002974575,0.6363636363636364,44,4.2,0.018,0.011948930352485272,0.15829487732810996,1
17528,0.6116160682561902,17.833333333333332,0.6999141241494893,0.5454545454545454,67,4.2,0.053,0,0.29867351305092,1
13285,0.7136534348424743,19.916666666666668,0.8328976941613736,0.5853658536585366,52,3.5,0.147,0.023195886586620237,0,1
22651,0.8508017832614756,6.75,0.7808859339592735,0.631578947368421,6,4.3,0.107,0.0006296524914956824,0.39459626506556,1
16097,0.7679916270498395,94.16666666666667,0.8591279411782025,0.7441860465116279,1,4.1,0.112,0,0.8033173883332297,1
13736,0.8153483145704903,9.75,0.6322799185589922,0.8723404255319149,23,3.5,0.002,0,0.5198747815958067,1
8494,0.49653513589890164,93.33333333333333,0.8714781841753816,0.7045454545454546,37,4.7,0,0.08772664755861402,0.2962090887685425,1
5806,0.7190815765409531,89.5,0.9092859444408298,0.7804878048780488,24,4.2,0.012,0,0.5675163623837409,1
2262,0.6009788069640196,18.333333333333332,0.7537051421064715,0.6511627906976745,1,3.6,0.013,0.002059083792798312,0.38470042007517136,1
1985,0.7872144213548793,5.666666666666667,0.7469904333222757,0.9024390243902439,57,5,0.053,0.10577437877816061,0.15214105793450883,1
16672,0.5371774983720243,6.166666666666667,0.736573125815974,0.7045454545454546,13,4.6,0.124,0,0.651890951624029,1
18625,0.7511407460537244,93.16666666666667,0.8866757712721871,0.7142857142857143,5,3.6,0.088,0,0.5655990764852747,1
16313,0.6698527021174439,12.333333333333334,0.7515570768804022,0.7297297297297297,19,4.7,0.245,0.124516955228274,0,1
10934,0.7895233086456641,98.83333333333333,0.8646403033825939,0.6666666666666666,1,3.5,0.042,0,0.2896469727455643,1
27838,0.8757150214644862,95,0.8401293228084981,0.8636363636363636,22,4.1,0.138,0,0.3151145038167939,1
5021,0.6951622272992999,10.916666666666666,0.6708692956135862,0.43902439024390244,35,3.5,0.122,0,0.4431829499053879,0
15993,0.9297264540394271,6.333333333333333,0.7927892664733733,0.9111111111111111,38,3.4,0,0,0.3294669376270127,1
11588,0.6697517209281115,17.75,0.7200759589527916,0.8372093023255814,22,3.6,0.151,0.00010979857640466454,0.3411287538833276,0
6267,0.677393474098105,16.583333333333332,0.7658593415633821,0.5714285714285714,55,3.5,0,0,0.7764480612733365,1
17249,0.778354512784771,6.583333333333333,0.7811187789140432,1,93,3.3,0.068,0.014680422955383278,0.2194330106093107,1
3727,0.5603942761990031,17.083333333333332,0.7355485625672233,0.825,19,4.7,0.07,0,0.8470619801448886,1
17344,0.811146439548813,6.416666666666667,0.7754335523923301,0.7045454545454546,25,4.3,0.025,0,0.7625335139965982,1
11359,0.724259357109851,93.91666666666667,0.8713092469748125,0.725,38,4.3,0.373,0.0010908350315167357,0.3376177480412008,1
14919,0.7623983185832179,6.333333333333333,0.803070663854003,0.5952380952380952,23,4,0.214,0.028580560123326704,0,1
12932,0.5948222780900276,6.75,0.7425104492022937,0.5789473684210527,26,2.6,0.166,0,0.9319104512237559,0
4608,0.926743457646684,96.16666666666667,0.8643632942591115,0.17073170731707318,18,3.2,0.201,0,0.9776475694444444,0
13956,0.5609035017856657,16.75,0.6604135931028552,0.6190476190476191,38,4.5,0,0,0.7535826884494125,1
5331,0.7133041477850186,6.083333333333333,0.7361457495307093,0.972972972972973,38,3.4,0.33,0,0.8273145108338805,0
19906,0.6905266640780434,16.666666666666668,0.6879102693134553,0.9318181818181818,6,2.9,0.183,0.002892175383674277,0.5592283733547674,0
19102,0.7127954253990714,97.91666666666667,0.8782681185009815,0.43902439024390244,22,3.5,0.187,0,0.3755725990105489,1
23847,0.7695581906743861,92.5,0.8594941137666169,0.8695652173913043,29,3.6,0.064,0.0025198958602125885,0.05216589088774269,1
11355,0.6192251875062735,5.666666666666667,0.8049044240967412,0.3333333333333333,52,4.3,0.235,0,0.9971376987097627,0
16701,0.8067339238741981,9.916666666666666,0.6172086731451976,0.5833333333333334,44,4.7,0.049,0.04339002994311037,0.026585234417100773,1
1945,0.9017174928790327,10.25,0.6989673401370143,0.5869565217391305,31,4.3,0.028,0,0.6423245050141424,1
17216,0.8388277253963343,97.08333333333333,0.8637083934530773,0.4166666666666667,10,3.3,0.101,0,0.7158084284511051,1
12699,0.4616175775362861,22.166666666666668,0.8283802675110779,0.7111111111111111,32,4.1,0,0.003679403407817724,0.7556500511851327,1
13380,0.7422984689803226,6.166666666666667,0.7924014662738215,1,30,3.6,0,0,0.6104633781763826,1
29719,0.7672044911269064,6.916666666666667,0.8621021308161494,0.6388888888888888,22,4,0.051,0,0.3409997139828726,1
25744,0.6792934356982343,15.666666666666666,0.7213659392827916,0.6956521739130435,42,4.9,0.281,0.08984888550590643,0,1
5080,0.8301098390250704,98.16666666666667,0.8738710145917945,0.8974358974358975,27,4.2,0.125,0.005402946772819449,0.24529973422580964,1
3447,0.6635438630482229,95.75,0.8512512983540862,0.8809523809523809,5,4,0.005,0.004686111076077822,0.5390194371917609,1
9348,0.8386359672507865,7.416666666666667,0.8307132677155128,0.717948717948718,46,3.7,0.122,0.01874268513928825,0.14313987697245253,1
12777,0.7644220312960334,100.41666666666667,0.8915590510757512,0.7111111111111111,22,3.8,0.285,0,0.9144131804484796,1
21217,0.8191820769047113,5.75,0.763186454516403,0.8947368421052632,61,4.5,0.061,0,0.31706454881813684,1
9062,0.7223303093729094,17.666666666666668,0.7272295793433781,0.325,40,3.9,0.14,0.07553416383645378,0.03807106598984772,1
24627,0.6335387283516483,19.75,0.7941983392699208,0.575,42,3.8,0.12,0.024867769359270108,0.395914969646519,1
6692,0.7051187325489484,10.416666666666666,0.629314149177501,0.8888888888888888,13,3.8,0.228,0,1.5057909287902562,0
8606,0.875786442946806,97.33333333333333,0.8713814249437403,0.9772727272727273,38,4.4,0.081,0,1.1073669532884034,1
26514,0.7839084985150695,98.41666666666667,0.8519124514214927,0.7142857142857143,41,3.6,0.181,0,0.4868086069360892,1
16286,0.752828539402454,11.583333333333334,0.8087088374056355,0.6444444444444445,35,3.7,0.154,0,0.6717426010069999,1
20078,0.7103079395262949,97.83333333333333,0.9020628119127441,0.7727272727272727,35,3.1,0,0.00020448225094061838,0.5292989665047939,1
6338,0.7267904517367247,6,0.736476861652635,0.9534883720930233,46,3.6,0.13,0,0.7453455348690439,1
6699,0.8219331010589911,5.916666666666667,0.7376347040817302,0.7435897435897436,1,3.6,0.117,0.11203918312902068,0,1
15192,0.7608054590882563,6.583333333333333,0.7484226972866862,0.675,13,3.8,0.114,0,0.3769213046769575,1
2044,0.5870939097333253,16.833333333333332,0.7601179912953323,0.7333333333333333,58,3.9,0.11,0,0.5407389283092733,0
12641,0.7249588996519682,12.083333333333334,0.8229586530621595,0.6818181818181818,19,4.6,0.042,0,1.1453998892492683,1
28739,0.8053633591728758,6.583333333333333,0.764203341643074,0.7105263157894737,63,3.1,0.263,0.04334264706408459,0.08417279955460445,1
9529,0.8185284329574001,11.583333333333334,0.6780223884805721,0.5365853658536586,92,3.3,0.305,0.055097567969767565,0.1572125728078921,0
16721,0.7945705378372505,6.916666666666667,0.81847567261061,0.6739130434782609,56,3.9,0.11,0,0.3161294180970038,1
13161,0.8739933086178661,6.583333333333333,0.7561853128574908,0.631578947368421,55,3.9,0,0.009832861978529584,0.2003647139275131,1
31023,0.875734805482764,6.5,0.7964806683796468,0.5681818181818182,22,2.5,0.125,0,0.3889435087436538,1
6280,0.8789566664070094,93.33333333333333,0.8476376499449889,0.9534883720930233,51,4.5,0.108,0,0.743312101910828,1
18372,0.7102237763937582,10.583333333333334,0.7314741274806309,0.8157894736842105,40,3.4,0.316,0,0.3848791639451339,0
17868,0.5761477729286257,10,0.7231125379027308,1,16,4,0.097,0,0.24608926822442984,1
26450,0.7374095060212293,9.666666666666666,0.607592873215826,0.4358974358974359,17,3.8,0.085,0.002470831279198066,0.38749314731847484,0
11903,0.899501301969288,6.916666666666667,0.760546904646364,0.6739130434782609,30,3.8,0.24,0,0.35757193866834697,1
9815,0.8632226982374174,6.5,0.7692307692307692,0.3953488372093023,45,3.9,0.005,0,0.6776707932141219,1
14499,0.7868184824241519,98.08333333333333,0.8977524754221488,0.8260869565217391,19,3.9,0.053,0.08070739325423355,0.05214332517156947,1
23849,0.842945065456338,94.08333333333333,0.9298362288850538,0.525,41,3.9,0.08,0.030633000969352796,0.21015996813216764,1
4599,0.7322253197621713,11.666666666666666,0.7086274563661266,0.4418604651162791,12,4.4,0.163,0,0.4979884745025552,0
18908,0.6522486824781746,18.833333333333332,0.8027124176140888,0.6521739130434783,27,4.1,0.16,0.039157636819034475,0.17490413856935078,1
10496,0.4229164232446777,16.416666666666668,0.6677937406709407,0.6190476190476191,16,3.3,0.23,0,0.19207317073170732,0
8472,0.7590783818932915,9.5,0.5735001480300626,0.7142857142857143,80,3.4,0.211,0,0.36971020480434397,0
2057,0.6759145879739419,16.75,0.7295526781109078,0.6136363636363636,18,3.9,0.191,0,0.39912493923189113,0
13014,0.678299362177454,6.416666666666667,0.7498524638408023,0.8157894736842105,36,4,0.213,0,1.2166897187644075,0
23938,0.9085947203992055,107.75,0.9101695559971882,0.4523809523809524,11,4.1,0.068,0,0.3384229765013055,1
17706,0.721170062141003,11.166666666666666,0.775126579502696,0.7380952380952381,22,4.3,0.163,0,0.27211114876313114,1
20828,0.7036356178216747,19.583333333333332,0.7310382452245023,0.4878048780487805,56,4.2,0.195,0,1.0477493698235505,0
31029,0.6407699258439749,101.75,0.8945204524144192,1,28,3.8,0.063,0,0.7800248158950642,1
1790,0.5939800566752986,18.083333333333332,0.7900821755957534,0.4523809523809524,40,4.2,0.034,0,1.0927374301675978,0
9546,0.6904495859640823,5.916666666666667,0.7664348739186339,0.6046511627906976,31,4,0.142,0,0.34110313760410665,1
10633,0.8601583381643465,99.33333333333333,0.8736364403774314,1,27,3.2,0.042,0,0.2914511426690492,1
36032,0.9273017585370686,6,0.7546733092686709,0.6756756756756757,23,3.5,0.109,0,0.615239443264921,1
8467,0.8474990251927392,10.666666666666666,0.5819034949918859,0.5609756097560976,68,4.8,0.276,0.003311312360432842,0.08787574558554302,1
16047,0.8596167240912949,11.5,0.7477261567314608,0.5581395348837209,59,4,0.15,0,0.3530988065933381,1
14450,0.7884920907719049,6.583333333333333,0.7264533824686796,0.7619047619047619,23,4.8,0.089,0,0.8456347970518011,1
1922,0.7634996975007885,7.083333333333333,0.8323787429555881,0.7142857142857143,7,4.1,0.032,0,0.5031217481789803,1
14894,0.7834706005964582,10.5,0.7182819150904944,0.6222222222222222,39,3.9,0.216,0,0.9523969383644421,0
2694,0.8676835061419141,6.416666666666667,0.784634753873026,0.6486486486486487,9,4.2,0.097,0,0.6682754780025989,1
25244,0.8022687298536174,96.58333333333333,0.868662437285821,0.3958333333333333,8,4.1,0.14,0,0.2387149167112326,1
6082,0.8102598065258094,101.5,0.875605602847168,0.6153846153846154,51,3.9,0.109,0,1.4271150209652224,1
19623,0.7847982764763687,10.083333333333334,0.6459760332131588,0.8958333333333334,1,3.8,0,0,0.5989552809275067,1
13578,0.8204229955363556,7.666666666666667,0.8891517497045047,0.9318181818181818,47,4.6,0.203,0,0.674178818677272,1
16451,0.7765848183327945,12.5,0.73770245902792,0.5609756097560976,27,4.6,0,0.010949725949714807,0.12740866816606894,1
22482,0.552576024783311,9.916666666666666,0.7548579471291627,1,1,4.1,0.06,0,0.7257967662300113,1
22410,0.7967316546694144,10.75,0.7564608050789922,0.7441860465116279,31,4.4,0.088,0,0.4881302989736725,1
2375,0.6681563062026059,17.75,0.6913167853844552,0.4318181818181818,69,4.1,0,0.13804828820156698,0,1
4049,0.8095569981148912,6.75,0.7647832236634858,0.8409090909090909,33,4.5,0,0.10602139301425256,0,1
17376,0.6268526747263359,21.75,0.7754449308491556,0.3695652173913043,1,4.2,0.063,0,0.7612442807401226,0
17505,0.7093507783477226,103.66666666666667,0.8977360521299727,0.6444444444444445,21,4.1,0.031,0,0.6067011339941158,1
15585,0.8496582062755269,6.666666666666667,0.760208423834364,0.5813953488372093,58,4.3,0,0,0.4598800089832847,1
9856,0.7336112310025775,6.75,0.7571319065073333,0.42105263157894735,58,3.7,0.084,0.03361531395526781,0.31726866883116883,1
25432,0.55646483087861,16.25,0.6742479494736975,0.6744186046511628,43,3.7,0,0,0.691072095629436,0
1903,0.654240285058513,16.75,0.7396245948630941,0.9512195121951219,27,4.6,0.121,0,0.9485023646873357,1
8111,0.7834754551766216,6.583333333333333,0.7900870385851013,0.627906976744186,6,3.5,0.146,0,0.7091603994575268,0
14292,0.5011848159119301,18.166666666666668,0.7509381291651701,0.7446808510638298,88,4.3,0.219,0.0039751303650220615,0.5037783375314862,1
10459,0.7917815726212135,11.583333333333334,0.6312642581657698,1,58,4.1,0.072,0.00000641667308333975,0.26791604914662714,1
10578,0.7744306435501732,98,0.8707259238844905,0.7045454545454546,39,4.1,0.15,0,0.9113253923236907,1
15717,0.774837910086243,6.25,0.7725503718769069,0.7441860465116279,101,3.8,0.112,0.0681346844803475,0,1
4401,0.6598561084463066,95.66666666666667,0.8746855016839412,1,14,4.6,0.1,0,0.3767753664356323,1
17096,0.8280811170039981,99.25,0.8616595576621203,0.7674418604651163,25,3.6,0.023,0,0.3135328010295107,1
21763,0.8810071734907382,99.16666666666667,0.8614999597843018,0.1282051282051282,31,4.4,0.208,0,1.0363699023549684,0
18381,0.7612540359761671,6.5,0.7779422041578362,0.5833333333333334,1,4.2,0.063,0,0.8128723375316231,1
12570,0.5886932376088051,97.5,0.8542590928749145,0.9767441860465116,31,2.9,0.185,0.009007381485705866,0.048766905330151156,1
23205,0.9445420981287246,6.75,0.8276019747682847,0.6585365853658537,67,3.7,0,0,0.4964016375781082,1
16280,0.7459380953409152,6.583333333333333,0.7900870385851013,0.7142857142857143,65,3.2,0.043,0,1.0602905494640498,1
16200,0.673531877291992,15.75,0.7243086672991952,0.9696969696969697,1,3.7,0.177,0,0.5835802469135802,0
19643,0.8261612603844657,6.5,0.729855031978135,0.29545454545454547,10,4,0.021,0,0.3953671884943363,1
14114,0.6787708939504922,18.666666666666668,0.7345344866550267,0.5609756097560976,17,4.3,0.111,0,0.39203599390654337,1
15562,0.798929294811083,8.583333333333334,0.7375047410758102,0.6170212765957447,1,4.9,0.095,0,0.6036499164631796,1
9624,0.7419612089491099,10.25,0.666468430946894,0.9743589743589743,1,4.5,0,0.12782112683221833,0,1
28893,0.9136991852868456,10.333333333333334,0.708782740560197,0.9545454545454546,39,3.4,0,0,0.6016786363243056,1
24357,0.7629396428027577,6.25,0.7545072981397071,0.5384615384615384,13,4.3,0.078,0.003749810078664994,0.15983084944779735,1
12798,0.612853805737519,93.16666666666667,0.8429933161078604,0.7857142857142857,52,3.4,0.094,0,1.2150335989998438,0
17183,0.7309337521692691,12.416666666666666,0.7573660740600642,0.46808510638297873,33,3.8,0.124,0,0.7819356340569167,0
2543,0.8057075333877746,16,0.7927109506027875,0.9782608695652174,1,4.2,0.256,0,0.5768777034998034,1
17391,0.6497998723906542,19.333333333333332,0.7079125112741824,0.5853658536585366,23,4.9,0.12,0.13118699286313726,0,1
24546,0.7764394405203964,6.333333333333333,0.7394869753523245,0.75,61,4.3,0.038,0.06398787165986886,0,1
20762,0.9592101764477639,96.16666666666667,0.8776351257670444,0.75,39,3.4,0.108,0,0.38614743636057125,1
12622,0.6066859049790646,10.333333333333334,0.7061150458340548,0.41025641025641024,15,3.8,0.053,0.07692560120538468,0,1
9930,0.7589648519010694,7.166666666666667,0.788129451647807,0.5384615384615384,38,3.3,0.1,0,0.8380079560904375,0
4736,0.7773770275717113,7.25,0.795997248858634,0.4888888888888889,1,3.8,0.052,0.0058674115662549235,0.2939189189189189,1
24769,0.7042748556533353,16.916666666666668,0.7406882327438058,0.9069767441860465,55,4.1,0.164,0.0007790082112601785,0.6655496790342768,1
5212,0.8003591843498641,101.08333333333333,0.8881878250900568,0.6666666666666666,20,4.6,0.144,0,0.6811858390098819,1
19999,0.8366026980268931,7.25,0.7537438472916258,0.5526315789473685,14,4.3,0.017,0,0.7335050128759657,1
9131,0.5716122360932054,5.833333333333333,0.7696497786200415,0.425,9,3.7,0.001,0,0.8663271452822956,0
1871,0.8820128390583253,9,0.6124361196952528,0.7692307692307693,53,3.4,0.06,0,0.7632282202031,1
20490,0.898521991041457,10.666666666666666,0.6930174577439296,0.6578947368421053,35,4,0.098,0,0.18604651162790697,1
23405,0.8325679754659744,7,0.8155722216091706,0.6666666666666666,34,3,0.183,0,1.213313678993356,0
1993,0.8309324478778067,7,0.7741230242736872,0.8222222222222222,69,3.3,0.255,0.05986010400749289,0.22077270446562972,1
2079,0.8969994164709956,6.083333333333333,0.7631285415645125,0.6666666666666666,31,4.8,0.203,0,0.6892736892736893,1
18242,0.9134481346609458,10.75,0.6434951228661421,0.7333333333333333,31,4.2,0.104,0,0.9274456596222899,1
22429,0.7688988808383765,6.416666666666667,0.7418882218915352,0.3488372093023256,39,3.8,0,0,1.1402010834429408,0
1935,0.7288210401898987,6.75,0.7571319065073333,0.5555555555555556,3,3.8,0.023,0,0.7934866890669423,0
9054,0.6524162695457696,6.416666666666667,0.7193482755198142,0.6585365853658537,2,3.9,0.329,0,0.41893085928871215,0
19063,0.7273573996045297,6,0.7642977396044841,0.34146341463414637,35,3.3,0.14,0,0.8232918032786886,0
17400,0.7194266468076164,10.666666666666666,0.6569609624984352,0.5111111111111111,39,3.3,0.121,0.0163686907102078,0.23655852179660336,0
6133,0.857710747264105,6.75,0.7893984924786175,0.6052631578947368,38,4.6,0.27,0,0.5468775476928094,1
20611,0.7170075786002037,10.75,0.7129688592004091,0.7555555555555555,14,3.9,0.153,0.0032940195377650703,0.1535625045486524,1
25101,0.9360917011600933,97.83333333333333,0.8779234849925273,0.45454545454545453,11,4.1,0.087,0.04655565158558093,0.17943865660046612,1
29929,0.6722917569093254,16.833333333333332,0.7766234817291391,0.717391304347826,1,4.1,0.22,0,0.3204637719899093,1
1867,0.7720489571803348,11,0.7375680594592611,0.6530612244897959,1,3.9,0.209,0,1.1856415751406375,0
21883,0.6312014299369282,20.333333333333332,0.7825164071898099,0.6888888888888889,63,4.2,0.009,0,0.6592788922908194,1
18259,0.6361776267634113,17.416666666666668,0.7448813878130472,0.9555555555555556,31,3.4,0.036,0.08354931936196998,0.004655238512514376,1
11268,0.6843822530846904,19.25,0.7307999686399697,0.6097560975609756,43,4.2,0.113,0.03367890494010469,0,1
10832,0.6921124581422802,7.25,0.8394914937497823,0.7619047619047619,57,4.2,0.185,0,0.9067996122420717,1
32354,0.7094856418469746,96.33333333333333,0.8523824982165983,0.46511627906976744,72,4.6,0.01,0,0.6251468133770167,1
7119,0.7481842483254071,5.833333333333333,0.7919968603062709,0.95,2,4.6,0.13,0.10823016526450004,0,1
29733,0.8125939013131811,101.75,0.8776340417034193,0.3488372093023256,91,3.8,0.167,0,0.19093263377392122,1
10975,0.7533323116517616,9.583333333333334,0.6579832967078759,0.7045454545454546,1,4,0,0.015649780309470826,0.13549592236548363,1
20988,0.724860515436722,93.41666666666667,0.8494688935710419,0.6744186046511628,1,3.7,0.21,0.016953923659700713,0.26015485407980943,1
15734,0.6510369121099484,18.416666666666668,0.7756185290820373,0.3333333333333333,52,4,0.095,0.07634928488750553,0,1
15909,0.6239195575967426,18.75,0.8125413625869943,0.5,28,4.1,0.244,0.004665519782468851,0.40807090326230433,1
20700,0.8199280037741778,10.583333333333334,0.7232868757353452,0.5526315789473685,44,4.4,0,0.036201658800907054,0,1
21165,0.7954196394813863,95.66666666666667,0.8653004754001553,0.38095238095238093,47,4.3,0.13,0,0.8782631292966997,1
17344,0.7134548677881878,11.833333333333334,0.8023145232729831,0.7948717948717948,5,3.4,0.079,0,1.2811923431734318,0
16305,0.826986245204778,7.416666666666667,0.8399122825980336,0.7333333333333333,30,4.3,0.129,0,0.9505964610996964,1
15666,0.8225008205399449,10.666666666666666,0.6767474864753562,0.6111111111111112,1,3.7,0.134,0,0.9417209242946508,0
15482,0.7797601359935247,6.5,0.8279947709615546,0.7435897435897436,1,3.6,0.158,0.04657886754361216,0.19680919777806485,1
7443,0.8921757886239076,104.08333333333333,0.8945006110423609,1,60,4.1,0.003,0,0.6183406113537118,1
11610,0.6563803306589907,16.416666666666668,0.6724806380317048,0.7608695652173914,94,3.8,0.274,0.006380477659213692,0.26529996985227616,1
15475,0.7280828604104742,6.416666666666667,0.8262456083083163,0.5581395348837209,36,3.2,0.114,0,0.6650080775444265,0
7300,0.7910184702014945,6.916666666666667,0.8002033258822048,0.975,52,3.7,0.179,0.0012119342418432145,0.05123287671232877,1
23562,0.8619938560789573,96.58333333333333,0.8653044528196172,0.7333333333333333,56,4.4,0.099,0,0.5621034314453663,1
10284,0.9490564452919338,6.166666666666667,0.8147120378269987,0.9555555555555556,44,3.5,0,0,0.6594710229482692,1
19518,0.6621868702985096,6.916666666666667,0.7834674607757659,0.5526315789473685,59,4.2,0.216,0,0.8400963213444,0
24776,0.7960603278455538,6.083333333333333,0.7116771893171343,0.5833333333333334,7,4.6,0.114,0,0.931000383443321,0
4231,0.5801479752757799,16.083333333333332,0.6970351522063478,0.4523809523809524,10,3.8,0.062,0.03184160492950563,0,1
32596,0.5853130086539444,18.916666666666668,0.750682586839982,0.4146341463414634,1,3.9,0.122,0.0292524987278457,0,1
24301,0.8553376866552945,6.25,0.8138101327497475,0.6744186046511628,73,4.2,0.038,0.0855946259859829,0,1
7192,0.6843655825037485,6.166666666666667,0.7051699428476834,0.8,21,4.3,0.142,0,0.37641660293401935,1
22443,0.6827548635176999,8.666666666666666,0.7492614459537442,0.6904761904761905,24,4,0.261,0.00014481389648278835,0.6259858307712872,0
14170,0.7116597935454099,20.083333333333332,0.7806317031056216,0.6341463414634146,40,4,0.116,0.015492409995765505,0.29337661879388827,1
25116,0.6322110432066022,93.41666666666667,0.8841728707097841,0.525,44,4.3,0.192,0.02281481647242235,0,1
10581,0.7005321047910882,19.416666666666668,0.7760413197313347,0.5853658536585366,1,4.3,0.27,0.0855097681515211,0,1
13817,0.692575144230156,19.5,0.8426328834228891,0.5555555555555556,26,4.7,0.081,0.023960821227359277,0.30000361886150617,1
13889,0.7939067407472873,96.33333333333333,0.8876897414040312,0.5111111111111111,31,4.7,0.048,0.006689205019990825,0.3897328821369429,1
19966,0.7098236295599818,15.583333333333334,0.7564055192742166,0.42105263157894735,33,3.6,0.128,0.00005932136360041129,0.28153564899451555,1
8199,0.8283710252938168,94.33333333333333,0.8857995575180755,1,70,4.7,0.127,0.05874962803923948,0,1
26095,0.7283602410223433,10.083333333333334,0.6257192768851487,0.9130434782608695,1,3.6,0.024,0,0.6170147537842499,1
2036,0.7427237077231198,6.583333333333333,0.7484226972866861,0.9743589743589743,18,3.3,0.058,0,0.9891944990176817,0
14914,0.6703392652788667,9.5,0.6685185328475232,0.6,68,4.4,0.083,0,0.5350677216038622,1
13487,0.6893243304120819,7.25,0.795997248858634,0.5348837209302325,34,4.2,0.186,0,0.628109591072554,1
2374,0.8244650719579649,89.91666666666667,0.8711436825117653,0.5,58,3.4,0,0,0.814658803706824,1
22500,0.8478453475052636,92.08333333333333,0.8688969174147902,0.5128205128205128,65,3.4,0.032,0,0.29475555555555555,1
11466,0.6599940681515859,17.583333333333332,0.6729171031662822,0.7333333333333333,32,4.2,0.146,0.008019508258115099,0.2396755483842833,1
14569,0.9446336248958329,6.75,0.7425104492022937,0.5681818181818182,23,4.5,0.095,0.011601021391695368,0.16521381014482805,1
18817,0.7757545073542332,6,0.8075499102701248,0.5714285714285714,47,3.7,0.153,0,0.27592804187813885,1
7053,0.8946264800361634,102.41666666666667,0.8611435134493004,0.6341463414634146,90,4.9,0.063,0,0.38636041400822346,1
10841,0.5499789756105575,19.5,0.7839448776108626,0.8809523809523809,39,4.9,0.233,0.01662430496456719,0.12886859462201927,1
6859,0.8591853142060424,12.416666666666666,0.7882978483813757,0.48,68,3.5,0.023,0.10126978217713112,0.09359965009476601,1
13250,0.8241712548325679,97.25,0.8697204970825596,0.575,36,4.1,0.054,0.009668308699235786,0.2420377358490566,1
26985,0.6968598789712396,21,0.7334467361310053,0.8157894736842105,53,4.5,0.266,0,1.0678895682786733,1
17613,0.8208540038645571,10.583333333333334,0.6831748104136897,0.7222222222222222,38,3.6,0.06,0.04574448817723647,0.1381405251951739,1
18801,0.7441858718940222,7.166666666666667,0.8306951188539414,0.7073170731707317,30,4.1,0.257,0,0.5501303122174352,1
30934,0.856127098371845,6.166666666666667,0.7450275369714432,0.4878048780487805,58,3.7,0.113,0.1295727770340731,0,1
14719,0.7704697095454193,7,0.7979694910895578,0.5681818181818182,12,4.5,0.084,0,1.1451574549036927,1
25748,0.6583316775691531,19.25,0.7562266973973838,1,10,4.2,0.134,0,1.1474123701330226,0
11756,0.8141351584033371,99.41666666666667,0.878706500919865,0.7446808510638298,65,3.9,0.07,0.11593854569419597,0.01318531751095232,1
28760,0.7886634799202379,97.08333333333333,0.8790369405825427,0.4523809523809524,42,3.7,0.105,0,0.8557371349095967,1
2013,0.7039988896628275,19.5,0.804163431839494,0.8541666666666666,1,2.9,0.163,0.07721808403124106,0,1
10052,0.6218873866771484,19.833333333333332,0.7082931939880709,0.6,34,3.6,0.054,0.008655828456060805,0.06287306008754477,1
11741,0.8289406557432993,6.666666666666667,0.7763932022500211,0.6829268292682927,70,4.2,0.143,0,0.5797027383842256,1
20023,0.7063332199360581,17.166666666666668,0.7496350105198519,0.6,19,3.9,0.11,0.08068643598202542,0.30860282182544635,1
13100,0.6012139848010289,19.5,0.7663991389963001,0.723404255319149,18,4.8,0.066,0.008523448972464669,0.3050381679389313,1
20303,0.899488412434903,11.083333333333334,0.7409558920759065,1,31,4,0,0.0013288639564617375,0.22701637729343677,1
13432,0.6330592987794696,17.416666666666668,0.7615803348650528,0.41025641025641024,16,4,0.263,0,0.9812009083125489,0
8276,0.7090800436154834,5.833333333333333,0.6962815482075815,0.7142857142857143,68,3,0.286,0,0.5112373127114548,0
5265,0.6172088772970344,16.75,0.67930701752272,0.46153846153846156,29,4.8,0.215,0,1.2320258334124798,0
15529,0.8273017643867626,5.916666666666667,0.7877955046011358,0.7631578947368421,15,4.1,0.137,0.07748579530096149,0.031426087516501916,1
24474,0.6503624074014709,19.333333333333332,0.7781951667195067,0.5714285714285714,40,4.3,0.02,0,0.7024597532074855,1
2063,0.8487715392297509,95.16666666666667,0.8598839759091446,0.7073170731707317,73,3.5,0.146,0.011967834140578499,0.4168686379059622,1
8192,0.7628383880709784,6.75,0.8173006347290279,0.46511627906976744,1,3.3,0.17,0,0.9671630859375,0
17075,0.8318616315813432,103.33333333333333,0.8997920995676835,0.41025641025641024,20,4.5,0.018,0,0.5976573938506589,1
2047,0.6507013344958426,21.166666666666668,0.8182142302265324,0.631578947368421,40,3.4,0.167,0,0.6521739130434783,0
30360,0.7415238547040723,16.583333333333332,0.6950365563678641,0.6808510638297872,50,4.1,0.08,0,0.6933908661209836,1
8390,0.7775522127100337,94,0.8855867673411228,0.6739130434782609,17,3.9,0.08,0.012192103023073261,0.635198760355206,1
1922,0.9162188767382926,6.75,0.7808859339592735,0.7804878048780488,47,4.2,0.04,0,0.37418683320322665,1
18430,0.7507702197610049,100.83333333333333,0.8980686472030639,0.8333333333333334,31,4.5,0.195,0,1.046420141620771,1
14381,0.6111767943700964,100.25,0.8607579312102421,0.4186046511627907,32,3.1,0.012,0,0.2815618372101109,1
21480,0.7115251891011569,17.5,0.7592528636235326,0.3953488372093023,15,3.5,0.045,0.0011010644507412949,0.3075884543761639,1
13416,0.6154219080599787,9.833333333333334,0.6605934848389698,0.6818181818181818,30,3.9,0.224,0,0.8289355992844365,0
16788,0.7519786202171946,6.083333333333333,0.7936093263928854,0.6285714285714286,62,4.2,0.064,0,1.1401340282948622,1
19721,0.8115818926191671,6.666666666666667,0.8031498031497047,0.8723404255319149,38,4.4,0.128,0.000500738794943359,0.31870388681828554,1
31058,0.6431173480950361,18.833333333333332,0.7749009320004088,0.6818181818181818,59,4.2,0.378,0,0.7445544554455445,0
16021,0.6808975811908797,21.166666666666668,0.8171939091930095,0.6136363636363636,15,4.7,0.061,0,0.3308158042569128,1
19281,0.8204712753085737,102.66666666666667,0.9393891081084595,0.6739130434782609,7,3.4,0,0,0.5005056922797645,1
18237,0.8080340395191309,92.5,0.8491320460869961,0.6571428571428571,35,4.1,0.12,0,0.7567582387454077,1
9041,0.7408180778608378,18.833333333333332,0.7636985854368373,0.6956521739130435,38,3.8,0.165,0,1.4260273214977048,0
22409,0.667501955105384,95.16666666666667,0.8361515429603985,0.9318181818181818,19,4.1,0.088,0,0.8553706100227587,1
1978,0.8894725853003635,9,0.5720659256188392,0.55,6,5,0.099,0.08546822764789562,0,1
14779,0.8098279765536335,95.08333333333333,0.8516097116326196,0.9130434782608695,13,4.4,0.096,0,0.05697465913320026,1
15321,0.7872150150067966,10.083333333333334,0.6257192768851487,0.631578947368421,33,4.6,0.183,0,0.5970236929704328,1
3525,0.8716200772176483,90.5,0.855330179163957,0.625,38,3.6,0,0,0.39920556107249255,1
14002,0.711192899264115,94.41666666666667,0.8577404911066864,1,69,3.2,0.104,0,0.8184545064990716,1
15474,0.7034563225191373,16.083333333333332,0.7780471503564363,0.975,37,3.7,0.163,0.11246698107996174,0.16925164792555253,1
8144,0.7871624417353278,6.166666666666667,0.736573125815974,0.575,1,4.3,0.131,0,0.6426817288801572,1
23795,0.6064377823377451,15.5,0.724386975957499,0.7435897435897436,59,3.7,0.146,0.014390391962478962,0.5091512744541806,1
4668,0.8214836957171467,11,0.7272727272727273,0.6590909090909091,53,4,0.085,0,1.5042844901456727,1
8655,0.6914252418902718,19.916666666666668,0.7826280299939659,0.7,45,3.8,0.159,0.06473464895562082,0.22923165800115541,1
1779,0.6137190721705061,10.583333333333334,0.6716431580788497,0.64,1,4.5,0.299,0,1.1014900196795052,0
21470,0.7763346567764433,6.916666666666667,0.791667271496499,0.9767441860465116,63,3.7,0.109,0,0.7405682347461574,1
2855,0.6458198360740148,14.666666666666666,0.7339840929381903,1,25,4.6,0.109,0,0.40882816605359956,1
13990,0.7572420851822405,6.5,0.7692307692307692,0.5238095238095238,38,3.7,0.121,0.09350933459838938,0.3116623181671968,1
8787,0.8417708173288214,5.916666666666667,0.7664348739186339,0.5405405405405406,51,3.7,0.106,0.06485078921507113,0.0866101405565356,1
15023,0.7577802815717298,11.25,0.6314861344049556,0.9767441860465116,35,3.9,0,0,0.6556165751372941,1
22616,0.6344445978901007,102,0.858435989429474,0.717948717948718,30,4.4,0.043,0.0007051185450510632,0.2791006168335876,1
7414,0.6891057537966265,7.5,0.5981524151105528,0.9565217391304348,43,4,0.255,0,0.39695171297545184,0
7966,0.689428813453503,11.666666666666666,0.767007050995713,0.4782608695652174,32,4.4,0.098,0,0.8600841127361748,0
19595,0.7572898136428282,6.666666666666667,0.8031498031497047,1,42,4,0.118,0.08259748754412215,0,1
10992,0.6092247880800965,18.833333333333332,0.7656955346040049,0.782608695652174,54,4.3,0.094,0,0.4901059909930401,1
2243,0.673978111517862,99,0.8761510157727305,0.5853658536585366,72,3.4,0.151,0,0.2443701226309922,1
28089,0.5674303356574742,19.416666666666668,0.7740760139355904,0.8048780487804879,7,3.9,0.233,0,0.7889349733876854,0
13293,0.652282046750633,16.666666666666668,0.7960392194562886,0.6666666666666666,58,4,0.067,0.009882842014256875,0.041226255407184505,1
21266,0.5432943417280192,103.5,0.8858498641001785,0.6136363636363636,28,3.2,0.113,0.03534238686436489,0.14454998589297471,1
20588,0.6641614199797403,6.333333333333333,0.7394869753523245,0.8333333333333334,37,3.3,0.159,0.04420224767018436,0.21396478445658773,1
9229,0.43471796307676436,17.916666666666668,0.7309150574117074,1,20,5,0.264,0.06309581387392894,0.0037925990139242565,1
1952,0.8336186285301688,6.5,0.7870096445405621,0.8780487804878049,43,4.6,0.075,0.10451818949520837,0,1
12262,0.5950773430800035,17.666666666666668,0.7662356284270968,0.8048780487804879,18,4.3,0.277,0.0046012937003600185,0.0740499102919589,1
29813,0.8236937427545061,94.75,0.8832571844831131,0.5813953488372093,16,4.5,0.195,0,0.9314884696016772,1
13396,0.777218731780742,100,0.8890195212360901,0.8048780487804879,1,4.4,0,0.07718242937470411,0,1
10166,0.8317427479410491,6.583333333333333,0.7900870385851013,0.8409090909090909,31,3.7,0.07,0.016261238518947008,0.41904387172929375,1
8898,0.8794489318363554,102.08333333333333,0.8794625391552949,0.8863636363636364,28,4.5,0.103,0,0.9545965385479883,1
17323,0.8524848941286092,96.16666666666667,0.8777824941957436,0.575,28,3.8,0.138,0.032499705953009085,0.16695049790734592,1
12922,0.9101637698237368,7.5,0.8154083586018206,0.9767441860465116,62,4.3,0.133,0.054597396507497196,0.13117672096892777,1
16933,0.8038089647234558,11.166666666666666,0.6292614224365904,0.5348837209302325,51,3.6,0.206,0.005485947789135567,0.20032481913479994,0
13938,0.7562132707210423,9.916666666666666,0.6618756380045259,0.717948717948718,41,3.9,0.126,0.002696508679539692,0.30737219730941706,1
22640,0.7916427771938976,6.333333333333333,0.8139192681088032,0.5,65,4.2,0.213,0.056323923028414914,0.17919611307420494,1
8011,0.7828649202631839,9.5,0.6522065333052806,0.4897959183673469,1,4.3,0.078,0.00199960993734202,0.300586693296717,1
19633,0.7311986695526524,93.83333333333333,0.8726451739236707,0.5,1,4.4,0.224,0,0.8703425442506049,1
7714,0.6633669941979965,17.833333333333332,0.7579096477198389,0.8974358974358975,37,3.8,0.124,0,0.22763806066891365,1
4837,0.6923799626053504,102.41666666666667,0.8718554253850904,0.631578947368421,12,3.9,0.082,0.062265146233740964,0.17409283572831594,1
34933,0.7950235358741774,91.41666666666667,0.897728532309146,0.4523809523809524,43,3.4,0.176,0,0.3363916123953339,1
19788,0.701678204113623,7.166666666666667,0.8510901340131896,0.9487179487179487,35,4.7,0.313,0,0.20936931473620377,1
15141,0.8377481612402561,6.083333333333333,0.7728339184688082,0.8421052631578947,1,4.2,0.174,0,0.3935010897562909,1
19635,0.8105858357241872,5.666666666666667,0.7684115331172996,0.5681818181818182,1,3.2,0.118,0,0.3408199643493761,1
19083,0.7648760005293415,99.5,0.8759903248316274,0.7727272727272727,76,4.5,0,0.09867644836578525,0,1
18077,0.6915416303336537,9.833333333333334,0.6176096890617466,0.7804878048780488,52,4,0.044,0,0.27355202743818113,1
14312,0.8439497384267165,94,0.8878344634472716,0.6923076923076923,53,2.6,0.178,0.061478374944619406,0,1
24172,0.6364716322586683,18.083333333333332,0.7431314744816262,0.7619047619047619,25,4.6,0.16,0.011126336081137786,0.2539715373159027,1
8575,0.619609409150609,18,0.7250140295385649,0.5348837209302325,36,3.8,0.157,0,0.4851594845180477,1
15595,0.7364328752025321,93.58333333333333,0.841718767416569,0.6097560975609756,42,3.1,0.215,0.020171855987012,0.21308794767385938,1
11162,0.7706131776038195,9.333333333333334,0.689675942911022,0.46153846153846156,41,4.2,0.023,0,0.2382189571761333,1
4509,0.798028669536162,11.666666666666666,0.8041241542742559,0.5853658536585366,38,3.7,0.175,0,0.4388999778221335,1
6018,0.7647595109215919,94.33333333333333,0.8527726738091896,0.875,19,3.4,0.154,0,0.6394682176983797,1
9344,0.7337101095838473,17.916666666666668,0.714985791630632,0.7317073170731707,51,4,0.055,0,0.4556934931506849,1
19430,0.7503789781021639,11.083333333333334,0.8069849976993468,0.5581395348837209,38,4.2,0.128,0,0.5267248256517152,1
3005,0.7416537717563116,10.083333333333334,0.572558659802124,0.6511627906976745,73,3.5,0.004,0,0.43834248627059413,1
18333,0.8425646898848527,99.75,0.8535102548290475,0.7555555555555555,42,4.7,0.085,0,0.6973953361516433,1
15531,0.48943234255607393,17.5,0.7793022814046388,0.9047619047619048,31,4.2,0.137,0.11298881202493034,0,1
4664,0.7534680113077334,9.666666666666666,0.731787082998206,0.6511627906976745,54,4.4,0,0,1.0050391336978663,1
6762,0.9457435227265132,6.5,0.8279947709615546,0.9767441860465116,4,4.3,0.216,0,0.5567879325643301,1
10690,0.6445303247190632,101.33333333333333,0.860478223286523,0.975609756097561,19,4.4,0.151,0.007829431730393766,0.40449017773620205,1
16921,0.8207177550287845,8.75,0.6865812824399175,0.9166666666666666,34,3.3,0,0.10386569127652436,0.008214644524555286,1
18088,0.7576497074626528,100.5,0.851272347818007,0.7435897435897436,58,3.9,0.122,0.1112101207698517,0.0913312693498452,1
11088,0.5768753428244735,6.916666666666667,0.8283396765207831,0.5918367346938775,21,3.5,0.224,0.006341007349357234,0.4705298759864712,0
1705,0.5185914167617536,15.583333333333334,0.7271678926454739,0.4878048780487805,33,4.8,0.128,0,0.9515987092989147,0
23144,0.6963494800471884,18.583333333333332,0.6679494072114188,0.5777777777777777,1,4.5,0.063,0,0.5582872450743174,0
18735,0.8262133098125173,5.75,0.763186454516403,0.95,32,3.7,0.144,0.049914308449803935,0.20475593157009794,1
6583,0.8716290282637857,94.91666666666667,0.8619977130429208,0.5675675675675675,16,4.4,0.132,0,0.9371819217622483,1
12566,0.8185312520110046,7,0.7667152625920783,0.47368421052631576,1,4.2,0.243,0.00021857618542701416,0.37991405379595733,1
2010,0.7694208175618625,6.583333333333333,0.7561853128574908,1,41,3.9,0.138,0,1.013187360039811,1
10760,0.7999712221455434,6.416666666666667,0.7418882218915352,0.6097560975609756,77,3.2,0.113,0.0535055474667274,0,1
6663,0.705098036498115,16.583333333333332,0.716670244039991,0.5777777777777777,24,3.8,0.108,0,0.33185741088180115,0
13581,0.6926947314743792,10.75,0.6621897896201407,0.5945945945945946,18,3.5,0.087,0.12083983160230947,0,1
2182,0.6208363667891698,10.083333333333334,0.7095655637883376,0.8571428571428571,62,3.9,0.118,0,1.3492208982584784,0
12017,0.819601027824348,96.33333333333333,0.8654295053105187,0.6666666666666666,37,3.7,0.103,0,0.5819498189988765,1
22756,0.8912782849206766,12.666666666666666,0.7057805292763435,0.7142857142857143,31,4.2,0.184,0.06967071542036922,0,1
15766,0.4859473217806406,6.833333333333333,0.8033595671146695,0.625,28,4.3,0.137,0.008606268790252445,0,1
3461,0.707455665099758,101.08333333333333,0.8678613992315718,0.5833333333333334,24,4.5,0.245,0,0.3768241583586187,1
9156,0.6789893504232205,18.666666666666668,0.7474618638619472,0.6097560975609756,29,3.5,0.174,0.013106484793579584,0.34613074108459396,0
16747,0.6499647484969797,11.75,0.6909395947588521,0.6136363636363636,60,4.7,0.041,0,0.7314145817161283,1
17117,0.8280935124817853,99.58333333333333,0.8700070634705218,0.7105263157894737,19,4,0.135,0.06354676376418165,0,1
9516,0.5478774161200965,16.083333333333332,0.799394189817555,0.6052631578947368,34,4,0,0,0.6057166876839007,1
14881,0.7920303000811337,6.583333333333333,0.7561853128574908,0.9285714285714286,14,4.2,0.028,0,0.332045294176943,1
15688,0.790443514294495,10.833333333333334,0.7651640381157885,0.8809523809523809,46,4.1,0.132,0.0037025112685125563,0.5087965323814381,1
17649,0.7098416285686266,97.16666666666667,0.8371219804427135,0.6808510638297872,10,4,0.097,0,0.39102473298013996,1
3416,0.7234232025228418,6.583333333333333,0.7725037879036528,0.4186046511627907,1,3.4,0.088,0.001307059915849846,0.223686136729615,0
15116,0.7196424390179943,6.25,0.7725503718769069,0.6595744680851063,44,3.2,0.046,0.0017114511641528774,0.40281820587457,1
2033,0.8439486346573697,6.5,0.8064145016597244,1,1,4,0.191,0,0.49188391539596654,1
1991,0.6692413939519577,100.08333333333333,0.8590230482704571,0.4791666666666667,37,3.2,0.079,0.0012797619047619049,0.4992466097438473,1
22502,0.5629835242119858,18.166666666666668,0.7258430679360746,0.7272727272727273,33,4.4,0.131,0,0.5608514987889697,0
27292,0.8314680831550263,105.75,0.9074988295673104,0.9047619047619048,53,3.7,0.034,0,0.35567199179246667,1
29808,0.8988481964874866,98.58333333333333,0.8813823975984432,0.9714285714285714,13,3.3,0.16,0,0.5040342195756101,1
6180,0.44158745476856587,18.583333333333332,0.7787187481349717,0.6595744680851063,57,3.6,0.168,0.03489391522806683,0,1
12248,0.8792252660232597,6.583333333333333,0.7725037879036528,0.6744186046511628,61,4.5,0.04,0.10409367400103421,0.0981384715871979,1
2940,0.7525790154946577,17.916666666666668,0.7520009769903576,0.7906976744186046,35,4,0.078,0.06891226920005729,0.05204081632653061,1
15120,0.7070628978466353,20.166666666666668,0.7300416037841144,0.525,39,3.8,0.084,0,0.7465193954826549,0
11570,0.7904574525617143,10.083333333333334,0.6345836203399315,0.76,8,4.3,0.039,0,0.6185228402264575,1
18360,0.8170297049262272,94.5,0.8411229368804805,0.43902439024390244,40,3.9,0.129,0.23597863561273394,0,1
23717,0.7729666143592686,95.75,0.8547135607123617,0.7073170731707317,1,4.3,0.166,0,0.14740792275420067,1
15151,0.8692824479198078,87.08333333333333,0.8962836573283386,0.7027027027027027,31,4.3,0.179,0,1.1669581861984752,1
11889,0.7707736574641085,96.41666666666667,0.8806540119382151,0.4318181818181818,26,3.7,0.1,0,0.3779964673227353,1
14970,0.7544209364595551,95.58333333333333,0.8766940170520405,0.4883720930232558,30,3,0.132,0.14157994604089427,0.06205744822979292,1
19724,0.689759405718465,18.333333333333332,0.7516999948409515,0.38461538461538464,1,4.6,0.277,0,0.7366659906712635,0
10393,0.6789784894419293,9.5,0.6469366351316121,0.7446808510638298,23,4.4,0.113,0.045036668346214566,0,1
12501,0.7065573017093942,18.416666666666668,0.7778192995983545,0.75,18,3.3,0.089,0,0.7420503179872805,0
16613,0.7750131347729496,6.083333333333333,0.7039700988359684,0.717391304347826,1,4.5,0.124,0.11943657741219414,0,1
8882,0.735854530492374,94.58333333333333,0.8314737571495342,0.8666666666666667,31,3.6,0.096,0.08249039677998707,0.08050441929854191,1
14141,0.6690362346075549,18.416666666666668,0.725394908222647,0.8085106382978723,70,2.9,0.071,0.00014439466937142534,0.4021074219440614,1
14217,0.817160841165308,6.5,0.7372576726677026,0.5909090909090909,26,4.7,0.119,0.06754548609525285,0,1
8560,0.7837115702543996,94.08333333333333,0.8624762703209549,0.975609756097561,22,4.7,0.235,0.06695104504029248,0,1
6118,0.7455061277386108,95.08333333333333,0.877316264927126,0.5609756097560976,2,3.6,0.086,0.09878246046153656,0,1
1851,0.7175834099862088,5.75,0.7148939772042608,0.7948717948717948,14,4.9,0.049,0,0.8522021075385031,1
34188,0.9321547108092877,97.83333333333333,0.8589935812833029,0.7837837837837838,41,4.2,0.062,0,0.4544936014625229,1
9605,0.6660559437675152,17.583333333333332,0.7755435026310025,0.9743589743589743,23,3.8,0,0,0.5304528891202499,1
1678,0.5564985420880414,7,0.8065705141753343,1,42,3.9,0.163,0,1.1889153754469606,0
14210,0.6741524955701752,6.333333333333333,0.773623019288352,0.2702702702702703,15,4.4,0.147,0.00022621875353466805,0.2754495232063056,0
24240,0.7964389879148879,99.5,0.869636967124896,0.7906976744186046,6,4.4,0.097,0,0.6037128712871287,1
19062,0.8085003997956871,8.75,0.5797635909921866,0.7073170731707317,32,4.3,0.144,0,0.27410555030951633,1
13116,0.7776227342070915,97.91666666666667,0.8812316107493373,0.9772727272727273,28,4.1,0.073,0,0.2880451357121073,1
27110,0.694718574549241,9.5,0.6522065333052806,0.9791666666666666,1,4.2,0.061,0,1.1290138143455246,1
23156,0.8594600568524287,6.666666666666667,0.7450490243203607,0.5365853658536586,21,4.7,0.179,0,0.8850837795819658,1
10739,0.5105251215741602,19.666666666666668,0.7676049287999646,0.7619047619047619,55,3.6,0.144,0.03888286397479617,0,1
2070,0.5939151325648055,101.58333333333333,0.8702428590053521,1,32,3.8,0.061,0.003901095646010192,0.20488040589514375,1
24095,0.6467504439077459,16.833333333333332,0.7663282431444367,0.6666666666666666,40,4,0.059,0.035686407862206886,0.22299694951129925,1
7483,0.8132703819077842,12.083333333333334,0.7623940251454867,0.6341463414634146,8,3.9,0.205,0,0.5527564316739058,0
4915,0.9066662447414623,5.416666666666667,0.7682073973335483,0.6304347826086957,35,4.3,0.074,0,0.6156663275686673,1
13356,0.7346296094313027,6.75,0.7893984924786175,0.29545454545454547,4,3.9,0.145,0.005459780978664953,0.674303683737646,0
12565,0.6371333286522213,6.5,0.7226499018873854,0.5,10,4.1,0.118,0,0.7100163158104182,0
18883,0.7967515347442784,6.583333333333333,0.7725037879036528,0.7567567567567568,28,4.5,0.118,0,0.37822379918445165,1
15651,0.745357443885672,9.916666666666666,0.6284421685809387,0.6511627906976745,52,3.6,0.234,0,0.599897770110536,0
12012,0.642082489824408,16.333333333333332,0.6835089302189628,0.7073170731707317,45,4.1,0.09,0,0.43456543456543456,1
8784,0.7566940179338332,10.083333333333334,0.6482987961825916,0.627906976744186,44,3.7,0.125,0,0.6682604735883424,0
18628,0.6189094407093636,17.5,0.7407493792606439,0.9302325581395349,1,4,0.1,0.0000025563156334038876,0.5603543148570662,1
11401,0.6323046242803858,10.916666666666666,0.7506491149456325,0.7777777777777778,20,4.3,0.058,0,0.4163669853521621,1
17612,0.783521921537249,10.416666666666666,0.6805003912365463,1,10,4.5,0.203,0,1.0551896434249375,1
20683,0.8729422670561768,10.416666666666666,0.6640952515965277,0.9302325581395349,49,3.5,0.012,0,0.6679560014505016,1
15077,0.590316223741875,17.833333333333332,0.7069828895964321,1,34,4,0.208,0,0.5427472308814751,1
17181,0.7731484804664125,97.25,0.8574481168841978,0.7391304347826086,5,3.7,0.142,0.025141506181243608,0,1
2956,0.7780460693001476,7.166666666666667,0.780605089952172,0.7567567567567568,32,4.1,0.016,0.11829272298855337,0,1
18452,0.7153106034635635,6.833333333333333,0.8033595671146695,1,1,4.2,0.162,0,0.7547149360502926,1
21705,0.7262083458787276,16.583333333333332,0.7459949355557767,0.9512195121951219,59,4.5,0.058,0,0.5784053998018844,1
18104,0.6937939835377411,18,0.741402962152427,0.8048780487804879,2,3.8,0.2,0,0.5460671674768007,0
20308,0.6183999598729317,6.416666666666667,0.8149635474185064,0.5348837209302325,12,4.1,0.152,0,0.6978038211542249,0
18543,0.7266983514436057,7.5,0.850928801500014,0.8,52,3.4,0.131,0,0.5230146959687205,1
15797,0.7046709977009467,18.333333333333332,0.7671591186388055,0.75,6,4.4,0.164,0.07774599617690282,0,1
16996,0.6031077614237663,19.166666666666668,0.7620185707234086,1,1,4.1,0,0.0005082281494062094,0.17733584372793598,1
25880,0.7827737518948233,10.166666666666666,0.6367455769481911,0.7,60,3.5,0.249,0,0.8093122102009274,0
10466,0.8080221079836105,6.5,0.7870096445405621,0.9772727272727273,52,3.8,0.095,0.025967201251922062,0.34960825530288553,1
20165,0.8185710927373341,7.333333333333333,0.81258610792647,0.8333333333333334,20,4.1,0.155,0,0.8837809020803888,1
17272,0.6923906585678988,95.41666666666667,0.8703328803911043,0.6511627906976745,32,3.8,0.095,0.0060123824682946315,0.40448137104478477,1
3442,0.819438587155132,91.91666666666667,0.8645189439162091,0.43478260869565216,39,4.3,0.194,0,0.6662792387040535,1
7830,0.7773860511275004,10.083333333333334,0.6065039386076888,0.95,1,4.1,0.059,0.04491664177347965,0.322477650063857,1
11613,0.8520370986298539,100.5,0.9111414373159614,0.9583333333333334,58,4.1,0.158,0,0.6170936490850377,1
16903,0.642217568853158,88.91666666666667,0.8652408261991715,0.6666666666666666,23,4.8,0.071,0.030360243583373945,0.2107909838490209,1
12223,0.7334006078511073,10.5,0.6877410226522858,0.6739130434782609,1,4.1,0.199,0,0.6505215790550215,0
17444,0.7712639649087719,7,0.8350427802315354,0.8372093023255814,58,4.7,0.226,0.013325430089854318,0,1
16113,0.6874181466763173,100.08333333333333,0.8812532339839448,0.9,31,4.4,0.089,0.057347718270234105,0,1
11514,0.9033088311624282,97.33333333333333,0.893780394388556,0.8260869565217391,37,4,0.093,0.11859304260024685,0.05697659269553133,1
4611,0.7423719793196988,94.5,0.9003098217914456,0.6190476190476191,1,4.4,0.2,0.11232758021483209,0,1
11205,0.7243219575878921,12,0.7618551638960799,0.7608695652173914,48,4.2,0.189,0.0013269395496818403,0.5440671158909367,1
20129,0.6617392273816393,17.916666666666668,0.7716189079592388,0.9772727272727273,55,4.6,0.114,0,0.7089450281938545,1
8843,0.7621579046835004,6.416666666666667,0.7665947953816697,0.9,21,4.2,0.045,0.020753263777124973,0,1
1914,0.6089331341894713,20.333333333333332,0.7681617110863779,1,50,2.9,0,0,0.19122257053291536,1
13649,0.6316540741475185,18.583333333333332,0.8091666113815855,0.6458333333333334,35,4.6,0,0,0.5193054436222434,1
13343,0.5635839824624498,17.416666666666668,0.7807902164793242,0.6170212765957447,47,3.8,0.091,0.01854598581501345,0.08716507401161701,1
11807,0.5362301656077089,19.333333333333332,0.7219911121276362,0.5952380952380952,45,4.7,0.011,0,0.4209545589294033,1
10973,0.7394708915903491,96.41666666666667,0.8523202730020683,0.5333333333333333,78,3.6,0.214,0,0.3774891774891775,1
2174,0.7026575245257747,20.333333333333332,0.7862556588458147,0.717948717948718,70,3.9,0.085,0,0.8988040478380864,1
17324,0.849466252965363,10.666666666666666,0.7178832799176909,0.5384615384615384,38,3.7,0,0.08845731751533013,0,1
8198,0.7019041128384138,95.41666666666667,0.8816247492646725,0.7441860465116279,44,4.8,0.051,0,0.5132959258355696,1
15699,0.9039896177020003,5.75,0.797619709510595,0.41304347826086957,50,4.3,0.046,0,0.8349842341624996,1
3198,0.7092842534565202,20.25,0.7665175645678307,0.6666666666666666,64,3.1,0.012,0,0.759537210756723,1
5453,0.798254679101623,5.916666666666667,0.7877955046011358,0.6818181818181818,24,3.1,0.281,0,0.802934433745988,0
14233,0.7482937171617887,5.25,0.7406327835179651,0.723404255319149,69,3.4,0.09,0,0.8711751273493764,1
33383,0.6874079699023361,10.083333333333334,0.6482987961825916,0.7555555555555555,15,3.5,0.223,0,0.6171796600014978,0
24965,0.7646700570979974,99.83333333333333,0.8736391354245993,0.8367346938775511,1,4.2,0.179,0,0.943721209693571,1
9310,0.807313586950841,11.833333333333334,0.7492324814821851,0.525,26,4.2,0.117,0.00010255508673230193,0.27402116117944036,1
14958,0.6781957295870984,10.75,0.6958907713808833,0.5,54,3.8,0.223,0,0.8053484873809126,0
10276,0.6087749014596362,16.333333333333332,0.7859573779244589,0.7021276595744681,49,3.8,0.037,0,0.4445525765169578,1
9235,0.6430859889044778,17.583333333333332,0.7731545413502499,0.8,1,4,0.296,0,0.5405522468868436,0
15470,0.8508826236469779,98.41666666666667,0.9001456866202604,0.3170731707317073,37,3.8,0.065,0,0.7292414105174698,1
6659,0.837711418868045,10.5,0.7026191429334097,0.7105263157894737,36,4,0.227,0,0.6239675626971016,0
14837,0.8007556140766748,94.91666666666667,0.8840722914024906,0.6666666666666666,59,3.7,0.154,0.06991794308011362,0,1
7372,0.7001412989121911,6.25,0.7633568086760154,0.4634146341463415,26,4.1,0.028,0,0.6458658346333853,1
2009,0.8264897485678071,10.75,0.6069377570825669,0.8461538461538461,1,4.3,0.122,0,0.4356484939009211,1
7377,0.6465395426408572,17.75,0.7258039107896932,0.5897435897435898,97,3.3,0.035,0.047609656301722536,0.12796529754642808,1
9974,0.9204405623912433,98.66666666666667,0.9160828219704444,0.5714285714285714,55,4.3,0.085,0,0.6379906752895173,1
2672,0.8160635669286853,10.416666666666666,0.8184511085134365,0.32558139534883723,20,4.4,0.203,0.11529633532358959,0,1
23776,0.8879362489893694,98.08333333333333,0.8598079350087011,0.625,1,3.6,0.167,0,0.8517171037412462,1
17452,0.8640768975240672,97.16666666666667,0.9045750871650009,0.6818181818181818,57,4.3,0.119,0.009606114630987915,0.34534723813889523,1
12025,0.6387088457305756,18.333333333333332,0.7791825854274341,0.625,25,4.4,0.091,0,0.7190319763815544,1
15729,0.7051105891379843,18.583333333333332,0.7922164513326799,0.5641025641025641,22,4.5,0,0,0.4458007502066247,1
4019,0.8351454506957308,95.66666666666667,0.8417988002125925,0.8775510204081632,62,3.1,0.216,0.017995515824703167,0.34390941893741445,1
14288,0.6524280676192689,16.666666666666668,0.6710623159320295,1,36,4.4,0.122,0,0.5589305711086227,1
17397,0.7208319007715412,17.5,0.6883225110104082,0.46511627906976744,9,4.3,0.059,0,0.7657642122204978,1
15980,0.8903448755569372,6.333333333333333,0.803070663854003,0.7441860465116279,61,3.8,0.091,0,0.633729662077597,1
29786,0.7341056477773007,102.33333333333333,0.8648699119694362,1,3,3.8,0.161,0,0.3527219620285038,1
17811,0.8434678656331638,97,0.8486021252789644,0.5609756097560976,49,3.9,0.225,0,0.28769546054293815,1
24721,0.8391915593871252,95.33333333333333,0.8700871314464385,0.5454545454545454,59,4.3,0.157,0,0.8590845654416375,1
10837,0.7845762801149148,6,0.6808576307478873,0.868421052631579,4,4.5,0,0.010033447890610349,0.047706929962166654,1
13228,0.79355701327121,10.25,0.6860693564827997,0.6829268292682927,29,4.5,0.04,0.018535801457129204,0.20517860517860517,1
21509,0.7830208366935021,98.41666666666667,0.8642810137746795,0.6,27,4,0,0,0.1821605411813934,1
9999,0.7619232044231675,6.333333333333333,0.7316305519161692,0.7674418604651163,1,3.7,0.138,0,0.6980698069806981,0
10784,0.7809331207818919,91.25,0.9236636742557296,0.8809523809523809,2,4,0.21,0,0.6005471321927018,1
9246,0.7426339479803805,91.66666666666667,0.8879197454005641,0.55,13,3.6,0.126,0.005248434568465111,0.24822886809799363,1
13739,0.7055947045224942,6.583333333333333,0.7335751243057065,0.6222222222222222,41,4,0.093,0,0.962841649379481,1
10412,0.5098804211344956,17.75,0.7181925127049968,0.7073170731707317,62,4.1,0,0,0.6932385708797542,0
12112,0.8301288436887255,104,0.8771135287648666,0.7142857142857143,1,4.7,0.035,0.0028162757453533225,0.4054656538969617,1
11015,0.8172666690644963,6.333333333333333,0.7394869753523245,0.7674418604651163,43,3.1,0.227,0.002037694811105132,0.3190340006355259,1
8759,0.7527003605933225,93.91666666666667,0.9038300105662056,0.16666666666666666,1,4.3,0.116,0,0.6257563648818358,1
10078,0.678600214458384,16.333333333333332,0.6747473989691994,0.6190476190476191,71,4,0.276,0,0.7660250049613019,0
6030,0.7770806133620907,6.583333333333333,0.7994559554714575,0.39473684210526316,74,4.6,0.08,0,0.912106135986733,1
10357,0.5233664953894706,18.416666666666668,0.6981184831833316,0.5945945945945946,10,3.9,0.075,0,0.3460461523607222,0
9050,0.664210463896688,98.83333333333333,0.8861376605437113,0.926829268292683,27,4.6,0.15,0,0.9220398917067242,1
9882,0.6975225058518819,19.333333333333332,0.7410921134882551,0.5348837209302325,51,4.1,0.107,0.033431153180060284,0.3333333333333333,1
8925,0.6911733845967458,8.916666666666666,0.6239551488087718,0.4358974358974359,64,4.4,0.085,0.02644647880523489,0.1900386576278783,1
10672,0.7976129495990708,97.41666666666667,0.8531768663312083,0.375,5,3.9,0.214,0,0.3329428852551188,1
17951,0.6546927408144727,16.5,0.7507280266817562,0.7857142857142857,26,4.3,0.25,0,0.9837608980251247,0
9998,0.8618941408979846,11.25,0.6279298265222413,0.7272727272727273,11,4.1,0.169,0,0.6044511127781945,1
1921,0.6839945616743479,9.75,0.7006106002027864,0.6666666666666666,32,4.4,0.069,0.0871073301114798,0.22592399791775117,1
15307,0.47577641758216294,18.416666666666668,0.7055344904339558,1,2,3.7,0.152,0.02300339598357946,0.2633521706464574,1
6149,0.8124614347734118,6.416666666666667,0.7580787531143227,0.7727272727272727,40,4.4,0.037,0,0.603561844352281,1
15068,0.6640770026975402,10.666666666666666,0.6527170192047989,0.975,21,4.2,0.078,0.0022961229567796137,0.4675471197239182,1
4441,0.7999878152147699,10.416666666666666,0.6853446329712458,0.7555555555555555,33,4,0.063,0.08664391331175421,0,1
19441,0.9094145156025305,6.5,0.7779422041578362,0.6923076923076923,4,4.4,0.097,0,0.8747203004037962,1
11494,0.7071583168100346,19.166666666666668,0.8061435060034091,0.7441860465116279,45,3.6,0.16,0.10157961686324746,0,1
10040,0.7163283589345006,15.583333333333334,0.6797242316109295,0.6097560975609756,27,3.2,0.101,0.002570914465787691,0.1375566512276508,1
6034,0.6014427192934256,19.666666666666668,0.7648400521099727,0.7142857142857143,10,4.3,0,0.0014288911944663107,0.30280931465981603,1
33683,0.7559472117903216,6.25,0.6858874936162734,0.9090909090909091,7,3.6,0.045,0,0.6799275598966837,1
17845,0.8467930978991408,95.08333333333333,0.8564081201117644,1,41,2.6,0.154,0,0.15629465661688474,1
16002,0.8169840706117266,97.25,0.8679737298815414,0.9523809523809523,1,3.6,0.055,0.05785140093869808,0,1
26645,0.740359156706031,20.083333333333332,0.7942393980378848,0.5609756097560976,87,4.9,0.087,0.0012399212001867896,0.1537624319759805,1
19201,0.9003562576917995,98.91666666666667,0.8910812943982411,0.875,23,4.1,0.178,0,0.6914924090518476,1
8057,0.6484561478086466,16.75,0.7944484750237453,0.52,12,4.9,0.154,0.0008127539856205065,0.5876000744740272,1
20291,0.8207541330236737,99.66666666666667,0.8636944222587637,0.8947368421052632,1,3.8,0.105,0,1.1364644423636094,1
16953,0.8953931581433867,10.583333333333334,0.6855318811383329,0.7608695652173914,50,4.3,0.281,0,0.8545052352160448,1
17796,0.919155462735176,93.91666666666667,0.8799700120427352,0.5348837209302325,61,4.7,0.188,0.05160645119057238,0.2872074400831671,1
9252,0.6522630646960654,98.66666666666667,0.8784957398084159,0.6,4,3.5,0.306,0,0.34057501080847385,1
26988,0.7733202477111785,95.5,0.8601332965424842,0.55,21,3.9,0.065,0,0.2847191344301171,1
6971,0.7258363088005859,100.83333333333333,0.854254610838443,0.9512195121951219,52,3.6,0.151,0,0.5391291872892906,1
4309,0.6990389011785496,17.333333333333332,0.75485483107727,0.3170731707317073,22,4.4,0.028,0,0.5391667633747244,1
9030,0.8325243845411987,6.583333333333333,0.8424063342026743,0.7727272727272727,12,3.3,0.175,0,0.345644830832272,1
26477,0.8384624780923289,101.25,0.8740256689498854,0.46153846153846156,12,4.6,0.211,0,0.7652679684254259,1
23443,0.8832523790134179,10.416666666666666,0.690264629078305,0.2558139534883721,98,3.8,0.112,0,0.819093119481295,1
10642,0.8337875545310725,11.916666666666666,0.7165458993075351,0.9714285714285714,1,4.3,0,0,0.6186806991167074,1
11344,0.8158721263263189,6.416666666666667,0.8383129922339125,0.36585365853658536,18,3.6,0.185,0,0.9575527835324195,0
14466,0.7004642092960189,10.416666666666666,0.7666247656669629,0.4523809523809524,92,4.3,0,0,1.4073485188897723,1
18731,0.47571700542413475,9.5,0.6976545975506301,0.43902439024390244,1,3.5,0.132,0,0.6949442101329347,0
10941,0.7135360701942255,15.833333333333334,0.7249024348342742,0.6842105263157895,22,3.6,0.036,0.09673251633320284,0.1574882317992779,1
16606,0.822465227902109,103.5,0.8745510679319657,0.5952380952380952,55,5,0.147,0,0.5511260990003614,1
14632,0.8810249784638253,6.75,0.7982699427361952,0.5945945945945946,95,4.6,0.161,0,0.21556231418514848,1
6512,0.6955323679924379,99.41666666666667,0.9008094951410359,0.475,8,5,0.016,0,1.0379299754299753,1
13067,0.5721780603601506,17,0.7000576756710126,0.7105263157894737,25,4.7,0.091,0,1.1806841662202494,0
6727,0.7969349944640086,6,0.7958758547680685,0.9782608695652174,11,3.4,0,0,0.6891630741786829,1
4942,0.7300914545102797,9,0.6399588500884522,0.6,32,4,0.096,0,0.7195467422096318,0
35651,0.5983181424240223,18.416666666666668,0.7344928397795366,0.8648648648648649,62,4.8,0.149,0,0.5002103727805671,1
16751,0.8192367012093404,6.75,0.7647832236634858,0.7619047619047619,27,4.7,0.186,0.012439213881387232,0.04250619384495985,1
29891,0.9221952835661754,97.16666666666667,0.8669479865633144,0.9166666666666666,19,4.7,0.13,0,0.8412231106353083,1
24352,0.7922093695142697,100.08333333333333,0.89652800364124,0.6086956521739131,37,4.8,0.216,0,0.5470597897503285,1
27507,0.7985524217023325,96.5,0.8625558751669711,0.6666666666666666,54,4.5,0.138,0,0.636213258684311,1
26719,0.6369285976306236,18.333333333333332,0.7269698651330689,0.6097560975609756,49,3.5,0.186,0,0.9837004322847466,0
14411,0.5533281262396323,13.75,0.7716992945231835,0.6341463414634146,73,4.2,0.156,0.015708450827519,0,1
13700,0.8146376643555227,5.916666666666667,0.7993266641017605,0.8571428571428571,49,3.2,0,0.1032136793834648,0.03861454797620351,1
4324,0.6094924131288687,17.666666666666668,0.8175558527753423,0.6888888888888889,17,4.5,0.004,0,0.7543940795559667,1
14972,0.8338858596402899,97.83333333333333,0.8988269998548467,0.46511627906976744,1,3.6,0.023,0.012140852426952349,0.13652150681271707,1
12918,0.6949708774369345,100.66666666666667,0.8506442647504118,1,57,3.8,0.213,0.02247505912396189,0,1
2755,0.8459207707153008,92,0.8723115203861878,0.9069767441860465,25,3.8,0.182,0,0.24214921038300963,1
7800,0.7627130669022316,102.16666666666667,0.9023793520366905,0.5365853658536586,61,4.3,0.141,0,0.666923076923077,1
10008,0.6271328012618378,17.416666666666668,0.7481325896985291,0.5897435897435898,42,4.2,0.237,0.006606903598374348,0.17076338928856916,0
13808,0.8181188423589164,6.25,0.7459658815565646,0.7857142857142857,25,4,0.125,0,0.6119862393626652,1
11849,0.6393978918441605,18.083333333333332,0.7563697716518654,0.8409090909090909,1,4.1,0.188,0.11455933714098514,0.11992573212929361,1
8558,0.350212344502272,17.166666666666668,0.7647758943769765,0.47619047619047616,1,4.9,0,0.06663016710876668,0,0
18992,0.796390725226157,102,0.9124024499759463,0.7333333333333333,59,4.3,0,0,0.2840669755686605,1
26039,0.7679110275761841,97.16666666666667,0.8880600096122832,0.8085106382978723,13,3.9,0,0,0.7273844499491138,1
11219,0.6990939058216327,94.75,0.8745938296747636,0.275,27,4.4,0.15,0,0.7892320720238891,1
11417,0.8516297001345025,93,0.8420903887318231,0.5641025641025641,82,4,0.112,0,0.5862567336749441,1
17051,0.8131899957095904,101.41666666666667,0.8620461422852828,0.6444444444444445,1,4.1,0.04,0,0.26819541375872386,1
1718,0.8863062438704968,10.833333333333334,0.7109493195683703,0.4883720930232558,25,4.2,0.212,0,0.9575087310826542,0
5728,0.8194464181674208,6.833333333333333,0.7339338508625436,1,22,3.8,0.243,0,0.6702164804469274,0
3928,0.8969320016439185,100,0.900585044719955,0.6341463414634146,84,3,0.2,0.02044978079854557,0,1
18446,0.9188949006468726,5.416666666666667,0.8239150285806216,0.6976744186046512,30,3.8,0.187,0,0.7437586403187769,1
12119,0.7716707410421489,92,0.8814270422322205,0.6829268292682927,14,4.3,0.001,0,0.9020546249690569,1
10891,0.7216923127667176,95.58333333333333,0.859087958368105,0.5869565217391305,36,3.4,0.067,0.03193782243239419,0.2462696845874845,1
17869,0.49191951555686086,16.416666666666668,0.7236880933958004,0.6590909090909091,37,5,0.239,0.10155467643972034,0,1
20442,0.732478928331635,18.25,0.7772831342784073,0.627906976744186,1,3.8,0.244,0.009185306319422387,0,1
24197,0.8456675249299614,5.666666666666667,0.7920274172980742,0.8,39,4.4,0.125,0,0.4998656830533342,1
17859,0.8777518962681203,6.25,0.7921539030917347,1,10,3.9,0.049,0,0.7849483439258617,1
13391,0.7449517373619332,6,0.8075499102701248,0.6341463414634146,7,4.3,0.049,0,0.4562019266671645,1
18959,0.8423570906444046,93.25,0.8568505193113942,0.4523809523809524,1,4.8,0.222,0,0.3166389746024211,1
11042,0.744017509447329,6,0.8075499102701248,0.5,1,4.1,0.292,0.07569938410792783,0.15069733743886976,1
9849,0.7742380205053873,9.333333333333334,0.5796927751450064,0.7804878048780488,6,4.2,0.013,0,0.7870234045793776,0
18597,0.7985338836169994,97,0.8793329906111379,0.5777777777777777,45,4.4,0.136,0.08370584148255829,0,1
13905,0.8160664225826312,11.5,0.7502364066722597,0.4146341463414634,63,4.7,0.088,0.00020423406390775623,0.2010787486515642,1
8820,0.864443911909696,5.75,0.7855268320732066,0.7608695652173914,1,4.5,0,0.005030034618996701,0.016667611542604457,1
12579,0.9122884197833501,8.833333333333334,0.7561726795599985,0.4318181818181818,35,4.6,0.067,0,0.38778917243024086,1
24793,0.7389929247661238,96.66666666666667,0.8721577592281612,0.6136363636363636,37,4.1,0.314,0,0.49372806840640504,1
35104,0.8075486005660997,94.66666666666667,0.8569494854523108,0.7073170731707317,31,3.7,0,0.035307663675102345,0,1
13537,0.7813785779041588,11.083333333333334,0.699718412816303,0.7209302325581395,5,3.7,0.122,0,0.5294378370392259,0
18143,0.8080959262376727,9.833333333333334,0.6408538966031001,0.7272727272727273,1,4.1,0.153,0.06512126015860199,0.14220752377015294,1
16843,0.6374482527600687,20.25,0.7417224150697415,0.717391304347826,46,4.2,0.067,0,0.6170699124239276,1
15679,0.9070082099770868,102.25,0.8870620297471666,0.6041666666666666,25,3.8,0.178,0,0.5942343261687608,1
12956,0.8169075156353297,97.58333333333333,0.8690024127277629,0.8636363636363636,7,3.8,0.141,0,0.6575585658600595,1
14561,0.5956273843324589,17.333333333333332,0.7270178929504155,1,60,3.8,0,0,0.7069812163043852,1
10675,0.7006007005715902,19.166666666666668,0.8573807002882023,0.7209302325581395,31,3,0.03,0,0.34943088669258515,1
5426,0.7775000731014363,11.916666666666666,0.7542477847439779,0.5405405405405406,24,5,0.206,0.08556272552823058,0.06838079439682979,1
21712,0.884208047381045,9,0.6314861344049556,0.9772727272727273,72,3.7,0.085,0,0.6876079497040739,1
24608,0.8004758968837808,11.75,0.6948705707191638,0.7435897435897436,31,4.3,0.059,0,1.0427909622886866,1
22763,0.6731761720201892,10.166666666666666,0.6816969206729901,0.7073170731707317,26,4,0.143,0.007711399266058923,0.13324546952224053,1
3579,0.4925024972576305,18.583333333333332,0.7981066513992748,0.3333333333333333,14,4.6,0.166,0.001993572188298187,0.33729216152019004,0
17012,0.6571724992533686,10.833333333333334,0.7159048413443172,0.9722222222222222,10,4.1,0.238,0.004758582713123487,0.33793792616976254,1
17183,0.8511407244116421,10.083333333333334,0.8408152042623287,0.7619047619047619,1,4.6,0.099,0,0.7234475935517662,1
23780,0.7283890233782256,95.66666666666667,0.8473644870117805,0.55,43,3.3,0.095,0.021549971874852192,0,1
21926,0.728117090023239,16.916666666666668,0.7848807333901671,0.8095238095238095,92,5,0.067,0,0.7248637431301452,1
18110,0.7880447455129914,6.25,0.7821315381550907,0.7333333333333333,45,4.7,0.143,0.0540301227960217,0.007620099392600773,1
31724,0.7798509073770107,93.91666666666667,0.845732796463999,0.38636363636363635,44,4.1,0.117,0.06960081643760671,0,1
23242,0.7322160740504263,17.583333333333332,0.7743458605285798,0.6097560975609756,102,4.3,0.204,0.0002520031680398268,0.24296532140091215,1
3699,0.8704561122599137,94.08333333333333,0.8667175272865073,0.6190476190476191,26,3.9,0.134,0.011389627164957547,0.25358204920248717,1
9987,0.8412308120183802,10,0.8528039855612026,0.918918918918919,49,3.7,0.238,0.0009916380789022298,0.06408330830079102,1
13533,0.6998563935563984,102.33333333333333,0.887492403653612,1,41,3.4,0.146,0,0.6075004618510992,1
16919,0.8092332519959438,101.33333333333333,0.859550644472308,0.9148936170212766,1,3.9,0.055,0,0.9756486789999409,1
10313,0.6934245314158619,19.166666666666668,0.7829568004461098,0.7297297297297297,51,3.9,0.126,0.0142213307127127,0.2858528071366237,1
14932,0.7099376925861587,10,0.686418537962887,0.7045454545454546,41,4.1,0.248,0,1.0562903927937581,0
13385,0.6453114037929639,17.416666666666668,0.719248409527644,0.4864864864864865,7,3.9,0.106,0,0.8454986925663056,0
16961,0.8639886300207084,97.25,0.8986285647653967,0.7857142857142857,6,4.5,0,0.010759975716158934,0.3996226637580331,1
18137,0.7338305260598643,5.583333333333333,0.7524906872869104,1,26,3.8,0.071,0,0.2589805089184793,1
13096,0.5474351891371064,9.666666666666666,0.6665675930032118,0.375,65,3.6,0.108,0.06642131277375228,0,0
18714,0.9036142698996468,100.83333333333333,0.8753517345381628,0.717948717948718,46,4.1,0.029,0.03442299921162146,0.31832634194565423,1
18949,0.643643722658891,10.083333333333334,0.6699384206989115,0.825,58,3.9,0.191,0.013113563662865322,0.43744887458110143,0
8909,0.7674742404586586,5.75,0.7331601066735947,0.7441860465116279,1,3.4,0.06,0,0.6860863220519728,1
11149,0.4317818472673641,18.083333333333332,0.785281147332318,0.6744186046511628,27,3.9,0.115,0.07962773785672377,0,0
22828,0.6884007461069604,18,0.7709385763545744,0.7804878048780488,1,4.1,0.095,0.007077460508070253,0.27431224811634836,1
10812,0.6763475764813693,16,0.6991764775376322,0.7441860465116279,11,4.4,0.163,0.019674634461162965,0.33953015168331485,1
12905,0.7176516946358154,104.41666666666667,0.8590595255475508,0.4358974358974359,87,4,0.256,0.11332102420811786,0.10647036032545525,1
11964,0.7233730369546616,6.583333333333333,0.7900870385851013,0.5714285714285714,57,3.7,0.04,0,0.4306432064195261,1
10155,0.899719941077315,97.08333333333333,0.8879146114044925,0.5306122448979592,48,4.4,0.055,0.000341456401408957,0.45386509108813394,1
21189,0.5068996516728987,17.416666666666668,0.7192484095276441,0.7142857142857143,11,3.7,0.038,0,0.47590731039690404,0
39508,0.6906918492666307,15.75,0.6942641224720917,0.75,63,3.8,0.094,0.002493738121310526,0.285717901664241,1
22949,0.6702012574269077,17.25,0.693132126315802,0.20930232558139536,16,4.1,0.117,0,0.274179140248818,0
17516,0.8067957057456179,91.58333333333333,0.8776405408314361,0.475,23,3.3,0.187,0,0.8501941082438913,0
10684,0.4270919463160465,17.916666666666668,0.7086797364690307,0.95,1,3.9,0.208,0.004567266843535805,0.4866154998128042,0
14124,0.814262430126371,6.5,0.7448750161265076,0.6744186046511628,16,4.1,0.193,0.02260112242970679,0.19250920419144718,1
4415,0.8294615044691845,6.333333333333333,0.7475878145624884,0.8648648648648649,84,3.2,0.254,0,0.4505096262740657,1
19263,0.6746354832206737,10.5,0.6404840745109166,0.5476190476190477,65,4.9,0.087,0,0.8523296560674887,1
16704,0.6817556587116316,5.916666666666667,0.7200759589527916,0.6060606060606061,32,3.2,0.136,0,0.9189415708812261,0
16287,0.6446022410460474,95.66666666666667,0.8988946471878264,0.5365853658536586,56,3.1,0.071,0,0.4654018542395776,1
18404,0.7976086226582833,6.583333333333333,0.7725037879036528,0.5853658536585366,17,3.9,0.146,0,0.4056837014698291,1
20196,0.8608436975916638,10.333333333333334,0.7197073032744715,0.7391304347826086,43,3.8,0.036,0,0.39651416122004357,1
7792,0.8104224739982571,97.33333333333333,0.8879765257959169,0.6341463414634146,8,4,0.192,0,0.5157854209445585,1
13409,0.5940780575338578,17.583333333333332,0.7559816936141043,0.675,1,3.9,0.014,0,0.9726665920871089,0
9412,0.8211883254870683,6.5,0.7608364345361842,0.918918918918919,5,4.1,0.189,0.018649271584887238,0.08840248631992775,1
30775,0.8585935758532917,8.5,0.6202957503718218,0.6744186046511628,1,3.2,0.27,0,1.1371567831031681,0
23532,0.7873906965365045,12,0.7795207240779508,0.7391304347826086,81,4.3,0.126,0.01319187544382751,0.4623916369199388,1
6092,0.6890045564412833,101.75,0.856726345975056,0.9767441860465116,19,4,0.074,0,0.39970453053184507,1
26582,0.8168875223060978,6.666666666666667,0.7525126265847084,0.6097560975609756,43,3.7,0.013,0.1479185910626534,0,1
13089,0.8984873340884949,6.583333333333333,0.7335751243057065,0.6923076923076923,18,3.4,0,0.02120705631877616,0,1
10160,0.5215255517122452,17.166666666666668,0.7429475282548791,0.3333333333333333,13,4.1,0.078,0.0015833677543714718,0.4413603031645258,0
6718,0.5290686590101031,17.666666666666668,0.7433684809672558,0.7560975609756098,27,3.5,0.06,0,0.807889839970227,0
13642,0.9380676392069727,6.083333333333333,0.7448227943808609,0.525,40,4.3,0.108,0,0.7131652250403167,1
19946,0.8234778190671558,93.41666666666667,0.8900085226889406,0.7555555555555555,34,3.7,0.257,0.1332773296134415,0,1
6493,0.8845840926053071,10.333333333333334,0.6183174333484118,0.6222222222222222,42,3.8,0.01,0,0.526105036192823,1
19053,0.9298969465409537,6.833333333333333,0.740728150908911,0.7441860465116279,41,3.7,0.051,0,0.5306915103004854,1
9731,0.8419053814858379,94.33333333333333,0.8723261359354088,1,15,3.4,0.043,0.004959464036277874,0.019936286095981914,1
9688,0.7230886822483091,9.25,0.6693558684053591,0.5675675675675675,3,3.8,0.175,0,0.4589182493806771,0
7820,0.592018794843757,97.91666666666667,0.8365181921622817,0.8,34,4.3,0.031,0.004592713959995372,0.13682864450127877,1
11671,0.6709306192252485,6.5,0.7372576726677026,1,1,3.7,0.203,0,0.9982434343001585,0
8492,0.6990786207262609,98.25,0.864580990969723,1,25,4.1,0.173,0,0.34740622975917096,1
12652,0.7451876694168891,10.166666666666666,0.7465635273157327,0.6829268292682927,10,3.9,0.016,0,0.7847771103382865,1
20882,0.5968857688208773,20.416666666666668,0.7621770264170251,0.875,38,4.1,0.183,0.017868702753720715,0.5429207671862654,1
9111,0.7406325732868314,6.583333333333333,0.8196480145724683,0.7894736842105263,20,4.3,0.198,0,0.36988255954340904,1
10195,0.8330004937238413,95.58333333333333,0.8838553908721861,0.4666666666666667,60,4.2,0,0.0074130118918702805,0.19981362499386923,1
28581,0.7752367405706911,98.75,0.8410564708705708,0.4358974358974359,24,3.4,0.174,0,0.8334703731565228,1
17993,0.7955145310712657,12.333333333333334,0.7950574204310392,0.8571428571428571,11,3.9,0.004,0,1.0596637487842155,1
14706,0.7611154199591759,6.5,0.7226499018873854,1,69,4.2,0.022,0,0.4514637380571895,1
13308,0.6487276730198559,96.58333333333333,0.852091139746789,0.6511627906976745,1,3.2,0.092,0,1.1359332732191163,0
20206,0.75947585553342,10.916666666666666,0.7451021701211602,0.7674418604651163,31,4,0.128,0.10935931554651719,0.09264804137487317,1
22295,0.7842201121298529,6.5,0.7692307692307692,0.6153846153846154,52,2.7,0.135,0,0.44934849402318955,1
2251,0.8443100266813861,96.83333333333333,0.8784044580985882,0.9047619047619048,22,3.8,0.033,0,0.5379831186139493,1
9841,0.8381702721879605,6.5,0.7692307692307692,0.6341463414634146,88,4.4,0.099,0.02830198858912218,0.09267350878975714,1
15805,0.7740509336366745,11.333333333333334,0.697902373762145,0.7619047619047619,40,3.9,0.072,0,0.45403353369186966,1
12695,0.872641084639762,6.666666666666667,0.7938447187191169,0.6153846153846154,32,4.1,0.077,0,0.6258369436786136,1
19567,0.8203113445044299,10,0.6811478921715168,1,25,3.9,0.141,0,0.6763089975212736,1
5731,0.6380697729422438,7,0.8456966500379081,0.6888888888888889,32,3.7,0.171,0.012577347598377026,0.07328563950444948,1
14858,0.7449634605352934,97.08333333333333,0.9191718890617891,0.7560975609756098,44,3.6,0.131,0,0.4053708439897698,1
2588,0.698163392656393,10.166666666666666,0.669274737674885,1,1,4.9,0.135,0.05143950930849021,0,1
8801,0.8027066498958204,6.5,0.7372576726677026,0.5681818181818182,27,3.8,0.082,0.0216680003093529,0.2770139756845813,1
16406,0.6791899750372081,16.583333333333332,0.7508125373222626,0.8333333333333334,8,3.7,0.015,0.011612981384902306,0.3228087285139583,1
7667,0.8267998140220485,94.83333333333333,0.8424832955025892,0.6428571428571429,30,4,0.068,0.011359104783313497,0.2835528890048259,1
3438,0.7587731659946618,97.33333333333333,0.8791382120888952,1,60,4.4,0.241,0.039921895968101216,0.23592727272727274,1
18914,0.529049666881068,19.666666666666668,0.7952026106170411,0.5714285714285714,47,4.2,0.197,0.014589939162488309,0.05213069683832082,0
1967,0.8743983155428386,7,0.7741230242736872,0.8372093023255814,42,4,0.056,0,0.7071682765632944,1
8267,0.7645444549606941,11.833333333333334,0.7309158707810873,0.8421052631578947,1,4.1,0.266,0.09887445918400485,0,1
19772,0.6852925975314406,19,0.7069597703773673,0.5897435897435898,16,3.4,0.244,0.0005668099640774984,0.2831348152643957,0
14047,0.8592715623993437,11.083333333333334,0.7543987523148711,0.8888888888888888,119,4.5,0.128,0,0.9235040757484071,1
19098,0.7764016718328384,6.583333333333333,0.7811187789140432,0.525,45,4.3,0.174,0.07242738390597744,0,1
28884,0.8104964223623228,90.25,0.8758602986172784,0.3170731707317073,56,3.7,0,0,0.9724583239565842,1
2972,0.5585048125065856,11.25,0.6772035767481345,0.9024390243902439,55,3.7,0.241,0,0.9041049798115747,0
3919,0.7582517655779869,6.833333333333333,0.7859764783562897,0.5128205128205128,10,3.3,0.039,0.0007071445988783223,0.4679765246236285,0
15184,0.791477133889132,97.5,0.8711809570555848,0.46511627906976744,42,4.8,0.104,0.09028655758958813,0.10564099186617051,1
16610,0.6780989982143564,10.583333333333334,0.6351517216313987,0.5952380952380952,61,4.3,0.333,0.025858891468187078,0.45743527995183625,1
8393,0.8964541085629646,104.25,0.9081500335625633,0.7777777777777778,44,3.9,0,0,0.7486446231754543,1
22956,0.7224032112901829,6.333333333333333,0.7093326048108615,0.3488372093023256,80,4.1,0.084,0.0032342869680371737,0.4988347019232864,1
12705,0.81437549304869,96.16666666666667,0.8554235338788622,0.6486486486486487,47,4.6,0.145,0,0.4099960645415191,1
30467,0.688610384558342,12.75,0.6926714262612093,0.6744186046511628,1,3.5,0.153,0.0052614961059044806,0.17028260084681787,1
14854,0.547936933675321,7,0.7667152625920783,0.675,80,3.9,0.08,0.03304272954264853,0.5803823885822,1
30569,0.5606110124443615,18.833333333333332,0.7844991918250279,0.5833333333333334,39,4,0.134,0,0.2529728315095605,1
16568,0.7239726008516237,8.833333333333334,0.6193539433616602,0.45454545454545453,18,4.4,0.017,0.052720975945070435,0.01732254949299855,1
27123,0.7025590456985596,97.5,0.8628105283607979,0.9523809523809523,46,4,0.225,0,0.50946631025901,1
1598,0.7116292077769274,10.916666666666666,0.7370010201992028,0.7555555555555555,8,4,0.097,0,0.24718397997496871,1
13145,0.7118393982797868,9.833333333333334,0.6408538966031001,0.6,47,4.5,0.18,0,0.5599847850893876,0
3876,0.8746215683465924,95.58333333333333,0.8574788926845966,0.8333333333333334,54,4.3,0.155,0.014084598698033905,0.22755417956656346,1
15364,0.699464955741448,6.666666666666667,0.812917130661303,0.62,14,4.5,0.031,0.015739362912839082,0,1
20174,0.629322719628497,9.25,0.7101674244658485,0.7872340425531915,39,4.7,0.199,0,0.6141224874216175,0
16185,0.7720571421549975,101,0.8523125357408288,0.8260869565217391,37,3.1,0.2,0,0.5132530120481927,1
18020,0.6395916405512994,11.5,0.7605404109875608,0.7209302325581395,43,4,0.079,0.04373493553009847,0,1
36192,0.879813382454719,5.666666666666667,0.6832255995803234,0.4878048780487805,1,3.8,0.005,0,0.5150033156498673,1
24295,0.8102726483363802,6.583333333333333,0.764203341643074,0.5,1,4,0.131,0,0.2743774439185018,1
18808,0.7644521635276489,10.666666666666666,0.7076830166582857,1,1,3.9,0,0.1305964655783352,0,1
32214,0.588384711698497,17,0.7634835670232388,0.8,17,3.9,0.005,0.06178132547382061,0.1507132103000295,1
22647,0.6403053178468454,6.166666666666667,0.7924014662738215,0.7948717948717948,49,3.4,0.14,0.00011312326103072138,0.3594374406641203,1
11595,0.8644034977612741,11.083333333333334,0.6886273798368623,0.9285714285714286,49,3.4,0.054,0.047152247305341705,0.050711513583441135,1
14321,0.683092408827144,18.25,0.7204897544693536,0.825,19,4.5,0.044,0.0007589378778403168,0.7340269534250401,1
27399,0.563412263433347,19.583333333333332,0.8275151642594788,1,48,3.1,0.007,0,0.15004471047685092,1
13102,0.5613798717822245,5.833333333333333,0.7304576819412398,0.6666666666666666,24,3.8,0.019,0.15202349507668145,0,1
13590,0.8516340439997995,10.166666666666666,0.713700832843066,0.5434782608695652,76,3.1,0.065,0.020092162812965487,0,1
31178,0.7249955421231195,6.5,0.7692307692307692,0.7083333333333334,66,3.7,0.052,0.0011077998035538886,0.7055408547830968,1
5274,0.7732660651023539,6.5,0.7964806683796468,0.7727272727272727,70,3,0.056,0,0.625770361240163,1
24575,0.9289031561359501,89.41666666666667,0.8809013969718561,0.7727272727272727,84,4,0,0.0016720000574804742,0.2526195853425299,1
10234,0.8963502824339146,103.91666666666667,0.8718249485266476,0.8085106382978723,26,3.3,0.1,0,1.051201876099277,1
11927,0.718899487025228,18,0.7464247418957564,0.4444444444444444,61,3.7,0.354,0.03192714523691041,0.3308459797099019,1
13069,0.701333163701902,10.416666666666666,0.6550710218030384,0.782608695652174,42,4.2,0.186,0.15004158060890962,0,1
12681,0.7097194579387927,9,0.5625551181104549,0.37777777777777777,26,4.5,0.1,0,0.09313512874098025,1
2024,0.6730255519367014,16.666666666666668,0.6976756708433806,0.8048780487804879,20,4.4,0.142,0,0.49604743083003955,1
20250,0.7452558417358845,17.416666666666668,0.6886273798368623,0.5609756097560976,48,3.7,0.185,0.03302954277569995,0,1
22526,0.8130234801893359,93.25,0.8448974191515204,0.7857142857142857,4,4.3,0.26,0.04642432786525269,0.28606943087987213,1
25059,0.7317767913836462,102.91666666666667,0.8922042443826808,0.8918918918918919,1,3.9,0.275,0,0.8433066624099607,1
17307,0.7844508983517837,7.166666666666667,0.7959310607583228,0.5581395348837209,48,4,0.196,0.04061141796385619,0.19345332678473406,1
8106,0.42928543290102394,18.833333333333332,0.7355477380976294,0.8301886792452831,1,4.6,0,0.00509671267087449,0.6916291407069274,0
20467,0.8311798267808886,10.916666666666666,0.6645561443859568,0.5,102,4.3,0.02,0,1.2203547173498803,1
15170,0.8050363250959114,6.333333333333333,0.8511354144870427,0.9473684210526315,1,4.5,0.21,0.0321118487693487,0.250502653350473,1
34583,0.5527896139647591,19.25,0.7161612126790389,0.8205128205128205,1,4.5,0.08,0,0.524484927347647,1
14017,0.6533849794732618,6.75,0.7982699427361952,0.7,22,3.9,0.082,0,0.7753718831377305,1
18724,0.6247975834005475,16.333333333333332,0.6935376037207917,0.6595744680851063,29,4,0.141,0.004960056508415862,0.4252944161080994,1
9176,0.8166759118730325,10.583333333333334,0.7427955437628178,0.7441860465116279,49,4.3,0.138,0.0010981403232352169,0.8326068003487358,1
3538,0.7127647681950915,6.25,0.7459658815565646,1,1,3.7,0.247,0.13888116617064744,0,1
11356,0.8671431618120253,11.416666666666666,0.7106872820057458,0.4666666666666667,20,4.2,0.282,0.05926417178851317,0,1
2558,0.7263384806171729,6.916666666666667,0.760546904646364,0.9459459459459459,34,4.4,0.081,0,0.35620723362658846,1
18431,0.7639038041236363,10.833333333333334,0.7651640381157885,0.5882352941176471,60,4.7,0.006,0.09296514665176615,0,1
20055,0.7266384214141282,97.83333333333333,0.870853542682358,0.696969696969697,36,3.3,0.125,0.011223426184586577,0.3193717277486911,1
17766,0.7615441051659594,7.416666666666667,0.860113487663048,0.9772727272727273,35,4,0.108,0,0.20308454351007543,1
1746,0.7296034169933512,12.5,0.7296915342304895,0.8292682926829268,1,3.9,0.161,0.05912918258338557,0.10309278350515463,1
23969,0.667145055784992,101.91666666666667,0.8887409362131715,0.8780487804878049,13,4.6,0,0.002470210922419915,0.34908317166280745,1
2176,0.6786602947434828,19.083333333333332,0.713415991099916,0.9285714285714286,45,3.9,0.15,0.0024505623601043447,0.2647058823529412,1
1924,0.7018732667266451,19.083333333333332,0.7215151307685148,0.7777777777777778,10,4.2,0.223,0.11896968759075634,0.10135135135135136,1
6137,0.6693521160464231,18.333333333333332,0.7497109109466145,0.6,28,4.2,0.237,0,0.6296235945901907,0
11256,0.6257626420674895,16.75,0.7396245948630941,0.95,12,4.3,0.191,0,0.3705743858558038,1
3072,0.6753709842640556,18.166666666666668,0.7333129935091994,0.7857142857142857,1,3.1,0.074,0.0013842781856540929,0.29296875,0
10788,0.7408082462535632,93.16666666666667,0.8630462107662025,0.5641025641025641,1,3.9,0.154,0,0.45847237671486835,1
9793,0.7918889874317031,98.41666666666667,0.8599752042964878,0.9,36,4.3,0.07,0,0.5689778413152251,1
14192,0.7318318111036528,6,0.77433226653789,0.9523809523809523,7,3.3,0,0.055817363760679535,0,1
26480,0.6795672454305044,8.916666666666666,0.678010594823323,0.825,28,3.7,0.016,0,0.43373175475367737,1
1874,0.7122464972489218,6.916666666666667,0.7679354182619491,1,1,4,0.032,0.12658530534755358,0,1
20475,0.6274474294408312,14.833333333333334,0.7700057360622615,0.7659574468085106,18,4.2,0.179,0,0.20918192918192918,1
10825,0.8325328351377367,6.416666666666667,0.8262456083083163,0.9069767441860465,52,3.7,0.174,0,0.5514087759815243,1
19606,0.7602414792072937,9.583333333333334,0.6973963018903424,0.6041666666666666,27,4.1,0.078,0,1.1523513210241763,0
7312,0.5666892155059797,97.75,0.8836481092276921,0.8157894736842105,27,5,0.106,0.005741105352772536,0.1087253829321663,1
14518,0.5643296123573094,10.666666666666666,0.7204915028125263,0.52,21,2.9,0.145,0,0.9377647666609265,0
5708,0.4826331107475682,10.166666666666666,0.722277469736108,0.9772727272727273,11,4,0.196,0,1.6403293622985284,0
13491,0.8292124731540903,99.5,0.8530634018370508,0.6190476190476191,34,4.1,0,0,0.4704050998851043,1
20068,0.7300694903286258,17.166666666666668,0.8055826757815459,0.5476190476190477,11,3.7,0,0.0643737609674062,0.08316930360034883,1
15384,0.5741885017984028,18.416666666666668,0.7209571563703785,0.5909090909090909,13,3.9,0.058,0.009741209845085313,0.6014690587623505,0
18206,0.7494688229546946,7.916666666666667,0.6300782444040931,0.6511627906976745,53,3.8,0.354,0,1.0701711021394633,0
15470,0.7959598057906117,6.666666666666667,0.7681595376126074,0.6428571428571429,1,4,0.121,0.004235694257197643,0.4389282135815637,1
17215,0.7388178086331432,95.33333333333333,0.9126223846181832,0.7317073170731707,65,3.6,0.12,0.02260508564730342,0,1
18931,0.8293077866325673,13.166666666666666,0.7446298607363036,1,88,4.3,0.055,0,0.25894036236860174,1
8913,0.8265613257697955,94.66666666666667,0.8509020045088723,0.8333333333333334,49,3.5,0,0,0.7241514726507714,1
15131,0.5904537259813003,15.583333333333334,0.6906242638690754,0.45454545454545453,42,3.7,0.131,0,0.6019430308637895,0
4423,0.7077580628546454,6.166666666666667,0.8147120378269987,0.8695652173913043,29,3.6,0.046,0.008597369237240566,0.08592425098925947,1
28330,0.7806920303208076,94.83333333333333,0.88133503111146,0.4186046511627907,9,3.8,0.275,0.03175025260297736,0,1
15018,0.8416659326222241,97.33333333333333,0.8812675628537006,0.5641025641025641,18,4,0.104,0,0.8698518395205593,1
17670,0.6741804129250314,6.416666666666667,0.8043309198270212,0.2222222222222222,71,3.9,0.159,0,0.8303904923599321,0
4944,0.7581928867798309,11.25,0.6961156815293923,0.8292682926829268,48,4.3,0,0.07681164468738097,0,1
10748,0.791278227547103,6.583333333333333,0.7484226972866861,0.7111111111111111,34,4.7,0.176,0.005992403316582365,0.18153058850895556,1
13783,0.7907891103925184,109.58333333333333,0.9354238729080102,1,45,4.4,0.275,0,0.6984944676219844,1
14037,0.746608836985542,97.16666666666667,0.8925662836035019,0.4146341463414634,19,3.3,0.176,0,0.4260169551898554,1
18586,0.7942107861310168,94.16666666666667,0.8487683375041842,0.6923076923076923,29,4,0.216,0,0.4508232002582589,1
23329,0.6966154546672807,11.083333333333334,0.7686213149860284,0.6410256410256411,1,4.2,0.002,0.005101383136694904,0.28145226970723136,1
18775,0.7894662877759877,7.916666666666667,0.6125228985409272,0.5609756097560976,47,3.7,0.09,0.01451516934735172,0,1
4436,0.7791436523194779,8.833333333333334,0.6940136841466632,0.6521739130434783,29,4.2,0.123,0,0.45383834967872844,1
27216,0.7137815600627051,89,0.8387989571785966,0.8611111111111112,40,3.8,0.22,0,0.32947530864197533,1
9912,0.7526770538491617,10.833333333333334,0.6488396242918977,0.7083333333333334,58,4.4,0.154,0,0.5005296877364678,1
10993,0.6365029774598532,11.5,0.7019280608521286,0.65,30,4.4,0.062,0.09328988580958181,0.07505117125312713,1
23995,0.8139628322263684,96.41666666666667,0.8552013081426286,1,50,4.4,0.104,0,0.7550480318406302,1
23171,0.7222670184533323,11,0.722268139699646,1,20,4,0.225,0,1.0193996676808874,0
15895,0.7039986455160833,12.25,0.7437441060974508,0.5238095238095238,12,4.4,0,0.04212297811982547,0,1
16596,0.869077086425391,11.333333333333334,0.7394111007842743,0.3,86,4,0.177,0,0.3277898288744276,1
1756,0.7290440005484071,100,0.9015114219820389,0.7352941176470589,35,3.3,0.061,0.0682910529523622,0,1
27466,0.875938056827892,6.5,0.7527269035642832,0.675,1,4.1,0.139,0,1.0272887804700441,1
5075,0.8729198699121099,102.25,0.869145557791409,0.7380952380952381,35,3.5,0.141,0,0.3121182266009852,1
34185,0.635627266347659,16.166666666666668,0.7270473753634283,0.46511627906976744,61,5,0.119,0.008120112427583683,0.13184145092876992,1
8472,0.8973195345308917,6.166666666666667,0.6906615366956866,0.225,61,4.4,0,0,1.2654627006610009,0
24213,0.7914066428615989,6.5,0.7692307692307692,0.6976744186046512,19,4.7,0,0,0.5644901499194648,1
19800,0.7248730896694471,97.25,0.8548752681103091,0.6388888888888888,13,4.2,0.007,0.05816340588332596,0.03348569408318392,1
23621,0.8938351860516621,6.083333333333333,0.7829728833184266,0.6666666666666666,44,3.1,0,0.023255502182404336,0.21146885120975423,1
13541,0.7465621077843174,16.333333333333332,0.6815410911361789,0.7441860465116279,29,3.5,0.088,0.030435793375341375,0.22635796314759427,1
12758,0.7550797194612398,16.75,0.7317581976774414,0.5333333333333333,12,4,0.05,0,0.7060160689790319,1
7833,0.6841530850496585,10.5,0.8115183795708267,0.3111111111111111,51,3.6,0.004,0,0.8022469041235797,0
16946,0.6578354498474663,97.5,0.8944453095298261,0.9285714285714286,22,4.7,0.171,0.0017102834183950484,0.5168771391478815,1
19159,0.6907043737079765,17.833333333333332,0.7133109971929352,0.43902439024390244,25,4.8,0.053,0.07864297867567113,0,1
2402,0.7807384327003212,6.833333333333333,0.8126549817593023,0.926829268292683,33,3.7,0.188,0.0022941793392763504,0.287676935886761,1
31014,0.6544447923760321,17.416666666666668,0.7514263118112816,0.8461538461538461,1,4.2,0.096,0.01355936351144245,0.3610305023537757,1
10985,0.6693991595558537,12.583333333333334,0.7519427708565822,0.7619047619047619,48,3.3,0.105,0,0.4239610360052802,1
2001,0.8680893051300124,6.75,0.7808859339592735,0.9523809523809523,12,4.1,0.051,0,0.4973756560859785,1
1827,0.774596161304955,10.583333333333334,0.6351517216313987,0.5348837209302325,29,4.1,0.108,0.009988897180425936,0.2753900903367096,1
16418,0.8542390206566749,101.75,0.8815106478604972,0.6153846153846154,62,3.9,0,0,0.5948530531445104,1
8194,0.8464814880760982,7.916666666666667,0.514989219641757,0.6521739130434783,32,3.5,0.028,0,0.6516140843351437,0
16607,0.7824646676319961,5.916666666666667,0.7376347040817302,0.8095238095238095,33,3.7,0.052,0,0.9333092463794297,1
11172,0.85509314341197,100.58333333333333,0.8758603333522964,0.5714285714285714,17,3.2,0.152,0.08589514870469021,0,1
8673,0.890732009491316,10.5,0.7716270703184419,0.75,40,4,0.169,0.018027298394280685,0.07033727298933411,1
15160,0.7135218000517692,95.41666666666667,0.8696288959227456,0.2631578947368421,1,3.9,0,0,0.9674142480211082,1
21433,0.6382139931676267,18.416666666666668,0.7391607775324465,0.6153846153846154,1,4,0.081,0,0.5551719311342322,1
1991,0.716079819518789,16.75,0.8223525266531629,0.6756756756756757,34,4,0.035,0,0.8523355097940734,0
16496,0.6661751907707112,17.583333333333332,0.751602697983343,1,31,3.6,0.103,0.010308964176018062,0.044254493649783275,1
2394,0.8014541433173075,5.916666666666667,0.8387954487005691,0.8095238095238095,5,3.4,0.1,0.0011855681195066506,0.2527679130979737,1
8066,0.8332112996420944,96.83333333333333,0.8587276591809266,1,1,3.1,0.124,0,0.4597359122187093,1
8354,0.7594643558332728,9.666666666666666,0.6383417764930511,0.4318181818181818,29,2.6,0.157,0.0013422356828193833,0.44721091692602344,0
12051,0.7888380777694777,6.75,0.7982699427361952,0.28888888888888886,15,3.7,0.158,0.07789880606683053,0,1
20831,0.9115204798245342,98.66666666666667,0.8534001759881951,0.6739130434782609,65,3.7,0.22,0.05827769297628877,0,1
26310,0.6612262411574894,16.166666666666668,0.7580062970246289,0.6511627906976745,21,3.2,0.056,0.0921447578928488,0.017902278644596058,1
6688,0.6974569843048037,15.75,0.6813514301605599,0.39473684210526316,7,3.9,0.158,0,0.41345794392523366,0
21348,0.7140753674055875,11.5,0.7126923536000144,1,54,4,0.218,0,0.43104740490912496,1
8712,0.8819280812211481,11.5,0.7379254881155779,0.7272727272727273,5,3.1,0.173,0,0.6376628594386731,0
23715,0.7921540864541003,10.25,0.7324474362291978,0.40540540540540543,27,4.2,0.105,0.0007717334576990128,0.526797385620915,1
17236,0.5973135030345395,18.083333333333332,0.7258548623458829,0.8297872340425532,29,4.1,0.123,0,0.4482028371674741,1
21069,0.7445780149583254,19.75,0.8048551716481489,0.7608695652173914,23,4.3,0.134,0.005299648180106604,0.29042669324600123,1
12859,0.6693421431397002,10,0.66833752096446,0.5609756097560976,22,3.8,0.142,0.002385084326661306,0.3561068553874869,0
9987,0.7940149645016429,6.166666666666667,0.7537720654285325,0.7906976744186046,1,4.6,0.028,0.009877173789190164,0.3533770590296901,1
16254,0.6604556952974459,6.166666666666667,0.7450275369714432,0.9743589743589743,56,3.7,0.158,0,0.6140027070259628,1
17922,0.6118837823093017,16.833333333333332,0.7071247632128903,0.5714285714285714,34,4.1,0.13,0,0.43471710746568465,0
15914,0.5885904916099015,19.333333333333332,0.7761938795560832,0.975,44,3.8,0,0.009755335136239471,0,1
18982,0.6454353675372095,12.333333333333334,0.7033175891878358,0.4857142857142857,36,5,0,0.05385806853972519,0.13381097882204193,1
26390,0.7779477107053963,101.16666666666667,0.9058069696281857,0.717948717948718,30,4.6,0,0,0.9156293222683264,1
1871,0.6926788840347251,6.416666666666667,0.8383129922339125,0.7209302325581395,76,3.5,0.172,0,1.1590483827853515,0
12258,0.7059673737073138,18.583333333333332,0.7765483855910136,0.6428571428571429,26,4.3,0.105,0,0.6938609014888844,1
27340,0.6775962421130723,17.416666666666668,0.7807902164793243,0.9347826086956522,38,3.9,0.156,0,0.13313825896122897,1
7426,0.4904892470050767,17.666666666666668,0.7791566054581203,0.6326530612244898,5,3.9,0.028,0.055946531660919625,0.0028280923843512222,1
17636,0.4054654899556136,19.166666666666668,0.8157424339094166,0.7368421052631579,28,3.5,0.075,0,0.792208896827422,0
4356,0.6759933563456303,21.083333333333332,0.8557989221584609,0.8809523809523809,27,4.5,0.14,0.013491598098774557,0.22428833792470157,1
16798,0.826189841768117,11.333333333333334,0.7088383842173039,0.6590909090909091,28,4.1,0.061,0,0.8559011757702039,1
22268,0.8025679013223317,9.333333333333334,0.7755391948218476,0.6136363636363636,39,4.1,0.065,0,0.6161756781031076,1
15706,0.7018554800802578,93.5,0.8594962823605095,0.6571428571428571,48,4.6,0,0,1.2616599280506828,1
1981,0.902743962721401,9.583333333333334,0.6475309878345872,0.6111111111111112,27,4.7,0,0,0.624432104997476,1
15944,0.6189604109811879,96.5,0.8759719253514422,0.975,41,3.9,0.096,0,0.4805569493226292,1
5979,0.5952912597111502,6.833333333333333,0.7777943029477,0.7021276595744681,21,4,0.185,0,1.3066822781634189,0
6031,0.9219962475093185,6,0.7278344730240913,0.425,60,3.3,0.06,0,0.6065832020562143,1
13492,0.9029456076600592,11.666666666666666,0.7171572875253809,0.9375,1,4,0.059,0,0.31619908831486493,1
17977,0.9352919815269876,6.583333333333333,0.7408925380954592,0.6923076923076923,55,4.1,0.225,0.11385188332753282,0,1
17826,0.6043397870257687,107.75,0.9083502207929557,0.5121951219512195,35,4.4,0,0.010758534146257527,0,1
14536,0.7337055019484149,6,0.8333333333333334,0.7948717948717948,1,3.4,0.026,0.0011447393686947018,0.5196064942212438,1
14725,0.864106668557838,6.083333333333333,0.7829728833184266,0.9523809523809523,69,4.3,0.209,0.000003991251177419097,0.3123259762308998,1
20362,0.6845531436740797,18,0.7860329628094196,0.6739130434782609,17,4.5,0,0,0.7060701306354975,1
20740,0.8109883373576183,6.666666666666667,0.793844718719117,0.9512195121951219,5,3.9,0.083,0.1588337899749824,0,1
16992,0.6594247173490956,97.83333333333333,0.8808835018302328,0.7209302325581395,56,3.6,0.069,0,0.7626166024188565,1
22294,0.8606025478819255,6.583333333333333,0.8092845674263371,0.7209302325581395,1,4.2,0.027,0.02297775201153106,0.17579114988673827,1
7289,0.7603219406063796,5.5,0.8107576364121698,0.782608695652174,34,4,0,0,0.5551210811552446,1
16792,0.9483811813884705,96.66666666666667,0.8879177726679655,0.8863636363636364,40,3.7,0.136,0.0996454357122839,0.01590090224220588,1
6076,0.715541978941028,6.333333333333333,0.8254408005076106,0.5581395348837209,7,5,0.049,0,0.5783410138248848,1
25896,0.7487718236264156,95.58333333333333,0.8752233376244004,0.6956521739130435,60,4.1,0.125,0.10487446922369915,0,1
23499,0.794542375895278,5.75,0.7148939772042608,0.6388888888888888,48,4.5,0.007,0,0.49206349206349204,1
6811,0.719437963697326,10.083333333333334,0.5802987132034836,0.9230769230769231,42,4.6,0.082,0,0.24225517545147554,1
18278,0.8396058949262165,6.25,0.8138101327497475,0.813953488372093,22,5,0.048,0,0.4278367436262173,1
27872,0.6796988234799967,95.5,0.8629045153333833,0.7380952380952381,22,4.1,0.12,0,0.5745909873708381,1
20371,0.8169106987343784,107.08333333333333,0.9016525899987966,0.5121951219512195,3,3.7,0.044,0,0.4364644952259395,1
10665,0.9591326118367276,5.666666666666667,0.8049044240967412,0.325,58,3.5,0.14,0.021770166851854966,0.2754805438349742,1
11117,0.7594405282478387,9.833333333333334,0.6870138082606884,0.8,64,4.4,0.028,0.09036926181962733,0,1
5802,0.6558448276055873,17.666666666666668,0.7341697584225402,0.7291666666666666,41,4.1,0.06,0,0.6012238214254934,1
11578,0.9275930596374558,100,0.8715476742133487,0.7692307692307693,1,3.8,0.17,0.1029454402767425,0.208335132800691,1
37801,0.8164006513673412,10.25,0.6688550917981089,0.8888888888888888,30,4.4,0.264,0.033836329687187826,0,1
7523,0.714847228043312,17.75,0.7510851428767782,1,13,4.1,0.072,0,0.7162512462612164,1
14891,0.6008569508683226,16.75,0.7295526781109078,0.9545454545454546,1,3.1,0.003,0.11603615362243558,0,1
12133,0.6862648490668883,10.5,0.7182819150904944,0.5555555555555556,29,4.2,0,0.02232981076712391,0.38506552377812575,1
20153,0.764716029320803,10.333333333333334,0.6855872791997109,0.5714285714285714,21,4.2,0.158,0,0.705651764005359,1
14762,0.39224748574782553,16.416666666666668,0.7728178274050737,1,42,3.9,0.185,0,0.5587508044575416,0
37215,0.7757284190329043,97.91666666666667,0.8800664134286487,0.5454545454545454,43,4.2,0.195,0,0.9616283756549778,1
15596,0.8119800050506352,11.75,0.7692036865918727,0.7317073170731707,16,4.4,0,0,0.4259425493716337,1
25016,0.8736177122673767,6.583333333333333,0.7195124075169577,0.6086956521739131,67,3.9,0.17,0.012771003498879151,0,1
13676,0.7107422413142748,10.916666666666666,0.6522735275135764,0.7045454545454546,1,3.9,0,0,0.46265218821980914,1
18527,0.724083243815764,18.166666666666668,0.7459195885481427,0.6666666666666666,1,3.6,0.083,0,1.1118128086794592,1
17102,0.55083091976589,7,0.7391797345213494,1,1,3.2,0.266,0,1.385784872671988,0
15571,0.6987908258450448,11.5,0.6604239271344934,0.7272727272727273,62,3.6,0,0,0.36363636363636365,1
7417,0.567928750345026,5.416666666666667,0.7941678744575439,0.5581395348837209,41,4,0.168,0,0.7223083664801456,0
7975,0.7367721445786617,11.833333333333334,0.7055697892906074,0.8043478260869565,27,4.2,0,0,0.5577429467084639,1
2081,0.6532940614365033,18.75,0.7279433610168375,0.5483870967741935,75,4.5,0.149,0.15276751877250822,0.048053820278712155,1
25858,0.8479229802345993,98.75,0.8626285785177754,0.9777777777777777,23,4.2,0.059,0.01164798756554599,0,1
14429,0.8898892394125614,10.25,0.6524925158835364,0.6585365853658537,42,4.6,0.198,0.031450087304857995,0.17236121699355464,1
16558,0.5618395352268846,18.25,0.7448227943808609,0.42,18,4.5,0.16,0.00997778075912546,0.25734561377019477,0
18763,0.6503477960487175,18.833333333333332,0.7418415549413306,0.5,34,3.8,0.362,0,1.062331778814124,0
16804,0.8085696331570299,10.75,0.6516799699432407,0.5714285714285714,58,3.3,0.011,0.0016260824355218808,0.20923589621518687,1
5629,0.6933874183218278,5.583333333333333,0.80031211701105,0.8947368421052632,1,3,0.079,0,1.0588026292414283,0
19935,0.6931763724749969,18.75,0.8163739710212125,0.8,33,3.9,0.022,0.046051354697087356,0.11687985954351643,1
13961,0.5694513311625653,18.5,0.738428267730487,0.9333333333333333,1,3,0,0,0.9553756894205286,0
14444,0.6792034349620998,8.75,0.6535898384862245,0.575,35,4.3,0.035,0.00007195072814136879,0.5024923843810579,1
15454,0.6435224380937762,19.25,0.8383129922339125,0.6136363636363636,38,4.2,0.15,0.024648965687677975,0.012683210923091857,1
18548,0.5929806198594876,10.25,0.7777943029477,0.7777777777777778,24,3.2,0.192,0.08045220066686015,0,1
4556,0.7547024093744105,98.83333333333333,0.8992561414418627,0.47619047619047616,61,4,0.007,0.0803622909133806,0,1
19575,0.7110824579544794,9.583333333333334,0.6579832967078758,0.3409090909090909,15,4.9,0.095,0.0005450993115706442,0.3899872286079183,1
19506,0.7078557374504206,18.583333333333332,0.7500427352579052,0.7209302325581395,13,4,0.116,0,0.6969316346671451,1
10733,0.658836545885949,17.75,0.7575445758934205,0.7142857142857143,8,3.9,0.444,0.06110935080890434,0.12680518028510201,0
16539,0.6979321509038328,17.833333333333332,0.7589944493789229,0.6304347826086957,1,3.9,0.082,0,0.6035613870665417,1
23809,0.7562961139283496,6.416666666666667,0.7665947953816697,0.35,6,4.6,0.25,0,0.8150030451309407,0
25862,0.7659406266883154,10.083333333333334,0.6674644704342032,0.5777777777777777,9,3.6,0.158,0,0.48836130229680613,1
18907,0.7296813848860038,10.916666666666666,0.6462921270777682,0.43902439024390244,51,3.8,0,0,1.3629175151402957,0
4329,0.535662252291639,17.833333333333332,0.7361571175048018,0.6097560975609756,36,4,0.176,0.006022111603839193,0.4670824670824671,0
22485,0.6897276033471234,97.5,0.9033772118901704,0.4523809523809524,38,4,0,0,0.879341783411163,1
14954,0.6707953727861746,6.583333333333333,0.764203341643074,0.6666666666666666,23,3.2,0.077,0,1.055904774642236,0
6870,0.7807061135044582,93.33333333333333,0.8694839520384171,0.7209302325581395,46,3.9,0.03,0,0.409054516340345,1
10613,0.925833903349156,92.66666666666667,0.868029235051481,0.5813953488372093,52,3.2,0.245,0.001608229037291806,0.1952414605418139,1
15070,0.7355400731204218,10.666666666666666,0.8361236174734138,1,31,4.8,0.121,0,0.18859285311390558,1
15060,0.8470952543945898,6.333333333333333,0.7093326048108615,0.5714285714285714,25,4.1,0.065,0,0.5791692951293204,1
15388,0.5163194550432981,18,0.7536271352657394,0.9772727272727273,49,3.2,0.036,0,0.7408610885458976,1
3157,0.7542509388006651,19.916666666666668,0.7012247592394611,0.9534883720930233,29,3.7,0.05,0.006368488409992133,0.10928096293949953,1
15150,0.7083987225850406,6.833333333333333,0.747705355297839,0.6153846153846154,35,4.2,0.154,0,0.5058252747615433,1
7460,0.7099070464518031,19,0.7069597703773673,0.5897435897435898,17,4.3,0.16,0.09114690296105075,0.11595174262734584,1
9496,0.7414314765779004,6.583333333333333,0.7561853128574908,1,67,4.4,0.246,0,0.24210193765796126,1
16784,0.5869342334643027,19.083333333333332,0.7965327902668691,0.6,29,4.7,0.033,0.007939554906553035,0.5254565495873924,1
10889,0.5382626957226446,16.75,0.7084135669235303,1,12,3.9,0.14,0.12660641666663702,0.01570392138855726,1
3350,0.8659696879734137,6,0.8075499102701248,0.5681818181818182,26,3.8,0.275,0,0.9364179104477612,0
9844,0.6184225158432962,15.916666666666666,0.7092944018449897,0.5853658536585366,43,3.2,0.142,0.031238786419595422,0.3121698496546119,0
14263,0.8031480131059261,98.08333333333333,0.9044076282426753,0.6216216216216216,1,3.9,0.087,0,0.3516791698801094,1
2750,0.8107765395748372,103.08333333333333,0.9035213900662941,0.7027027027027027,24,4.2,0.147,0.061581222667845575,0.006545454545454545,1
3648,0.6442822732518716,17.5,0.7314691013357775,0.7804878048780488,38,4.5,0.228,0,0.8104180945853324,0
19652,0.7236053172018382,17.166666666666668,0.7098727612139042,0.7608695652173914,69,4.8,0.305,0,0.4090677793608793,1
13326,0.8165013336422988,10,0.6535898384862245,0.8444444444444444,54,3.6,0.164,0,0.44229326129371155,1
12385,0.8410011564229353,9.833333333333334,0.6267336348212671,0.4878048780487805,43,3.6,0.257,0,0.5058742783317857,0
9630,0.7870703991529894,11.666666666666666,0.78907395628238,0.6428571428571429,20,4.6,0,0,0.9161993769470405,1
2590,0.5864325039075948,19.75,0.698231104709895,0.6,74,3.6,0.152,0,1.2123552123552124,0
1931,0.6383782182855069,17.083333333333332,0.7896774523189258,0.5116279069767442,34,3.9,0.122,0,0.40093240093240096,0
12877,0.6635365146959737,6.75,0.8075499102701247,0.42857142857142855,65,3.6,0,0.0505713593317517,0.14483749466081622,1
14100,0.8183693050107551,6,0.7642977396044841,1,9,4.7,0.27,0,0.2893010390439377,1
16554,0.9078413259766126,10.583333333333334,0.6762065323629592,1,43,4.2,0.143,0,1.0160389041592413,1
13374,0.7218574020265516,93.25,0.86626488765764,0.851063829787234,4,4.1,0.007,0,0.29310602661881263,1
8204,0.712966308522365,16.5,0.7387370271438876,0.6153846153846154,19,3.9,0.07,0,0.532943255927348,0
7801,0.49574695151156656,10.666666666666666,0.702714100149368,0.9302325581395349,71,3.9,0,0.01012735659996049,0.19383372860714057,1
18130,0.8572074838142097,7.166666666666667,0.8624167492302415,0.32558139534883723,58,3.8,0.26,0.01725448341132888,0,1
1937,0.6466063396173081,6.583333333333333,0.8092845674263371,0.8604651162790697,49,4.8,0.143,0.006678860806399167,0.20598864223025296,1
6019,0.759063875914172,101.41666666666667,0.8628708391425799,0.6590909090909091,12,5,0.097,0,0.48812095032397407,1
23789,0.6625185451227009,16.416666666666668,0.6970006582553627,0.717948717948718,61,4,0.14,0,0.5766651953675095,1
11652,0.6428697582409973,17.75,0.6991273245068148,0.925,7,4.3,0.094,0.00026570453655535046,0.6918422520705488,1
11490,0.7471830250586978,10.583333333333334,0.6739168623488401,0.8913043478260869,21,4.2,0.019,0,1.019191435658645,1
16184,0.8092079807731574,11.333333333333334,0.7248781333254455,0.6511627906976745,21,3.7,0.085,0,0.8702691012450953,0
18239,0.7060431658240504,5.75,0.763186454516403,0.5952380952380952,35,3.7,0.269,0,0.28363078104010747,1
14103,0.9068469391120835,6.75,0.7497143835467495,0.8205128205128205,23,4.4,0.087,0,0.3984967737360845,1
21609,0.42959480860136323,18.083333333333332,0.7584708261497022,0.6744186046511628,58,3.2,0.271,0,1.1803225582525394,0
7011,0.6688140732977148,6.333333333333333,0.8823122117105374,0.7209302325581395,20,4.9,0.147,0,0.5679646270146912,1
2950,0.8395786881268512,9.583333333333334,0.6553405011720623,0.7441860465116279,12,4.1,0.059,0,0.38677966101694916,1
34279,0.7366133257291543,104.91666666666667,0.9123443155717038,0.475,38,4.1,0.078,0.002696649046356258,0.5379465262482314,1
11599,0.7612777812813961,6.416666666666667,0.8043309198270212,0.9210526315789473,44,4.3,0.159,0.0014265121031015078,0.17916109841789887,1
25955,0.9004047985740087,6.166666666666667,0.782101141937877,0.9722222222222222,49,4.5,0.092,0,0.5055770675605387,1
6454,0.7162516971509885,9.75,0.7347671683900359,0.7555555555555555,38,3.8,0.171,0,0.6568528705353684,0
15099,0.8047022485397952,94.75,0.9046109367676769,0.975609756097561,17,5,0.165,0,0.9614544009537055,1
21438,0.6738144752935391,19.666666666666668,0.7704030985738294,0.7333333333333333,52,4,0.089,0,0.7845881145629257,1
29184,0.7717674794218384,10.333333333333334,0.6570920705569467,0.6,84,4.8,0.227,0,1.1722861842105263,1
18362,0.703056998446828,98.5,0.8288353776640877,0.5853658536585366,53,3.8,0.069,0.03899313619578303,0,1
12472,0.8038159273717093,10.5,0.6735402571237599,0.7906976744186046,10,3.1,0.1,0.01588005500910817,0.005933290570878769,1
2138,0.7152005198269904,18.5,0.7059969572598068,0.8809523809523809,54,3.6,0.049,0.003151070003627131,0.6814780168381666,1
8220,0.696974120341852,6.666666666666667,0.760208423834364,0.7021276595744681,54,3.9,0.031,0,0.8749391727493917,1
18188,0.6256368098275359,10.416666666666666,0.7357576869613801,0.6190476190476191,22,3.2,0.13,0,0.8274686606553772,0
12914,0.8037695052313212,6.25,0.7459658815565646,0.972972972972973,5,3.7,0.025,0,0.68076044449607,1
4467,0.6923821914345686,8.666666666666666,0.697153543307238,0.5,20,4.4,0.008,0,0.3761334378148438,1
5923,0.7501893967258692,9.75,0.6726372991075973,0.6097560975609756,23,3,0.019,0,0.808036468006078,0
9782,0.7181189472524169,17.25,0.750516882441056,0.574468085106383,41,3.2,0.049,0,0.5592189337013751,0
17178,0.8474049600499411,5.833333333333333,0.7304576819412398,0.7804878048780488,27,4.1,0.077,0.004177907537342086,0.11439382913695241,1
11184,0.8205846967408137,5.5,0.7594771535395827,0.7837837837837838,25,4.7,0.267,0.013767311000490735,0.21477110157367668,1
2111,0.6753282373608396,97.75,0.8674592886703271,0.8,1,4.1,0.167,0,0.3278843875858801,1
13110,0.83453066862302,6.75,0.8173006347290279,0.7391304347826086,13,3.5,0.149,0,0.561653762538617,1
25184,0.7639719245832693,95.58333333333333,0.8741316044206558,0.6521739130434783,38,4.2,0,0,0.8170663913595934,1
10807,0.8311834836883645,9.25,0.678314034750322,0.40816326530612246,25,3.4,0.053,0,0.49146347105908483,0
8809,0.6728731751243691,17.5,0.7335034556260338,0.5319148936170213,42,3.7,0.017,0,1.2044048362377249,0
16726,0.7590854388217684,9.583333333333334,0.7127800945232392,0.8809523809523809,28,3.4,0.173,0,0.5102236039698673,1
18865,0.8744323108028687,98.75,0.8666052590268375,0.9772727272727273,4,4.8,0.106,0,1.290113967664988,1
10133,0.7956878085194719,11.916666666666666,0.6833009265951258,0.3157894736842105,30,3.8,0.077,0,0.14083395016037503,1
12551,0.9247502732746518,9.333333333333334,0.7022619285619096,0.9767441860465116,5,4,0.027,0,1.0212342137763435,1
20423,0.6868404819373253,95.41666666666667,0.8505886406113232,0.525,12,3.4,0.038,0.0017478496425299588,0.40137103684661524,1
21878,0.6979911270964394,11,0.7197993635014102,0.75,40,3.7,0.09,0,0.9819220660495943,1
11572,0.8530633534974582,102.08333333333333,0.8636490306641821,0.55,36,3.8,0.257,0.004185113709970794,0.38266430454133,1
13041,0.7798368243566536,5.916666666666667,0.7993266641017605,0.5454545454545454,1,4,0.091,0.10478553315879892,0,1
13168,0.5520119903470134,10.333333333333334,0.6855872791997109,0.7659574468085106,49,3.7,0.079,0,0.4962029161603888,1
28447,0.8612276043469335,87.66666666666667,0.8859949479044491,0.5833333333333334,1,3.4,0.143,0.013020730676795907,0.013252715576334938,1
1912,0.7104243537765935,11.416666666666666,0.7151413678673306,0.46511627906976744,21,3.2,0,0.06064055614848793,0,1
16740,0.8201546358166096,7.416666666666667,0.7980651600493098,0.7435897435897436,25,3.2,0.112,0.001531777418815797,0.23309438470728794,1
14493,0.6045314401175736,20.666666666666668,0.8101838339364545,0.7368421052631579,14,4.8,0.285,0,0.21286138135651694,0
18223,0.9148328532826997,5.916666666666667,0.7993266641017605,0.5609756097560976,1,3.8,0.063,0,0.5021675904077265,1
24579,0.8240365101249432,5.916666666666667,0.7200759589527916,0.9761904761904762,38,4.5,0.158,0,0.6317309843969323,1
16883,0.7592856231712719,6.833333333333333,0.8126549817593023,0.8181818181818182,22,4.6,0.155,0,0.33637386720369605,1
9639,0.7050349540426734,6.75,0.8075499102701247,0.9387755102040817,1,3,0.185,0.07837021390315682,0,1
10115,0.8826969723579039,10.166666666666666,0.7193894628094477,0.7619047619047619,31,4.1,0.272,0,0.9798319327731092,0
15132,0.7241019355651193,95.83333333333333,0.8600135032166906,0.918918918918919,46,3.7,0.248,0.004742766558558875,0.2878762845719195,1
6318,0.8041991260548411,93.91666666666667,0.871897915058112,0.725,45,3.8,0.074,0,0.7125672681228237,1
11756,0.8089399979892427,6.083333333333333,0.8294534301645379,0.7297297297297297,57,3.4,0.068,0.007109957201822638,0.23010505720726468,1
13022,0.7126027550862309,17.333333333333332,0.7915434289550115,0.5909090909090909,1,3.8,0.086,0.01201524331552544,0.22124097680847796,1
20689,0.7247831926118864,17,0.7539235216076248,0.9302325581395349,19,4.1,0.147,0,1.0169172023780753,0
5218,0.7165622890424482,18.083333333333332,0.7203330632129261,0.8095238095238095,17,3.7,0.115,0,1.032004599463396,0
13405,0.6625577680775783,18.916666666666668,0.7309166862717982,0.9,31,3.6,0.105,0.0012628336755646818,0.542633345766505,1
19590,0.5187717977386184,16.166666666666668,0.7013866317946342,0.9534883720930233,41,2.7,0.238,0,0.9507133923785701,0
10457,0.8348961064894069,11.416666666666666,0.7129056870175601,0.8260869565217391,1,4.5,0.016,0,0.7064505331611916,1
11130,0.4736531682587777,16.583333333333332,0.7607385757363334,0.42105263157894735,25,4.5,0.054,0.0016665473093161736,0.4582416101352262,0
12870,0.7792026982967206,10.333333333333334,0.6855872791997109,0.38095238095238093,31,3.9,0.129,0.09084626940814668,0.0010101402540891255,1
9697,0.5360404918734645,18.583333333333332,0.7809106098599801,0.7777777777777778,12,3.6,0,0.023245947136078426,0.09085752591141133,1
7463,0.6922827845789972,9.333333333333334,0.6491628088502054,0.9583333333333334,27,3.6,0.182,0.002578424734822839,0.6378132118451025,0
13784,0.7885807671588819,6.166666666666667,0.7051699428476834,1,60,4,0.088,0,0.7334131388979577,1
10147,0.7663725392372527,104.08333333333333,0.8970094932400865,0.35,36,3.9,0.176,0,0.5870700699714201,1
7865,0.7993708583074204,7,0.8155722216091706,0.36585365853658536,53,3.6,0.044,0.004991986547909934,0.3396058486967578,1
19172,0.8841993256381746,95.16666666666667,0.8496826098989743,0.7391304347826086,10,3.8,0.005,0,0.4781973711662842,1
6710,0.7207866424213767,9.5,0.6495616779747688,0.926829268292683,13,3.6,0,0.04470509399663012,0.08688524590163935,1
11079,0.7960293099332076,10.916666666666666,0.7478603883219276,0.6428571428571429,23,3.8,0.207,0.06370918329401261,0,1
6514,0.832004276467113,9.333333333333334,0.5774228726357418,0.5641025641025641,19,4.3,0.173,0,0.5402625316650035,0
30150,0.5885974810481931,19.166666666666668,0.7183628740747541,0.5526315789473685,6,3.1,0.326,0.14271140580502711,0,1
2019,0.7848942535633593,10,0.639444872453601,0.5641025641025641,50,4.6,0.161,0,0.6800396235760278,1
6918,0.6709552175793743,19.583333333333332,0.7494415472337782,0.5365853658536586,45,3.8,0.069,0.0006066707971912433,0.16970222607690083,1
4402,0.8050570803487342,11.416666666666666,0.7196662135814377,0.5555555555555556,52,3.9,0.183,0.057795916294407314,0.061108587005906406,1
8925,0.7489110813553044,98.66666666666667,0.8622507902846276,0.8048780487804879,95,4.5,0,0.012744207743758734,0.3384873949579832,1
18576,0.613130193474936,17.833333333333332,0.7123984569452502,0.7435897435897436,6,3.9,0.215,0,0.4300288013781594,0
11902,0.688817066585987,6.25,0.7821315381550907,0.7727272727272727,11,3.8,0.17,0.008083257296210445,0.3803722219888249,0
2103,0.8700459611791018,10,0.6020887871228893,0.6571428571428571,8,5,0.232,0,0.548264384213029,1
18238,0.8153377352890198,87.41666666666667,0.8652553951139985,0.6046511627906976,1,3.2,0.001,0.06774927964338191,0.12594582739335453,1
6522,0.7940432721703131,6,0.77433226653789,0.6363636363636364,9,4.2,0.15,0.0049615131706882195,0.4678012879484821,1
19943,0.8043967011495661,99.25,0.8736111948274523,0.3611111111111111,5,4.7,0.256,0,0.3668547072834399,1
7065,0.638394267628803,6.583333333333333,0.7484226972866861,0.7380952380952381,37,2.8,0.221,0.031768510793285513,0.2194068936230448,0
17693,0.7645626936793066,6,0.7194581961566089,0.7380952380952381,71,4.6,0.162,0,0.6234280062173237,1
11801,0.8023384044111804,10.25,0.6785789040525074,0.6388888888888888,24,4,0.219,0.014372958424439133,0.18430641471061773,1
5445,0.8529446683325379,95,0.8509494499104601,0.6904761904761905,52,4.2,0.036,0,0.6830746625034438,1
6904,0.8862086166137841,6.583333333333333,0.855119960224562,0.7272727272727273,28,3.6,0.179,0.03710965759658958,0.17584009269988413,1
11489,0.6505297237021903,18.083333333333332,0.710483160377971,0.6097560975609756,14,4.6,0.273,0,0.7371398729219253,0
8762,0.5988390943342767,17.833333333333332,0.7160662143745176,0.673469387755102,7,3.1,0.141,0,0.6404930381191509,0
12182,0.8034166006954713,6.5,0.7372576726677026,0.5,35,3.7,0.115,0,1.0967450642367524,0
8238,0.7776794089425154,8.416666666666666,0.6554512348256373,0.6976744186046512,73,4.7,0.5,0,1.3880424886191198,0
12498,0.6314150840229151,18.833333333333332,0.74736101905097,0.8,3,3.1,0.083,0,0.5316050568090894,0
10464,0.8954409477410745,99.58333333333333,0.867193198970279,0.425,9,4,0.258,0,0.9825114678899083,1
9479,0.7519245539781426,17.5,0.7138099199749197,0.8095238095238095,1,3.6,0.151,0,0.5261381020203618,1
13932,0.6817114493777352,18.833333333333332,0.7364376528878684,0.5128205128205128,24,4,0.043,0.04259818245246968,0.03280335929368697,1
7818,0.722085481434765,94.91666666666667,0.8944288129592409,0.5581395348837209,27,3.5,0,0,0.3247633665899207,1
15532,0.8195515344013631,10.666666666666666,0.7757390610248855,0.45714285714285713,30,3.6,0,0.008414868010677354,0.43271954674220964,1
21357,0.8976946735005943,7.083333333333333,0.8136120056734721,0.6904761904761905,11,4.6,0.029,0.03049607193558905,0.26735964789062133,1
8605,0.7900749258722626,6.333333333333333,0.7093326048108615,0.9767441860465116,61,3.7,0.046,0,0.7565368971528181,1
26123,0.6866649003474228,20.416666666666668,0.7888963176981918,0.7906976744186046,69,3.4,0.097,0,0.8456311608766389,1
8967,0.7791350507882984,7.416666666666667,0.8496731667386557,0.7333333333333333,74,4.1,0.121,0,0.859198126359226,1
21294,0.9409193927051579,99.75,0.8867179009524859,0.2857142857142857,37,4.3,0.152,0,0.886326813346796,1
8751,0.6638083549792575,15.916666666666666,0.7670892521514636,0.4523809523809524,28,3.4,0.272,0.003961462839236773,0.20204559739443462,0
18489,0.7670270836325979,20.833333333333332,0.7491773534945458,0.6052631578947368,1,3.3,0.044,0,0.6121477635350749,0
8080,0.8329420841399429,8.5,0.8109088086079812,0.5263157894736842,30,4.2,0,0,0.9451732673267327,1
27047,0.7867353526864584,97.33333333333333,0.8611851493184162,0.43902439024390244,67,3.8,0.111,0,0.7542195847891594,1
17056,0.8384763049718926,6.416666666666667,0.7418882218915352,0.625,1,3.4,0.153,0,0.35994254052944796,0
2322,0.872983317134919,95.91666666666667,0.8701688923888606,0.8260869565217391,16,3.8,0.122,0.014213845877302908,0.42204995693367786,1
12588,0.6749078129859272,103.16666666666667,0.8689444865114244,0.6666666666666666,8,3,0.262,0,0.5924925521350546,1
16519,0.6409708386380284,6.75,0.8276019747682847,0.6428571428571429,36,5,0.375,0.002337558076417829,0.27702273208826467,1
3835,0.5189022924630955,20.25,0.8118211791740959,0.8048780487804879,1,4.9,0.032,0.026670766750867617,0.3179032468379189,1
9060,0.6606408935363057,5.5,0.8259223440443022,0.9767441860465116,53,4,0.208,0.12129079141686328,0,1
23854,0.8997256824076698,95.16666666666667,0.8653764970859712,0.5681818181818182,48,4.9,0.058,0,0.3965036577441466,1
5482,0.7090053196081392,6.166666666666667,0.7924014662738215,0.8809523809523809,23,4.8,0.066,0.07481700540728811,0.1578035209340509,1
20673,0.799629503453542,8.666666666666666,0.6828380287986414,0.9777777777777777,48,3.5,0.098,0.03496621023655059,0.11164320611425531,1
19669,0.7809491318579213,97.33333333333333,0.8923001014142713,0.6052631578947368,25,4.5,0,0.05737474852886629,0.2519192638161574,1
11481,0.619436813798428,10.833333333333334,0.7621596179424568,0.9743589743589743,24,3.5,0.023,0.10287397059194463,0.03675638010626252,1
12152,0.8029020868611707,97.5,0.9074551953255442,0.4772727272727273,51,4.1,0,0,0.49037195523370636,1
3745,0.7154497801125792,19.333333333333332,0.8429235589802707,0.5416666666666666,27,4.3,0.128,0.047517556010670293,0.14848444385098145,1
27041,0.6800677145645884,16.083333333333332,0.8251343312882258,0.4888888888888889,48,3.9,0.091,0,0.6277990421774745,1
11129,0.8198022853908955,6.083333333333333,0.7728339184688082,0.8536585365853658,24,3.9,0,0,0.7986700813227299,1
1712,0.7950469916062458,6.5,0.7692307692307692,1,10,3.7,0.124,0,0.8814252336448598,1
20572,0.7069229434984547,22.166666666666668,0.8303682079296469,0.7380952380952381,6,3.9,0,0,0.2615268696983691,1
13529,0.8246045765931617,11.666666666666666,0.7259524843821303,0.4418604651162791,1,3.2,0.395,0,0.34932367506837164,0
4419,0.8584083757994321,11.583333333333334,0.7041599252524879,0.575,1,4.3,0.234,0.06339921679934356,0.14212968201878465,1
14004,0.6950060605609745,6.916666666666667,0.7834674607757659,0.9772727272727273,13,3.8,0.162,0,0.885889745786918,1
21627,0.7289970911540268,6.083333333333333,0.7277451107623042,0.7631578947368421,93,4.4,0.074,0,0.776870968487735,1
2542,0.7308234156086317,10,0.6658343724039429,0.3333333333333333,35,4.4,0,0.008793059186081427,0.25536100727916583,0
13989,0.6833932302187362,16.416666666666668,0.7181483794537717,0.6590909090909091,55,3,0.065,0,0.3430552577024805,1
1688,0.8219734507291627,10.333333333333334,0.8132929531808029,0.475,25,3.8,0.133,0,0.18127962085308058,1
19379,0.6522076507640935,6.833333333333333,0.7777943029477,0.96875,31,4.5,0.124,0,0.9575044508088861,1
5788,0.6660304303509629,17.916666666666668,0.8184854297573223,0.7142857142857143,79,3.5,0.057,0,0.7012785072563925,1
13333,0.7955568064983529,7,0.7979694910895578,0.6046511627906976,50,4,0.12,0,0.3078076951923798,1
10919,0.6974249306335097,19.5,0.7347671683900359,0.7105263157894737,52,4.4,0.166,0.07062644525947144,0.07675046938682054,1
11489,0.5728268164627184,18.25,0.730516225028685,0.9767441860465116,35,5,0,0.004347230136896859,0.470362955870833,1
8734,0.7568062097899262,100.75,0.8403596515487163,0.5128205128205128,1,3.3,0.046,0.010310751873559303,0.16876574307304787,1
31607,0.7373830146585327,6.666666666666667,0.7450490243203607,0.9565217391304348,47,3.8,0.148,0.027983794472724265,0,1
19990,0.8385727265553272,5.916666666666667,0.7468704118927968,0.6111111111111112,25,4.2,0.023,0.019631688698066526,0.19154577288644323,1
20151,0.6808953455127241,18,0.7016851167854257,0.9772727272727273,57,4,0.126,0.022673572596923274,0.05255322316510347,1
7175,0.8090341853602085,10,0.6734013676289096,0.782608695652174,40,3.6,0.127,0,0.2805574912891986,1
5635,0.9451388848107086,102.66666666666667,0.8949937556571673,0.5348837209302325,1,3.8,0.067,0,0.7316770186335404,1
12107,0.63284953177113,6.833333333333333,0.8126549817593023,0.3023255813953488,53,4.7,0.1,0,1.1203436028743703,0
10914,0.510678268516302,17.083333333333332,0.739903463672814,1,59,4.2,0,0,0.38436870075132856,1
6930,0.8361136772773607,7.166666666666667,0.8125056337604989,1,94,3.7,0.108,0.00012035432312728673,0.34155844155844156,1
2824,0.8397492545169496,100,0.8896973859481714,0.9302325581395349,13,3.7,0.239,0.05305898189818828,0,1
9515,0.8957993446904506,96.08333333333333,0.8311920582177851,0.4666666666666667,24,4.5,0.116,0,0.9741972778390877,1
8353,0.8934564522738422,6.166666666666667,0.8032402732626887,0.5652173913043478,24,3.4,0.076,0.0005067567567567568,0.32924274169410356,1
25572,0.5058609238891085,20.166666666666668,0.7907605140302122,0.9767441860465116,37,4.1,0.139,0,0.7520334741123104,1
22338,0.9016195264764385,98.16666666666667,0.8615804144374937,0.6428571428571429,33,3.2,0.09,0,0.5897125973677142,1
19266,0.8956064494762357,10.833333333333334,0.7505034655349715,0.3170731707317073,1,3.4,0.062,0,0.4881264436427811,1
11911,0.8163731197301706,95.83333333333333,0.9031536988359941,0.8918918918918919,1,4.5,0.181,0,0.5219764073716469,1
12794,0.7865533380529288,11.333333333333334,0.7799025066603564,0.6410256410256411,3,3.8,0.06,0,0.44489604502110364,1
13526,0.6249431689895494,16.5,0.7982324812582002,1,1,3.6,0.079,0,0.27296587926509186,1
25412,0.606223570140914,19.75,0.7830796804383636,0.6153846153846154,28,4.6,0.09,0.023053415944546022,0.242882159652126,1
14402,0.7075732988179266,102.41666666666667,0.9056318581989953,0.7105263157894737,34,3.5,0.143,0.0001610383754448685,0.7011526176919872,1
14926,0.7819243721864846,6.833333333333333,0.8557053711439118,0.3953488372093023,49,4.7,0,0.03467151793902198,0,1
18805,0.735013173823845,6.5,0.7870096445405621,0.5111111111111111,70,4.4,0.087,0.0004716007899313232,0.6442075035230929,1
18882,0.8635275852230768,6.583333333333333,0.7195124075169577,0.7674418604651163,35,4.3,0,0,1.1938140507904562,1
20045,0.8048551980974419,11.333333333333334,0.6915268093617202,0.5135135135135135,17,4.3,0.053,0,0.7676419965576592,1
17396,0.8199860396985696,6.583333333333333,0.7484226972866862,0.575,12,4,0.146,0,0.4436204765600299,1
17732,0.7901381966398218,6.5,0.7448750161265076,0.4878048780487805,15,3.3,0.248,0,0.31440333859688696,0
11315,0.7683606265480175,19.916666666666668,0.7816637133782469,0.7021276595744681,23,4.9,0.078,0.000022519479349637436,0.475740167918692,1
20870,0.7690630712452028,10,0.7027907583312165,0.975609756097561,55,3.3,0.03,0.030101050165791357,0.15797795879252516,1
19316,0.5749139864234666,9.916666666666666,0.6669256944099762,0.6428571428571429,1,3.3,0.061,0.024312860656396654,0.25093836556133675,0
23860,0.6664810419072296,18.5,0.745984285047357,0.5555555555555556,34,4.6,0.197,0,0.89901297177225,0
16950,0.799100965654014,7.25,0.803922734376644,0.4782608695652174,1,4.4,0,0,0.5788200589970501,1
3230,0.8057445576771268,96.25,0.8915189174342422,0.7857142857142857,17,4.2,0.178,0,0.20962997368013625,1
19526,0.6609672126614965,97.5,0.8862894470457259,0.7727272727272727,18,4,0.111,0,0.6366895421489296,1
7872,0.6940233041608529,97.25,0.8768121533605683,0.6585365853658537,62,4.2,0.177,0,0.24364837398373984,1
13781,0.5776142207948742,17.583333333333332,0.7180592660144862,0.9230769230769231,1,3.9,0,0,0.9385385675930629,0
7224,0.6501809353873848,6.25,0.7725503718769069,0.7608695652173914,32,3.8,0.231,0.0012159371044040243,0.42455703211517165,0
26673,0.714911265516226,11.583333333333334,0.8054891246820752,0.9473684210526315,51,3.1,0.206,0,1.0302371356265816,1
19898,0.6943529184759665,6.5,0.729855031978135,0.8461538461538461,20,4.4,0.1,0.03890746123210568,0.2972660568901397,1
21086,0.848337291518257,96.08333333333333,0.8647369230118058,0.5,29,4.2,0.111,0.09332416852785429,0,1
12517,0.910126244350965,11.083333333333334,0.6952335609096054,0.35,48,4.5,0.035,0,0.5798745655734431,1
19909,0.5760847758585789,15.833333333333334,0.6802008940849829,0.6410256410256411,13,4.5,0,0,0.5526282743551749,1
3554,0.7003439555084487,17.916666666666668,0.7104674512095643,0.6410256410256411,47,3.7,0.15,0,0.3202476431687069,0
10571,0.865557690593318,10.833333333333334,0.7184153043427212,0.5641025641025641,14,4.3,0,0.022351828938361285,0.21795478195061962,1
5728,0.6754048941329769,18.333333333333332,0.7119458269499117,0.9333333333333333,30,3.6,0.158,0.0018380449414932174,0.22817737430167598,1
18393,0.6747301398038057,18.166666666666668,0.7644862815964507,0.6,6,4.6,0.118,0.021376496585182026,0.16370358288479311,1
18482,0.6623745247432661,18.166666666666668,0.7509381291651701,0.9523809523809523,1,3.3,0.206,0,0.5522820117414712,0
21132,0.8788827242986941,8.5,0.7527545056290492,0.6976744186046512,54,3.3,0.196,0.1026854113315195,0,1
15636,0.5642587352953652,20.083333333333332,0.7705052811780111,0.65,1,4.4,0,0,0.6440472002814109,1
17613,0.7626910798500609,7.75,0.6422407578577607,0.9302325581395349,20,4.3,0.095,0.008509536308681799,0.28206438426162495,1
19664,0.764713925906488,10,0.6258342613226059,0.4878048780487805,61,4.1,0.057,0,0.4464108627660386,0
15689,0.583738712243346,17.083333333333332,0.6963439122441772,0.35714285714285715,40,4.2,0.302,0,0.45872904582828733,0
2127,0.9023228822343528,94.75,0.8818346438095538,0.5833333333333334,42,4.8,0.124,0,0.7080394922425952,1
27636,0.7672433264291147,20.166666666666668,0.838261274456356,1,22,3.8,0.117,0.020336380003929705,0.2626284556375742,1
4606,0.8137315894637005,96.5,0.8592745096543338,0.6744186046511628,1,3.5,0.203,0.0038319288229466766,0.2920104211897525,1
17301,0.8247858624609781,6.583333333333333,0.7811187789140432,0.725,82,3.8,0.223,0.08569014965969157,0.10369642495881622,1
13941,0.7969108646441434,10.666666666666666,0.7178832799176909,0.7317073170731707,1,4.6,0.22,0.0062010058781702395,0.2319058891040815,1
14839,0.7344595878980786,9.666666666666666,0.6774433287263844,0.6052631578947368,20,3.1,0.16,0,0.5570643933012097,0
21329,0.6715989312231743,19.333333333333332,0.7884854457519777,0.9285714285714286,9,3.8,0.092,0,0.4115054620469783,1
10521,0.8268416847404383,93.83333333333333,0.8568974378006436,0.27906976744186046,29,4.4,0,0,0.8071476095428192,1
18157,0.7749634115184918,95.91666666666667,0.8897090617515933,0.8409090909090909,54,3.2,0.232,0,0.3909343761187454,1
21102,0.6990282631939884,11.25,0.7508863448770335,1,2,2.9,0.095,0,0.616828187569604,1
2066,0.8446352188496957,99.08333333333333,0.847358245070546,0.5526315789473685,73,4.5,0.008,0.14474426294498777,0.00532558702493343,1
9744,0.8650201132722216,6.416666666666667,0.8043309198270212,0.4523809523809524,37,4.3,0.091,0,0.552470878021245,1
10157,0.7930569205218896,8.5,0.593876172995922,0.9743589743589743,24,3.6,0.243,0,0.45210199862164024,0
10897,0.6514120716717644,18.166666666666668,0.69948001185029,0.6153846153846154,21,3.5,0.034,0,0.36331100302835645,0
20708,0.7060562891615119,19.25,0.7637220078096071,0.8,3,3.5,0.098,0.0018852082117130616,0.36788603163105155,1
21122,0.6085207479677114,18.333333333333332,0.7438363126617205,0.6,1,3.5,0.103,0.015694557944128995,0.45564945671472196,1
19427,0.5776316430290542,16.5,0.6558237366181652,0.6190476190476191,75,3.4,0,0,0.37716521246750573,1
9127,0.8255362390326532,11,0.6872762509007531,0.5454545454545454,34,4.7,0.204,0,0.9995069303676108,1
13920,0.750321855435147,93.75,0.8887964828693704,0.3488372093023256,40,4.4,0,0,0.47128129602356406,1
6089,0.6112544028267014,18.916666666666668,0.7794275283326864,0.8604651162790697,11,4,0.001,0.009279394586151948,0.3202496304811956,1
3866,0.5381796923268465,17.583333333333332,0.7267987290742685,0.3684210526315789,34,3.8,0.097,0.011774188892376304,0.26568361143448455,0
9461,0.9399490030661641,101.58333333333333,0.8665004245289076,0.9090909090909091,49,4.1,0.052,0,0.4491305956344802,1
12755,0.8497865329425391,12.333333333333334,0.7821011419378769,0.7619047619047619,68,3.8,0.107,0,0.5329674637397099,1
19853,0.8240341078218468,99.75,0.8585124794358652,0.6829268292682927,47,4.2,0.057,0.00022230653014775008,0.28621080468454857,1
4391,0.6208643131852838,17.916666666666668,0.6781946545382344,1,17,4.9,0.186,0,0.40992940104759734,1
22143,0.5717550322503836,16.833333333333332,0.7714178934531644,0.7105263157894737,35,3.9,0.008,0.01577530785190146,0.6021315991509733,1
16899,0.8884436310414738,98.75,0.86769880880553,0.8292682926829268,19,4.3,0.253,0,0.4701008965292777,1
11969,0.729045938498035,93.41666666666667,0.9233710027386111,0.8857142857142857,22,3.8,0.053,0.03164669133495611,0.21740401888290095,1
32121,0.69604976905786,10.083333333333334,0.7240362337675372,0.6756756756756757,60,3.7,0.194,0.08413591893515815,0,1
24081,0.6239607926815298,17.666666666666668,0.7311734556834905,0.9555555555555556,49,3.5,0.127,0.0031167251496175114,0.49665711556829034,1
22342,0.9177964427090028,6,0.7454124613913422,0.625,40,3.3,0.073,0,1.0955151732163637,1
10729,0.6977625300064204,10.25,0.7180138992516321,0.5909090909090909,25,4,0.165,0.03667527294023201,0.19768850778264516,1
18939,0.7381557253540475,6.333333333333333,0.7394869753523245,0.5777777777777777,45,3.9,0.193,0.06925935598088022,0,1
22015,0.7706255202735808,6.666666666666667,0.7681595376126074,0.7333333333333333,18,3.4,0.246,0.0693318688906072,0,1
11592,0.8208570017589171,6.333333333333333,0.7829944407569652,0.9782608695652174,50,3.2,0.228,0,1.3261441573566837,0
18508,0.7834679644619524,6,0.7278344730240913,0.4634146341463415,1,3.4,0.151,0.000004479323442987171,0.12740436567970606,0
8219,0.8504803388414142,12.5,0.7656213889167074,0.34146341463414637,64,3.5,0.227,0,0.4077386384376711,1
18907,0.7573838109988607,96.08333333333333,0.8774829422224467,0.6521739130434783,62,3.4,0,0.0810256117953498,0.0313640450626752,1
7549,0.8136024443536436,95.41666666666667,0.8864393709261068,0.9166666666666666,47,3.8,0.206,0,0.444326687421342,1
1838,0.6235372173859992,17.083333333333332,0.7534292301248758,0.6904761904761905,39,4.2,0.057,0.002033760423022168,0.7083786724700761,0
12852,0.7461635723907659,10.333333333333334,0.7618576925768806,0.7142857142857143,1,4.2,0.127,0,0.7776999688764394,1
1782,0.695494321945803,11.583333333333334,0.8153165805324686,0.7948717948717948,15,4.6,0.071,0,0.7398259893348302,1
21442,0.7783211185918081,11.833333333333334,0.7639006392360534,0.5227272727272727,36,4.8,0.201,0,0.7776326835183285,1
24218,0.844389876799114,6.75,0.772691942721951,0.8095238095238095,49,3.5,0.163,0,0.4492939136179701,1
2182,0.6155579382845289,17.583333333333332,0.7803993774748228,0.7755102040816326,9,3.4,0,0,1.2065092826037132,0
19943,0.6799591966761018,9.583333333333334,0.5837878976078498,1,32,4.8,0.06,0,0.9488542345685202,1
24953,0.7870405774897938,6.5,0.8279947709615546,0.631578947368421,74,3.5,0.236,0,1.2846150763435258,0
2413,0.705721483458575,19.5,0.7457354738351536,0.47368421052631576,12,3.3,0.143,0.004796487806479212,0.25409326424870465,0
23359,0.7188235190777695,10.416666666666666,0.6781056073803087,0.9512195121951219,24,4.2,0.034,0,1.0641294575966438,1
24166,0.7691891061466613,8.916666666666666,0.646956509018241,0.8157894736842105,29,3.4,0.051,0,0.20090209385086485,1
14430,0.900359121429279,101.08333333333333,0.8581572764279805,0.7142857142857143,53,3.8,0,0,0.5853083853083854,1
24277,0.626142033992639,18.916666666666668,0.7165856368904524,0.4888888888888889,46,4.5,0.113,0.03801271727024442,0.11813894095112558,1
5132,0.720354384113805,6.416666666666667,0.7942470192499369,0.9565217391304348,47,4.4,0.02,0,0.7033031277404268,1
25369,0.7698136059423546,9.5,0.636626049522667,0.8947368421052632,22,4.3,0.127,0.07910640280468191,0,1
5125,0.6997434904726261,18,0.7709385763545744,0.4523809523809524,54,4,0.224,0.024774606732431887,0.3260487804878049,1
12851,0.8506353856005374,6.083333333333333,0.7936093263928854,1,41,4.2,0.017,0,0.5376235312427049,1
10436,0.9060710884440769,7.166666666666667,0.7959310607583228,0.7105263157894737,14,4.9,0.065,0,0.375047911077041,1
27494,0.6478794646469808,18.833333333333332,0.7400277730695861,0.48717948717948717,31,4.6,0.04,0.009112921711857049,0.2155743071215538,1
2162,0.6234919261463545,19.833333333333332,0.7201541881454334,0.6666666666666666,23,3.6,0.229,0,0.7013647929678464,0
6148,0.6705808466742955,94,0.8664904212977539,0.8604651162790697,38,3.6,0.099,0,0.7918022121014964,1
10958,0.8770678341761501,101.16666666666667,0.8706256195238031,0.4878048780487805,40,3.5,0.078,0,0.6384376711078664,1
10592,0.7729782759607964,10,0.7113248654051871,0.32558139534883723,36,4.7,0.023,0,0.14001793891327952,1
12636,0.9438432177146332,6.333333333333333,0.8139192681088033,0.9387755102040817,44,4.8,0,0,0.43528154801946894,1
23522,0.6708673983296431,17.416666666666668,0.7003164753150316,0.6578947368421053,37,4.5,0.216,0,0.7885809029844401,1
5907,0.708603955284197,93.91666666666667,0.8572476093215914,0.8571428571428571,1,3.8,0.175,0.00011689633358087852,0.5050368238381444,1
21083,0.36118546600864143,7.25,0.8299005909546122,0.4634146341463415,29,3.7,0.119,0.005859279670229711,0.6924226254002135,0
8961,0.5968052869011817,17.666666666666668,0.715726053333597,0.8823529411764706,65,4.2,0.139,0,0.7330655060819105,1
15336,0.9456364953082369,93.5,0.8900162363572025,0.7906976744186046,21,4.7,0.231,0,0.489697443922796,1
22326,0.6091346046126096,17.333333333333332,0.7811575639088261,0.6097560975609756,15,4.2,0.147,0.019102066424293688,0.34582997402132043,1
12009,0.5619707200761141,18.083333333333332,0.7876680915482346,1,51,4.6,0.071,0.040053554866720825,0,1
16375,0.7665171603917291,98.33333333333333,0.8437549196407931,0.9302325581395349,1,3.6,0.012,0,0.6124580152671756,1
2063,0.7361521654015963,11.25,0.7330248697638504,0.3,69,4,0.093,0,0.6041212121212122,0
10541,0.9288687428165103,99.75,0.87167365039143,0.7073170731707317,54,3.5,0.144,0,0.5422892652151227,1
26771,0.8090466981986745,97.33333333333333,0.8705633480207927,0.7209302325581395,45,3.1,0,0.006427424899874208,0.22009301283128818,1
15375,0.7062381565992412,16.166666666666668,0.7593274736097164,0.5641025641025641,50,4.5,0.014,0.1396964118969037,0,1
14056,0.8115425435041357,11,0.7247590587184098,0.7948717948717948,37,4.1,0.143,0,0.5489470688673876,1
1946,0.8036196996257329,11.166666666666666,0.7219711043254156,0.7272727272727273,19,3.9,0.158,0,0.7538540596094553,0
3714,0.7621998825017096,102,0.8866526457776168,0.8478260869565217,47,4.3,0.178,0,0.9197630586968228,1
11892,0.759500039134692,96.5,0.8610020533109168,0.9512195121951219,1,4.2,0.279,0.009914771110658237,0.070218223100534,1
12069,0.7796567670406018,92.41666666666667,0.8732363051926669,0.8181818181818182,28,4.2,0.056,0.0209857630076897,0.1904880271770652,1
17300,0.7527088634668391,5.583333333333333,0.7524906872869105,1,1,4.8,0.182,0.016073398780787434,0.1015606936416185,1
20404,0.8585098644449437,9.583333333333334,0.5970805969320663,0.75,1,4.2,0.052,0,0.8067733477099517,1
11055,0.8242337321557421,9.416666666666666,0.6859965486865456,0.5238095238095238,24,3.6,0.159,0.05556193688755399,0.04079786512280067,1
23527,0.8201894033876691,6.833333333333333,0.7944841518737473,0.6388888888888888,1,4.4,0.118,0,0.5250988226293195,1
9109,0.8305005905952421,6,0.736476861652635,0.7391304347826086,18,4.3,0.185,0.04586345404292253,0.007794488966955758,1
2595,0.6151555993191172,11,0.6233393062225439,0.975,60,3.7,0.173,0.0775461385418153,0,1
32402,0.8464795645886538,6.25,0.7725503718769069,0.8,29,3.9,0.189,0,0.5452441207332881,1
17621,0.729044914417747,12.333333333333334,0.789779065052648,0.9767441860465116,46,4.1,0.144,0.03826158122004926,0.009988365823898301,1
1917,0.7047875662081851,97.41666666666667,0.8561983452583908,0.9215686274509803,42,3.8,0.117,0.08689632468697361,0,1
15699,0.7819160319211496,11.25,0.626164359083095,0.9047619047619048,44,4.3,0.133,0.0009989645545162025,0.28944518759156634,1
16458,0.5771135299999159,17.916666666666668,0.7417452593134559,0.6551724137931034,60,3.8,0.059,0.0469077506389603,0,1
17125,0.8500136910842294,10.916666666666666,0.7317361314380828,0.4186046511627907,56,4.3,0.065,0,0.7302189781021898,1
10866,0.6904314443672083,6.416666666666667,0.7341624741498868,0.34146341463414637,10,3.9,0.216,0,0.31004969630038653,0
10793,0.7088246040318837,21,0.7556380266930055,0.21052631578947367,48,3.9,0.087,0,0.37034977993977297,1
16342,0.7184577879845071,9.416666666666666,0.649240333051214,1,58,3.8,0.087,0,0.7158461585533764,1
14156,0.5047113022111916,6.333333333333333,0.7316305519161692,0.8695652173913043,38,3.8,0.163,0.0005188697208576107,0.7569228595648488,0
13530,0.6740277331021318,17,0.7230500609445973,0.775,77,4.5,0.144,0,0.8260467866513914,1
19067,0.7774002014795622,9.5,0.6713158948211368,0.45454545454545453,40,4.4,0.173,0,0.859937586867018,0
13975,0.7796487767017872,10,0.6560038759908284,0.5434782608695652,1,4.2,0.107,0.050945050449415365,0.18075780886614906,1
16809,0.7739450099353627,9.833333333333334,0.7314749234278838,0.6818181818181818,26,3.5,0.079,0,0.677732167291332,1
18396,0.8492752179748586,6.583333333333333,0.8092845674263371,0.5227272727272727,53,3,0.253,0,0.8948684496629702,0
11620,0.9461020876099668,6.583333333333333,0.7408925380954592,0.6052631578947368,6,4.4,0.123,0,0.77696974912862,1
8197,0.8227847179172356,99.91666666666667,0.866505951636997,0.775,20,3.9,0.108,0.029749095829438726,0.4523606197389289,1
11485,0.810036229594649,6.083333333333333,0.7936093263928854,0.6666666666666666,33,3.6,0.037,0,0.3751142844703731,1
21370,0.7023061846477987,17.416666666666668,0.8437082969276453,0.825,13,3.4,0.025,0.00005271620232478452,0.8469547719881139,1
9989,0.5876462209690707,10.833333333333334,0.7505034655349715,0.9782608695652174,10,4.2,0.311,0.06688056470828282,0.10371408549404344,1
16462,0.8280606635829795,105.25,0.8815125964282654,0.975,11,4.1,0.067,0.028264120874745627,0.08559365792910731,1
10726,0.6022057125848106,91.58333333333333,0.8544955875157693,0.4,77,4.2,0.071,0,0.8219280253589409,1
17896,0.7116521586219411,17.75,0.7756772335136095,0.6216216216216216,17,3.6,0.119,0,0.6546338464977229,0
16191,0.6029163582192854,15.583333333333334,0.7946217714473635,0.6486486486486487,5,3.8,0.054,0.005175522876741318,0.16737693780495336,1
4926,0.8733150834439856,6.25,0.8256440422583731,0.7837837837837838,66,3.8,0.057,0.007598205309898544,0.13134388956557044,1
24712,0.8359357324890221,6.5,0.7087739309846013,0.4473684210526316,41,3.8,0.2,0,1.3198446099061185,0
27321,0.6465757507955487,16.833333333333332,0.762582597855806,0.7317073170731707,62,4.5,0.034,0,0.7724236379275635,1
16805,0.6727187135558876,16.666666666666668,0.7235945007782949,0.7674418604651163,56,4.1,0.111,0.0332643800027498,0.2769413864921154,1
18175,0.6508281147607514,100.66666666666667,0.9175503337881541,0.7631578947368421,7,4.1,0.017,0,0.5199042614652397,1
24609,0.8349344213322347,11.833333333333334,0.7243607635101279,0.6190476190476191,22,3.6,0.1,0.010680370605157856,0.3676703645007924,1
19665,0.7467019712823082,99.83333333333333,0.8919749047156141,0.36363636363636365,34,3.7,0.263,0.00013869329577945633,0.15149126598693077,1
14797,0.6150408479190514,10.916666666666666,0.7396733907636651,0.6818181818181818,11,3.5,0.086,0.006986529639441844,0.3230384537406231,0
17747,0.633540930768064,19.333333333333332,0.772244054937536,0.9024390243902439,20,4.3,0.053,0.046767613111800645,0.0049023751162201,1
7557,0.5782682030991735,9,0.6515761532920967,0.5384615384615384,31,4.1,0.171,0.06359112887242306,0,1
7847,0.7912694787471372,5.916666666666667,0.7564561061156256,0.6842105263157895,62,4.2,0.104,0.0006606917155004021,0.2255782833110304,1
1985,0.7220597700468063,17.166666666666668,0.6919100649976226,0.42105263157894735,4,4,0.098,0,0.2700251889168766,0
6898,0.8612164351874376,6,0.7278344730240913,0.55,77,3.7,0.222,0.058473739287122434,0,1
12586,0.6371078058117868,97.75,0.8903631342861803,1,23,4.2,0.223,0,0.8727503873505225,1
14531,0.7680893456778191,98.33333333333333,0.8482885152501678,0.8043478260869565,5,3.6,0.264,0,0.6574908815635537,1
10821,0.7829656754413022,7.166666666666667,0.788129451647807,0.9210526315789473,26,3.3,0.026,0.0769283740382269,0,1
20722,0.537133626537088,17.916666666666668,0.6964603981579585,0.5714285714285714,1,4,0,0.05711432501603137,0,1
11944,0.7564547619280699,6.666666666666667,0.7681595376126074,1,45,3.2,0,0,0.5618720696584059,1
20875,0.7616994044753739,6.583333333333333,0.7811187789140432,0.6666666666666666,62,4.4,0.061,0.006174148317271381,0.16302186878727634,1
36256,0.7722332587940955,6.083333333333333,0.7538054691012133,0.725,48,4.9,0.378,0,0.4982347749338041,1
12102,0.7660677531099477,92.16666666666667,0.835165069935306,0.6341463414634146,33,3.9,0.145,0,1.098872040656117,1
23933,0.7433660495019302,8.5,0.6981410917972422,0.75,7,4,0.046,0,0.7286326125561475,1
15953,0.9315112550136878,99.41666666666667,0.8627897874731242,0.6,23,4.8,0.102,0,0.7453770450698928,1
20711,0.6940355441034245,97.91666666666667,0.871935394303376,0.5476190476190477,49,4.6,0.087,0,0.20931411602810168,1
11307,0.6593626173437996,18.5,0.724819381093671,0.9714285714285714,26,3.7,0.161,0.003986843437757897,0.5399310161846643,1
4331,0.7722632847565483,104,0.8826292729256375,0.9069767441860465,56,3.7,0.121,0.028696538214731743,0.378665435234357,1
14345,0.8699552996455465,6.166666666666667,0.736573125815974,0.575,40,3.4,0.094,0,0.9901707912164517,0
17661,0.7948350575032088,10.25,0.6261046410547344,0.7560975609756098,48,3.7,0.042,0,0.635807711907593,1
6396,0.7313256786900131,6.666666666666667,0.812917130661303,1,77,4.6,0,0.0004955232041555601,0.3707004377736085,1
11298,0.8081014868540972,94.41666666666667,0.8401642556964837,0.9777777777777777,8,3.8,0.171,0,0.7063509626023456,1
13999,0.7811360362579935,6.083333333333333,0.7448227943808609,1,1,5,0.219,0,0.4956245311997714,1
3964,0.7410849694990159,10.083333333333334,0.6625709807835769,0.5714285714285714,98,3.6,0,0,0.5172196291156805,1
6376,0.9160813478007261,10.916666666666666,0.6951339611035747,1,59,4.2,0.043,0.011019500264035045,0.3828419071518193,1
17152,0.51390398283283,19.666666666666668,0.7790100879592322,0.7073170731707317,11,4.4,0.214,0,0.5611590485074627,0
24394,0.7040902626105234,6.166666666666667,0.7537720654285325,0.6046511627906976,60,4.1,0.204,0,0.6859204296226453,1
24756,0.7607801139022937,8.833333333333334,0.6609018725356335,0.6086956521739131,56,4.5,0.333,0,0.5776377443851995,0
16009,0.8494425897634589,96.41666666666667,0.8613363984743172,0.96,1,3.7,0,0,0.8400537214604741,1
2202,0.7599611814378053,19.833333333333332,0.7341295458898088,0.5714285714285714,10,4.7,0.199,0,0.6895298660004542,0
1635,0.48039296584091307,11.416666666666666,0.7840846794489191,0.9772727272727273,90,5,0.094,0,0.7180428134556575,1
11308,0.7625653875169262,6.583333333333333,0.7994559554714575,0.7916666666666666,1,2.7,0.224,0.09238608196426729,0.2265652635302441,1
20127,0.7836583739059024,9.5,0.6575575211238047,0.7804878048780488,1,3.9,0.212,0.0014693534844668346,0.5030555969593083,1
31269,0.7743449025989543,99.16666666666667,0.8830633695005112,0.5945945945945946,89,4.7,0.012,0,0.5219546515718443,1
16678,0.7913998083735402,11,0.6479106048902348,0.6666666666666666,24,4,0.171,0,0.661130265327537,1
15400,0.7939572364035511,22.083333333333332,0.8739939029655547,0.6486486486486487,38,4.6,0.187,0,0.7637260950030845,1
20214,0.844097760561927,98.16666666666667,0.8709565727289653,0.673469387755102,7,4.7,0.244,0.000013770121590173643,0.06178885920649055,1
12864,0.6414018033802134,20.916666666666668,0.762990060275126,0.6808510638297872,32,3.4,0,0,0.29991837369300733,1
17882,0.8539911188342968,10.75,0.6621897896201407,0.41025641025641024,1,4.4,0.175,0,0.5351340771188099,0
7869,0.7769036420354285,96.41666666666667,0.8660049656797787,0.7291666666666666,36,3.7,0.037,0.0038426445816956765,0.8282391815466734,1
9155,0.6883636650952201,6.166666666666667,0.7204302585732811,0.9512195121951219,41,3.8,0.193,0.0002527947868097298,0.4736468403517396,1
16443,0.7305298402543798,102.16666666666667,0.8626876964990606,0.8604651162790697,1,4.1,0.213,0.04640937082590397,0.27786900200693304,1
11100,0.7327430196619564,9.75,0.5646056195914521,0.673469387755102,24,2.7,0.19,0,0.3434234234234234,0
15215,0.8222827197240696,5.75,0.7331601066735947,0.75,24,3.7,0.02,0,0.23798882681564246,1
12875,0.7779136819736742,91.58333333333333,0.9022907243696356,0.3684210526315789,54,4.2,0.059,0,0.3283883495145631,1
23125,0.7656564009694828,11.75,0.7564782310157532,1,1,3.5,0.1,0.014531628503753858,0.18577698977275184,1
20476,0.7408738027455006,7,0.7667152625920783,1,43,4,0,0,0.44246923227192814,1
33902,0.9416228920704073,6.666666666666667,0.83416876048223,0.9512195121951219,31,3.3,0.14,0,0.4469647808388886,1
16214,0.7999299046369859,98.33333333333333,0.8477215088459918,0.6818181818181818,25,4.8,0.076,0.04680741855266183,0.14512597526752397,1
4734,0.9056900859801482,7.333333333333333,0.81258610792647,0.8333333333333334,1,3.8,0.263,0,0.6337135614702155,0
26337,0.7288609111116253,7.166666666666667,0.8306951188539414,1,5,4.5,0.222,0.015711060003053185,0,1
17189,0.8461976996555717,5.75,0.896501037267495,0.8372093023255814,11,3.7,0.266,0,0.5628181633068622,1
2858,0.5243378936588632,14.083333333333334,0.6858328058589755,0.6046511627906976,37,4.1,0.344,0,0.6578026592022393,0
18243,0.8861181523836116,6.166666666666667,0.7722662223465849,0.675,58,5,0.179,0,0.48030697546937096,1
20391,0.8686491774320205,6.166666666666667,0.7628388003407535,0.575,22,3.9,0.043,0.0013261001145207145,0.12956696581825314,1
8450,0.762318560404434,5.583333333333333,0.80031211701105,0.5161290322580645,33,3.3,0.189,0,0.6432333274158234,0
1855,0.7857810079060192,6.583333333333333,0.7811187789140432,0.8809523809523809,26,4.4,0.223,0.011368688860640958,0,1
28690,0.5993710974027435,18.083333333333332,0.7817496730651683,0.6904761904761905,1,4.3,0,0.12269970810490992,0.004600906239107703,1
6230,0.682456139780856,107.5,0.9240943152564736,0.75,27,3.8,0.13,0.00005925293894577171,0.16211878009630817,1
26517,0.7405734402316466,11.5,0.6956521739130435,0.27906976744186046,8,3.9,0.184,0,0.46588980653920126,0
12659,0.8550910615202263,6.583333333333333,0.8306444536675993,0.9473684210526315,58,4.2,0.151,0,0.6180037129201722,1
6805,0.9015575244468267,9.916666666666666,0.6376796447510907,0.9512195121951219,43,3.8,0.15,0,0.8592842971562936,1
18577,0.8151544639246744,6.916666666666667,0.8184756726106102,0.6216216216216216,38,4.3,0.062,0,0.9860580287452226,1
3856,0.4389971419948764,20.583333333333332,0.7924928416398461,0.5675675675675675,56,3.9,0.301,0.08007557287491396,0,0
10108,0.7432354565632073,6.166666666666667,0.782101141937877,0.7380952380952381,16,3.7,0.109,0.0008795538902668567,0.5484764542936288,1
14856,0.9015736954659305,12.583333333333334,0.8014349092640404,0.8888888888888888,10,4.2,0.085,0,0.36309784254989735,1
23315,0.7070372867028066,17,0.7118247361431556,0.9069767441860465,55,3.1,0.22,0.05377891985225356,0.1764958181428265,1
7660,0.740988153147033,12.166666666666666,0.7855825227054996,0.5945945945945946,21,3.7,0.172,0.12269283522470283,0,1
15554,0.7207877628050965,96.5,0.8463255176991936,1,2,3.9,0.151,0,0.753053876816253,1
11526,0.4616678420038377,18,0.7158146434588369,0.5128205128205128,30,3.7,0.174,0.0034172864311738118,0.27919486378622244,0
21700,0.7488525270655477,6.583333333333333,0.7725037879036528,0.8095238095238095,80,4.3,0.154,0.0011769378873552076,0.6205212101661328,1
19898,0.7994192259388458,6.75,0.7355026507947092,0.7073170731707317,49,3.9,0.135,0.001054478954664779,0.8537541461453413,1
22536,0.6819244256389922,17.5,0.7756339240116239,0.5,14,3.8,0.204,0,0.5877837190211,0
2773,0.9249289635272195,6.666666666666667,0.7450490243203607,0.8181818181818182,60,4.6,0.126,0,0.7228133453561767,1
1903,0.7382172977989226,9.083333333333334,0.6593129426123461,1,32,3.1,0.216,0.123615265870807,0.009458749343142408,1
30266,0.6036964184967819,20.916666666666668,0.8216936733019901,0.5476190476190477,1,4.1,0.114,0.1576305589621163,0,1
7329,0.6912882969785102,97.08333333333333,0.8731848619344986,0.5813953488372093,51,4.4,0.147,0,0.8241795729003206,1
17506,0.6131485528198197,18.666666666666668,0.7484106642213326,0.44680851063829785,67,3.5,0.211,0,0.5075973951787959,0
25563,0.6613573524643949,97.08333333333333,0.8911156176149835,0.7222222222222222,1,4.4,0.236,0,0.5219653405312366,1
4353,0.7318301370451676,19.083333333333332,0.8045638078550197,0.8809523809523809,51,4.6,0.134,0.00568591227090675,0.17872731449575005,1
13309,0.8466350188787699,10.75,0.747734262088791,0.5526315789473685,40,3.1,0.142,0,0.6051544067923961,1
13375,0.6418455297454986,6.833333333333333,0.762273308663196,0.4186046511627907,34,4.5,0.305,0,0.7831320797039142,0
23867,0.9059262350718501,6.666666666666667,0.793844718719117,0.6341463414634146,59,3.1,0.149,0,0.5761213416294807,1
18504,0.7131603987757987,11.416666666666666,0.6524596830038711,0.9782608695652174,51,4.1,0.012,0.07919606596799515,0,1
10795,0.8333320063016816,5.583333333333333,0.80031211701105,0.972972972972973,77,3.9,0.189,0,0.47237018852193247,1
16946,0.7498278865606657,10.166666666666666,0.7193894628094477,0.55,45,3.7,0.281,0,0.7253629175026555,0
10826,0.5428503937897461,15.833333333333334,0.7972488391130713,0.5909090909090909,7,3.4,0.019,0.004793517257783986,0.396009422197589,0
8415,0.80987801964163,10,0.6464466094067263,0.6739130434782609,1,3.9,0.164,0.019170645968803048,0.32679738562091504,1
10474,0.770633691734888,17.833333333333332,0.7391535376270493,0.5111111111111111,28,4,0.059,0.004679883828388735,0.40473576168425074,1
13770,0.7537106781797871,6.833333333333333,0.8033595671146695,1,1,4.8,0.134,0,1.037763253449528,1
26779,0.8390980888874399,10.25,0.7016138324633729,0.975609756097561,54,4,0,0.09082173468792788,0,1
20733,0.8518340880721139,98.25,0.8573776783647138,0.6666666666666666,15,4.3,0.023,0,0.3736555250084406,1
18740,0.5725013258543343,17.583333333333332,0.7472995737105539,0.30952380952380953,19,3.9,0.156,0,0.5920648896715494,0
7298,0.782278707320484,6.583333333333333,0.7335751243057065,0.8085106382978723,1,4.4,0.255,0.03591661743315886,0,1
16410,0.7782329100988373,103.08333333333333,0.867611094873154,0.7692307692307693,52,3.8,0.313,0,0.4806825106642291,1
20225,0.7556016682585864,92.08333333333333,0.8595592905065322,0.7560975609756098,27,3.9,0.272,0.05574183549469838,0.20574056218942371,1
1981,0.8539569967990169,7.25,0.8394914937497823,0.7608695652173914,1,4.6,0.124,0.030658083733826766,0.18374558303886926,1
20054,0.850654639445351,92.66666666666667,0.8565429021395017,0.782608695652174,31,4.7,0,0.04146091256957078,0.011618919390630065,1
20551,0.828482516640779,91.66666666666667,0.8803862967025562,0.6842105263157895,54,3.1,0.222,0.000537568031935142,0.5284542955159242,1
9986,0.8610982445449227,103.5,0.8811751316304459,0.6444444444444445,1,3.3,0.112,0,0.6211005958640028,1
13809,0.6000483253943736,16.166666666666668,0.7674120789138458,0.6046511627906976,27,3.5,0.061,0.005987983344861727,0.5310304873633138,1
3583,0.8194996761358753,104.5,0.9041866775382738,1,58,4.2,0.188,0,0.6793190064192017,1
1953,0.7039335903267014,9.916666666666666,0.6261684635372231,0.8648648648648649,23,4,0.189,0,0.815668202764977,0
21145,0.6557873448920828,10.666666666666666,0.6090626249000999,0.6944444444444444,5,3.5,0.102,0.022024171887294944,0.17484038779853392,1
15740,0.8653942779423157,6,0.7194581961566089,0.5675675675675675,14,3.3,0,0,0.7117125702849518,1
26404,0.676661869830609,17.25,0.7090600014509458,0.8378378378378378,17,4.8,0.058,0,0.6477550324767549,1
17320,0.5564075959556465,16.833333333333332,0.7152712109990415,0.3953488372093023,1,4.3,0.191,0,0.9994803695150115,0
22908,0.4730992652803324,17.75,0.7210224503897544,0.5476190476190477,1,3.8,0.067,0.0076771752057518934,0.39012572027239395,0
9486,0.9007129313882313,12.166666666666666,0.8019612014410827,0.8461538461538461,6,4.7,0,0,0.3140582995097781,1
17895,0.6617276197340687,17,0.7852068401940525,0.5384615384615384,42,4.2,0.143,0,0.9280245878737078,0
12170,0.652273882714012,7.083333333333333,0.7808478116447393,0.7380952380952381,17,3.7,0.136,0,0.9079255515838778,0
3597,0.6386506272359899,98.66666666666667,0.8587530745921157,0.6956521739130435,37,3.5,0.128,0.0004947325534020139,0.24023356040595023,1
13257,0.6834889029992253,10.916666666666666,0.6666472433450679,0.5116279069767442,1,3.6,0.106,0.05746533424781799,0,1
6894,0.6138533017272618,11.583333333333334,0.744731007205609,0.6739130434782609,16,4.7,0,0,0.6066144473455178,1
21418,0.5365372773112759,7.083333333333333,0.8136120056734722,0.7567567567567568,1,3.7,0.084,0.006145972816161947,0.7653842562330749,0
22975,0.7987495590600893,5.833333333333333,0.7492867317887966,0.9090909090909091,23,3.5,0.29,0.10416879568453159,0,1
24274,0.6646209421470916,6.666666666666667,0.760208423834364,0.6875,6,4.6,0.014,0,0.4401095845263353,1
15610,0.7548191369165087,10.666666666666666,0.6464466094067263,0.8095238095238095,18,4.3,0.131,0,1.1525673468080335,0
18638,0.8215400942451462,6.833333333333333,0.8327889121853403,0.5,18,3.9,0,0,0.3347551978537894,1
20271,0.7558189316552173,11.25,0.6875689376449905,0.5777777777777777,23,3.9,0,0,0.6696265601105027,1
16252,0.6972316719114299,7,0.7457838511421117,0.7096774193548387,42,3.8,0,0,0.7038518336204774,1
9424,0.8975755388609427,10.583333333333334,0.7179607135657904,0.6888888888888889,45,4,0.229,0,0.7003767177800181,1
3206,0.7411566022880575,104,0.8823015126475735,0.7083333333333334,47,4.6,0.035,0.0009002925950934055,0.5905474964904072,1
13909,0.7521965151804598,6.75,0.7571319065073333,1,1,4.1,0.132,0.04117678925144132,0,1
18061,0.6058288580922725,17.5,0.7176387222785983,0.5897435897435898,65,4.3,0,0.07601100939857859,0.08803742975000692,1
11533,0.7737641879705298,6.333333333333333,0.7646244234210747,0.9318181818181818,3,3.7,0.19,0,0.7444723835949015,1
8350,0.5254753819942248,16.083333333333332,0.7418149740248499,1,53,4.3,0.107,0.027307041554007972,0.15305389221556887,1
12470,0.8555978467802615,95.91666666666667,0.8431251013091292,0.9487179487179487,20,4.1,0,0,0.45976181883796463,1
12674,0.7496659597368859,98.08333333333333,0.9041361655692108,0.5609756097560976,56,3.6,0.111,0,0.6443366078825896,1
21196,0.9361924172816255,6.583333333333333,0.7642033416430739,0.7291666666666666,41,3.5,0.083,0,1.0683399778254818,0
19585,0.6212848348524247,18.916666666666668,0.7611782172963912,0.6428571428571429,1,3.7,0,0,1.115678214914856,0
23325,0.6971957966110385,96,0.87038328850743,0.475,41,3.2,0.191,0,0.8587352625937835,0
24153,0.8623045235547897,9.833333333333334,0.7732357938939043,0.6875,28,3.5,0.139,0,0.894133233966795,1
22963,0.7050220798452447,20.833333333333332,0.7707752194896895,0.7631578947368421,51,4.4,0,0.10844071202816212,0.1553402286336418,1
2060,0.6692119581958607,18.25,0.7568734335712486,0.8,26,3.9,0.087,0.0003043071161048689,0.2670551104637048,1
1958,0.8224457976032733,6.416666666666667,0.7418882218915352,0.9318181818181818,11,4,0.068,0,0.5960163432073544,1
3150,0.4535301164591561,17.416666666666668,0.7558870618406872,0.7045454545454546,67,4.1,0.165,0.0016428333066816315,0.3241784410223845,0
19472,0.8405313088014482,97.41666666666667,0.8432270624803623,0.75,1,3.3,0.018,0.0034308782644954135,0.39159797652979994,1
20129,0.7478049310556348,97.08333333333333,0.8915223846767842,0.6341463414634146,36,4.5,0.232,0,0.6457013687060635,1
18896,0.5942420493284122,15.833333333333334,0.6791631441236174,0.7380952380952381,50,4.2,0.094,0.006164673344941418,0.22443903471634208,1
14184,0.7622893309554734,6.75,0.7808859339592735,0.6590909090909091,84,4,0.092,0.02376247847950616,0,1
2324,0.8259802776385136,6.333333333333333,0.8254408005076106,0.8048780487804879,61,4.5,0.132,0,0.76592082616179,1
19029,0.7968374233571582,11.583333333333334,0.7814322657415351,0.717391304347826,16,3.5,0.197,0,0.2415260917546902,1
18430,0.6167531327204556,101.58333333333333,0.9033419662762561,1,1,4.4,0.128,0,0.6646951897772593,1
31436,0.856103080907563,10.25,0.6640987274778277,0.32558139534883723,33,3.4,0.033,0,0.4000254489351211,1
2621,0.6714417213538306,98.66666666666667,0.8603989627608488,0.5434782608695652,76,4,0.257,0.03843222249114561,0,1
24708,0.40422059180055225,18.25,0.730516225028685,1,43,3.6,0.103,0,0.3081655367803299,1
11730,0.9103109488241338,6.416666666666667,0.7665947953816697,0.48717948717948717,19,3.9,0.194,0,1.4043478260869566,0
9526,0.6713428914273742,16.5,0.7620359800123284,0.40476190476190477,59,4.3,0,0.05279099848943139,0,1
20253,0.6977977120965599,9.5,0.6685185328475232,0.9565217391304348,15,4.4,0.226,0.0711950508493563,0,1
14729,0.5632549490502479,16.5,0.7725589848646929,1,35,4,0.161,0.06488786076568112,0.21108018195396835,1
21141,0.4273453407759057,17.25,0.7842250102982871,0.5476190476190477,1,2.7,0.042,0,0.6117641493815189,0
20578,0.9107918044378758,8.083333333333334,0.6670565925370073,0.7,36,5,0.227,0,0.302757866601871,1
22237,0.8656185190871196,5.833333333333333,0.7492867317887966,0.7073170731707317,53,4.1,0,0,0.6407033480988464,1
8192,0.3724751653235977,18.916666666666668,0.7981724900624616,0.4444444444444444,27,3.4,0.091,0,1.792345724226332,0
8530,0.8370649317173385,99.83333333333333,0.8711492420269952,0.7619047619047619,32,4.1,0,0,0.37997537956503896,1
5623,0.7612620529506049,6.416666666666667,0.7754335523923301,0.813953488372093,42,3.2,0.044,0.0033573088086153702,0.21020807398186023,1
9812,0.7630075853325584,8.416666666666666,0.6259836283658593,0.7555555555555555,1,3.9,0.044,0.047717284706315005,0,1
6243,0.8080714696947506,8.75,0.7119146007189681,0.7,35,4.1,0.208,0,0.6188225871045254,0
23938,0.7048570735205187,6,0.7642977396044841,1,40,3.7,0.131,0,0.5399365026317988,1
1964,0.6989100132209516,17.583333333333332,0.732783784663309,0.8857142857142857,21,4,0.208,0.05908811266361097,0.19760631525337408,1
1927,0.7941518385765312,11.583333333333334,0.7170365404417678,1,42,3.9,0.03,0,0.3379185050609914,1
1968,0.7488735104890837,8.666666666666666,0.6464466094067262,0.48936170212765956,27,3.7,0.172,0,0.27540650406504064,0
4038,0.7429108456108151,6.75,0.8771620448016518,0.6,15,2.5,0.171,0,0.7048043585933631,0
14997,0.8221022949240502,103.08333333333333,0.8738599414493647,0.6428571428571429,1,4.3,0.108,0.09402394829326531,0,1
12843,0.6022998225303114,10.583333333333334,0.6902998356016199,0.6818181818181818,22,3.5,0.093,0,1.1536694568814483,0
4202,0.6841117756734634,16.5,0.7387370271438876,0.4772727272727273,22,4.3,0.154,0,0.48738695859114706,0
15428,0.917112187047067,100.08333333333333,0.8930487650017056,0.625,38,5,0.258,0,1.0051853772361938,1
6662,0.6529326590526121,20.5,0.7897151681889827,0.8947368421052632,76,3.8,0.031,0,0.6424979359003228,1
8508,0.8093656742418838,6.333333333333333,0.7829944407569652,0.9555555555555556,1,3.3,0.058,0.020390386988277952,0.3081805359661495,1
1909,0.5839895484542159,6.5,0.7870096445405621,0.9166666666666666,1,4.2,0.311,0.008930955593058473,0.24148768988999475,0
8773,0.8544753324312513,8.833333333333334,0.5844770651783917,0.9090909090909091,1,3.7,0,0,0.9114328051977659,1
5216,0.6695808965727168,6.5,0.6955296900759509,0.6410256410256411,56,4.9,0.138,0.0024557602022390753,0.6899923312883436,1
17707,0.6057223174907174,12.083333333333334,0.8229586530621595,0.8333333333333334,27,4.9,0.098,0.08704341242403058,0,1
17224,0.6345872876764815,18.416666666666668,0.7271902209052876,0.825,66,3.3,0,0,0.4213887598699489,1
22499,0.7449670403840931,6.833333333333333,0.7777943029477,0.36363636363636365,9,4.9,0.028,0.00008744971641306248,0.5473576603404596,1
11006,0.686400612074511,11.25,0.6731494596605895,0.5581395348837209,30,4.5,0.081,0.05202182447524311,0,1
12381,0.7400480139978431,6.25,0.7296915342304895,0.8666666666666667,66,4.3,0.023,0,1.0076730474113562,1
27356,0.8513186454495281,9.083333333333334,0.6505321659680567,0.8048780487804879,24,4.2,0.059,0.0002523922394873145,0.20734025442316129,1
21417,0.6908533729376867,95.08333333333333,0.8645336218086278,0.5609756097560976,27,3.9,0.035,0.07303650838306669,0,1
25716,0.8210498523703922,102.75,0.8802665875954532,0.6190476190476191,25,4.5,0.135,0,0.9963446881319024,1
17448,0.8739049884928097,6.75,0.7893984924786175,0.6190476190476191,15,4.3,0.182,0,0.9681338835396607,1
15028,0.7313670548482318,11.583333333333334,0.6999905113382296,0.9512195121951219,10,4.2,0,0,0.7431461272291722,1
31454,0.8532904881892961,92.66666666666667,0.869806035461483,0.7727272727272727,17,3.7,0,0,0.26499435674885147,1
14055,0.810122664023351,6.083333333333333,0.7631285415645126,1,57,3.5,0.145,0,0.2367840626111704,1
20748,0.7419494228018665,6.666666666666667,0.7525126265847084,0.6222222222222222,28,4.6,0.215,0,0.9695392326971274,1
29625,0.5498234149574153,18.666666666666668,0.780931354528834,0.7906976744186046,21,4.6,0.054,0,0.46866613782511096,1
3323,0.7108291328567347,11.583333333333334,0.7546562171945334,1,1,4,0.202,0,1.093453724604966,0
20091,0.8829807402366259,6.666666666666667,0.812917130661303,0.6341463414634146,36,4.7,0.036,0,0.3617132475548145,1
20349,0.7606670227569295,12.083333333333334,0.8329097732470936,0.6888888888888889,4,3.9,0.181,0.0144250947325772,0,1
13343,0.6909799570219634,92.41666666666667,0.8772245297926105,0.6521739130434783,14,3.3,0.154,0.010959027239247342,0.42668165636125166,1
20370,0.8021269535345388,11.666666666666666,0.6442885829146077,0.5777777777777777,11,3.6,0.217,0.021183472487255103,0,1
13041,0.7791774759024123,6.333333333333333,0.7927892664733733,1,62,4.6,0.103,0,0.6037113718273138,1
19334,0.7182398915241315,6.583333333333333,0.8196480145724683,0.9024390243902439,1,3.4,0.113,0.0008156237255879287,0.47315609806558395,1
13173,0.7354302326976925,10.083333333333334,0.6235358025146984,0.7692307692307693,1,3.6,0.193,0,1.4511292465363446,0
14282,0.7350101430415128,105.83333333333333,0.9215280157272379,0.5813953488372093,22,5,0,0.0012783668150350088,0.26488814200189054,1
18642,0.8901878189881142,6.583333333333333,0.8424063342026743,0.6341463414634146,71,3.8,0.102,0,0.29933213528954217,1
20812,0.853336796416758,93,0.8797011724240974,0.8205128205128205,1,3.9,0.131,0.02171190424735078,0.2616759561791274,1
20016,0.727771305756874,10.166666666666666,0.7664293959217212,0.6857142857142857,43,3.4,0.11,0,0.9400979216626698,1
11489,0.6528286555690982,10.166666666666666,0.6741867718958723,0.717391304347826,53,4.7,0.111,0.0002486148600653502,0.5493950735486117,1
15469,0.8912047239766607,6.333333333333333,0.7927892664733733,0.675,1,4.6,0,0,0.9011571530157089,1
18698,0.6825141893213986,16.916666666666668,0.7139886036060141,0.8837209302325582,28,4.4,0.234,0,0.43983313723392875,1
17013,0.8160333379027045,92.16666666666667,0.8750427218708385,0.7333333333333333,19,4.9,0.141,0,0.44677599482748487,1
11559,0.7199146832161343,10.416666666666666,0.7003468671947513,0.7567567567567568,51,4.2,0.203,0,2.005277273120512,0
12112,0.7690259929686711,96.16666666666667,0.8740784624801199,0.8723404255319149,25,3.3,0.046,0,0.6434380547413615,1
18622,0.7533632382953253,6,0.77433226653789,0.75,16,3.9,0.206,0,0.5229976102891819,1
11879,0.800302516432359,6.5,0.7870096445405621,0.9230769230769231,22,4,0.226,0,0.23033211264048492,1
19670,0.5198855249732443,17.416666666666668,0.7292102737448609,0.6363636363636364,26,4.3,0.187,0.01729893572793928,0.2185053380782918,0
8307,0.6626063741072108,6.333333333333333,0.7559574080132709,0.9523809523809523,15,4.1,0.077,0,0.5338870831828578,1
6436,0.790762371121938,10.333333333333334,0.725332477968929,0.5869565217391305,1,3.1,0.233,0,1.0031075201988813,0
7010,0.5316035410437663,16.75,0.7135520563087605,0.7142857142857143,49,4.4,0.045,0.006207526776293219,0.19701833226335688,1
8110,0.709032955371999,6.333333333333333,0.7646244234210747,0.75,28,4.1,0.094,0,0.5906288532675709,1
13207,0.7485857159145858,6.333333333333333,0.7829944407569652,0.4166666666666667,62,4,0.137,0,0.9817521011584766,0
8964,0.6876043526069286,11.416666666666666,0.7840846794489191,0.6222222222222222,19,3.8,0,0,0.4896251673360107,1
10280,0.7538335875401168,98.25,0.893321792931131,0.47619047619047616,64,3.9,0,0,0.3697470817120623,1
2509,0.883043091775615,6.666666666666667,0.7450490243203607,0.6136363636363636,39,4,0.207,0,0.5114610324895356,1
6132,0.7998613217939499,6.166666666666667,0.7722662223465849,0.5945945945945946,12,3.9,0.228,0.015222420368909655,0.06931419717850444,1
24683,0.837028334047992,102.16666666666667,0.8493255910771024,0.7555555555555555,61,4.1,0.158,0,0.33870150916641345,1
1969,0.8731982148705714,10.583333333333334,0.6231150253929348,0.975,37,4,0.164,0.06839964244171713,0.12188928390045708,1
8598,0.7716166217228296,6.083333333333333,0.7631285415645126,0.8636363636363636,1,3.3,0.023,0,1.3838101884159106,0
19675,0.7397232724857232,94.08333333333333,0.8607077682304152,0.7631578947368421,30,3.8,0.221,0.11563774313726512,0.09840148415461639,1
24554,0.4802260728021487,19,0.6856759146110716,1,41,3.5,0,0.034545363029736306,0.333061822920909,1
6846,0.7065086976871016,100,0.8933854293885368,0.6590909090909091,16,3.4,0.148,0,0.409319991235118,1
14676,0.7078179614030553,15.416666666666666,0.7105709506977826,0.5333333333333333,1,4.1,0.151,0.018691619035128993,0.024326258049129502,1
1759,0.8450716895183636,10.666666666666666,0.7311773354049179,0.48717948717948717,29,4.1,0.033,0,0.5521751492749503,1
4271,0.8468059652484159,6.916666666666667,0.7464148773512146,0.7272727272727273,55,4.7,0.219,0,0.905982905982906,1
22354,0.8567820993648801,9.833333333333334,0.6384622202084484,0.7446808510638298,56,3.9,0.21,0,1.08296239962422,1
11770,0.6109225198017683,18.333333333333332,0.7650391275759985,0.3783783783783784,46,4,0.182,0,0.23092608326253186,0
20158,0.8907783167093513,6.333333333333333,0.8139192681088032,0.8,1,3.5,0.199,0.024619340943036014,0.28004464839389803,1
2878,0.6446620126453114,99.5,0.8727078379097934,0.8947368421052632,45,3.9,0.237,0.13692831014910417,0.18801042571676801,1
2038,0.8406672642182764,10.166666666666666,0.6345328391867548,0.9545454545454546,20,4.2,0.115,0.023015657009521198,0.07212953876349362,1
17157,0.6805591367775594,6.166666666666667,0.8032402732626887,0.6585365853658537,71,4.1,0.176,0.01216277319406181,0.5635182000990878,1
20353,0.819785035023129,11.083333333333334,0.7232306418149479,0.6153846153846154,13,4.4,0.243,0.007531964991228893,0.1950081069129858,1
6417,0.5792385335887309,18.083333333333332,0.7194233282969811,0.4444444444444444,56,4.1,0.156,0,0.8063586067170576,0
22891,0.7706267792734609,11.166666666666666,0.7905124052594299,0.5116279069767442,19,3.8,0.116,0.00011480881336786122,0.2776260894257443,1
15667,0.6306192916205757,6.416666666666667,0.8043309198270212,0.7209302325581395,81,4.4,0,0,0.8057319758720838,1
9559,0.4180465446762265,97.16666666666667,0.8420743995441486,0.6585365853658537,2,3.4,0.024,0,0.5691269550661715,0
11091,0.7841760324407735,11.5,0.7040495962802589,0.6190476190476191,37,4.4,0.061,0.04200409272111607,0.09557298710666307,1
3942,0.5934919789760844,20.25,0.8530570282192829,0.825,71,4.6,0.132,0,0.6080669710806698,1
10908,0.6499509455773799,18.666666666666668,0.7248029462960278,0.717948717948718,27,4,0.068,0.05726945152624991,0.23890722405573891,1
23840,0.7437099137369418,7.5,0.8413015904768255,0.375,31,4.3,0.218,0.0017964811921219665,0.47575503355704696,1
11467,0.5088828524882143,90.58333333333333,0.8592396174718353,0.6888888888888889,1,4.3,0,0.0786097656059802,0,1
12730,0.5882744025605186,18.416666666666668,0.7030419093297773,0.7608695652173914,30,4.1,0.138,0,0.7492046034801053,0
2863,0.730886853111914,98.08333333333333,0.8812144552664342,0.6486486486486487,29,3.3,0.122,0.008601057494772116,0.2962445414847162,1
2056,0.8377829725751768,97,0.8428609846711522,0.9772727272727273,45,4.6,0.111,0,0.6478599221789884,1
13351,0.7343630716093001,11.5,0.7452406401268559,0.9761904761904762,1,3.8,0.03,0,0.6754803190891727,1
11041,0.5977493968458063,20.583333333333332,0.7743300808198902,1,1,3.5,0.233,0.0738708591697184,0,1
7199,0.7360549291637988,11.75,0.7328395999739381,0.4666666666666667,61,4.1,0.176,0,0.9131823864425614,0
15685,0.7777283937240166,94.25,0.8569195592876062,0.9333333333333333,1,3,0.057,0,0.6479438954415047,1
14719,0.7757169369401702,6.5,0.7692307692307692,0.7608695652173914,20,4,0.177,0,0.6591704317695417,1
19076,0.6825760726904228,6.416666666666667,0.8043309198270212,0.5581395348837209,1,3.6,0.034,0,0.3815265254770392,1
25511,0.7006020215246518,97.91666666666667,0.8933382376259478,0.7073170731707317,70,2.9,0.161,0,0.5878248598643723,1
12156,0.7142974769687704,6.583333333333333,0.7994559554714575,0.41304347826086957,32,4.2,0,0,0.34099790218419646,1
1933,0.6867043252923877,18.083333333333332,0.7542866822715524,0.6052631578947368,116,5,0.127,0.07577724855746085,0,1
7766,0.7648648831599327,10.583333333333334,0.7399189832297048,0.7297297297297297,1,3.8,0.205,0,0.5494463044038115,0
13866,0.8199007693618827,101.58333333333333,0.8721867395333643,0.5853658536585366,1,4,0.17,0,0.34595413241021206,1
22669,0.6244883622504429,17.083333333333332,0.7752389066632532,0.4878048780487805,38,4,0.175,0.0015882391546892432,0.37085888217389384,0
18895,0.8530056410946261,99,0.8882023049435421,0.7105263157894737,76,4.2,0,0,0.4927229425774014,1
2092,0.6212990794490314,98.33333333333333,0.8737771677158586,0.6842105263157895,92,4.4,0.155,0.019321956983063916,0.2318909873296677,1
16815,0.7198385062556057,104,0.9031276842326448,0.5128205128205128,56,3.4,0.04,0.00409386645398631,0.15385530345832465,1
9544,0.5689185619389587,19.25,0.7498524638408023,0.6097560975609756,56,3.3,0.22,0,1.4898098182008697,0
24590,0.773437529429583,9.666666666666666,0.7094431112697808,0.5581395348837209,102,4.3,0.118,0.04959765917567738,0.13692836373248746,1
25191,0.764112637678663,10.083333333333334,0.6749428026562456,0.5909090909090909,14,4,0.178,0,0.42662908636192215,1
2460,0.633951480174008,5.916666666666667,0.7768594434119034,0.7380952380952381,31,3.7,0.237,0,0.32967479674796746,0
12708,0.7028266313455531,18.916666666666668,0.7794275283326864,1,46,4.3,0.183,0,0.6895927601809955,1
10933,0.7470831269780397,96.25,0.8566556909493742,0.5111111111111111,1,3.4,0.25,0.04660767625804143,0,1
8336,0.7620875574041049,97.91666666666667,0.8671386049514352,0.6410256410256411,1,4.5,0.15,0.00010192900644700965,0.3741827124947514,1
23701,0.743741252826128,6.916666666666667,0.7755670360217211,0.9574468085106383,42,3.3,0,0,0.716509851904983,1
23343,0.7867649398693652,18.75,0.7450344976130939,0.5217391304347826,60,3.7,0.159,0,0.6387490628681589,1
26118,0.9372390474014809,101.66666666666667,0.8539786823498797,0.95,43,4.2,0.14,0,0.4372080557469944,1
10716,0.5205659116439624,18.833333333333332,0.7482926964012762,0.8181818181818182,55,3.7,0.037,0,0.6389511011571481,1
22259,0.8705707482141647,95.83333333333333,0.9117830479793224,0.4634146341463415,69,3.7,0.178,0.037622125943985306,0.26465699267711934,1
17987,0.6026487299762654,98.75,0.8831322644295312,0.6666666666666666,12,4.3,0.206,0,0.4916328459442931,1
11777,0.7648518332150587,14.25,0.7778547378570458,0.6590909090909091,9,4.2,0.131,0,0.3579009934618324,1
18062,0.7667917863919606,100,0.8539977169128281,0.7073170731707317,7,3.5,0.153,0,0.25202779392630736,1
7787,0.5999947461023609,18.333333333333332,0.7497109109466145,0.4,63,4.3,0.168,0.00543696727610575,0.17209272458742697,1
14145,0.8191582487091612,5.75,0.7527721433444641,0.6,29,4.1,0.128,0,0.48123011664899257,1
13383,0.7257098981311714,17.5,0.7744243946223426,0.40476190476190477,3,3.4,0.106,0.06954668463451727,0,1
1929,0.7727800761849531,6.583333333333333,0.7994559554714575,0.7692307692307693,13,5,0.012,0.016240738149908788,0,1
19643,0.6271021639593081,17.583333333333332,0.7841129483615095,0.6666666666666666,48,4.7,0,0,0.40071274023164055,1
15445,0.43938584608661824,96.5,0.8636015898332831,0.5813953488372093,44,3.9,0.147,0.045935504279832305,0,1
17731,0.7597291616181594,92.08333333333333,0.8183653818853475,0.7333333333333333,71,3.4,0,0.0006186132189094536,0.3435790423551971,1
1883,0.7011314062041694,9.916666666666666,0.731749752949372,0.775,64,4.3,0.049,0.0033676621156188986,0.34466277217206587,1
18004,0.926083046569914,98.58333333333333,0.8440342752121601,0.6341463414634146,61,3.7,0.205,0,0.470228838035992,1
15321,0.7195225881101132,6.916666666666667,0.6963951043770084,0.9512195121951219,9,3.3,0.172,0,1.55818810782586,0
12631,0.5944333621568489,9.916666666666666,0.6593786857225001,0.8571428571428571,26,3.9,0.1,0.019419632741933607,0.4561000712532658,1
26752,0.7784857155462132,10.666666666666666,0.6722472349468276,0.6511627906976745,15,4.6,0.083,0,0.9298744019138756,1
6329,0.6292197264107071,12.333333333333334,0.7537720654285325,0.725,28,4.2,0.225,0.00015135462388375965,0.6575017776724342,0
18528,0.567270525146063,16.416666666666668,0.7270658871315723,0.4888888888888889,53,4.1,0.104,0,0.40809607340439885,1
10954,0.768239747219484,9,0.5696685170880648,0.8333333333333334,4,4.8,0.156,0,0.2366366914684804,1
7745,0.6499592120480109,17.583333333333332,0.628181004428255,0.5263157894736842,12,4.4,0.117,0,0.7911421008457615,0
11490,0.8495226024074709,7.166666666666667,0.9041138226600545,0.4,26,4.1,0.32,0,0.9889029113538448,0
8396,0.6439827201638522,20.25,0.7140880050587366,0.8536585365853658,38,3.7,0.074,0,0.632481686617831,1
24982,0.6656244791794526,18.5,0.7567567567567568,0.8478260869565217,44,3.5,0.085,0,0.3472169405359966,1
16140,0.7424976467736268,95.16666666666667,0.8733351095727251,1,19,3.8,0,0.1365375081511784,0,1
19238,0.6057781315722324,10.416666666666666,0.6805003912365463,0.782608695652174,1,4.1,0.195,0,0.9840420002079219,0
32844,0.7979517724483602,102,0.8833099929976659,0.95,23,4.1,0.103,0,1.0108086712946047,1
8966,0.6735450047297848,11.833333333333334,0.641743736845721,0.75,52,3.1,0.183,0.018803538331640026,0.2187151461075173,0
12550,0.659536158161261,10.833333333333334,0.7339751312955295,1,71,4,0.17,0,0.6647011952191235,1
9646,0.6844730255803007,98,0.8841788037824393,0.9772727272727273,1,3.1,0.11,0,0.586283759265979,1
23715,0.8183108054710809,99.41666666666667,0.8811643403054207,0.43243243243243246,10,4,0.081,0.02018468722918485,0,1
21450,0.7935915093560321,96.16666666666667,0.8899650663476605,0.925,18,3.7,0.141,0,0.6974521550618895,1
23183,0.7967557989395058,93.41666666666667,0.8542388167665269,0.6666666666666666,100,4.4,0.086,0.04625439404389977,0.3160505542854678,1
16163,0.8491612439786225,7.5,0.8322259014384278,0.717391304347826,35,3.3,0.021,0,0.39814385150812065,1
10717,0.8258215380206878,8.416666666666666,0.6953132167637799,0.9761904761904762,65,3.7,0,0,0.6118602155554519,1
1905,0.6775751785320105,9.833333333333334,0.6176096890617466,0.6086956521739131,81,3.9,0.197,0.0942898011874533,0.05408243633499606,1
17680,0.5750162530627065,18.583333333333332,0.7864886841772661,0.6190476190476191,57,3.7,0.14,0.03514952986454654,0.010690045248868778,1
11281,0.7436116247874374,12.083333333333334,0.8471826220264804,0.6829268292682927,31,3.1,0.029,0.19612941199762143,0,1
21619,0.5580512735404339,18.75,0.6828833606337206,0.6818181818181818,37,4.5,0.065,0,0.6565058513344743,1
17915,0.6390586843437658,16.583333333333332,0.7582188598247355,0.5909090909090909,35,4.2,0.205,0.0724957668583444,0.10421434552051353,1
18176,0.622938185648368,100.41666666666667,0.8806738270161958,0.6428571428571429,66,4.2,0.229,0,0.1380429699320514,1
31078,0.7998586666562897,98.66666666666667,0.879131460675687,0.8780487804878049,2,4,0.255,0.10056095480056448,0.013321320548297832,1
15664,0.8257847690378093,10.916666666666666,0.6687515426908834,1,22,3.5,0.051,0.01875256051768289,0.44715421202157885,1
17993,0.6251181012283702,17.833333333333332,0.6691799996181709,0.5581395348837209,38,3.7,0.217,0.0012126032185533202,0.6528094258878453,0
18327,0.7735215389373951,10.166666666666666,0.6345328391867548,1,31,3.6,0.192,0,0.5454942296674214,1
18837,0.8330911957122098,6.416666666666667,0.7122270155044113,0.5454545454545454,1,5,0.084,0,0.8848011891490153,1
16435,0.8187898652745573,6.916666666666667,0.760546904646364,0.6046511627906976,63,3.5,0.102,0,0.5043504715546091,1
23942,0.753427150832785,10.666666666666666,0.7076830166582857,0.7441860465116279,24,4.1,0,0,0.7257539052710718,1
22415,0.7202707047010228,88.66666666666667,0.8769406969674217,0.8157894736842105,53,4.5,0.244,0,0.48183095763902833,1
15951,0.8470751807821888,5.75,0.7527721433444641,1,46,3.3,0.12,0,1.0107203310137296,1
26585,0.47146755843491184,18.416666666666668,0.7410515126185612,0.5581395348837209,33,4.8,0.165,0.0016053665448720683,0.4044762083881888,1
17196,0.7515087978274388,94.08333333333333,0.8840966506176268,0.972972972972973,37,3.5,0.062,0.016194237971965907,0.49925852694018785,1
5715,0.6682710525557909,94.16666666666667,0.8684418694927566,0.8333333333333334,1,4.5,0.129,0,1.0005249343832021,1
11285,0.8478616190871364,97.33333333333333,0.9068392430908532,0.813953488372093,36,3.6,0.072,0.011570247910482237,0.06087996809783331,1
9394,0.8307116683188156,99.83333333333333,0.8595974464106447,1,30,3.9,0,0,0.9932935916542474,1
16232,0.6972960294631589,9.583333333333334,0.6373798354435992,0.7560975609756098,1,5,0.126,0.09477052653820246,0,1
29148,0.8516120481796173,6.333333333333333,0.7559574080132709,0.6595744680851063,1,3.6,0.078,0.06910212086354206,0.23075735483317608,1
36685,0.7085350831268269,6.833333333333333,0.7859764783562897,0.4897959183673469,25,3.5,0.009,0.0009091241225236269,0.23407706251959273,1
14976,0.6179010814700456,101.58333333333333,0.8783370682628608,0.5952380952380952,36,3.9,0.129,0.0011146671043273703,0.12807585723348136,1
1940,0.7024309959294261,10.25,0.6390573515378355,1,6,4.6,0.1,0,0.4061855670103093,1
5238,0.8600351787774412,10.083333333333334,0.7393089207340908,0.6285714285714286,21,4.3,0.317,0.07835803091490774,0.023102625298329356,1
18176,0.6865832968440433,10,0.7450490243203608,0.6666666666666666,72,4.7,0.059,0,0.530974911971831,1
12982,0.7724504293916096,6.166666666666667,0.7450275369714432,0.6744186046511628,1,4,0.044,0,0.7033085544813773,1
17531,0.7553965296393045,10.333333333333334,0.5945224164523699,1,46,4.2,0.135,0.07263318662902156,0,1
9718,0.8685674689973184,96.58333333333333,0.8507084561515825,0.6444444444444445,47,3.5,0.161,0.013476889758249407,0.19952665157439803,1
13371,0.7197082311969203,5.75,0.7855268320732066,0.6086956521739131,39,4.2,0.091,0,0.5698900605788647,1
24720,0.6120706623588735,17.333333333333332,0.7537259908679673,0.717948717948718,1,4.2,0.038,0,0.9062885576164567,0
18742,0.8765177127220319,93.41666666666667,0.8698110890191761,0.6829268292682927,35,4,0.101,0,1.2830541030839826,1
16347,0.8332650095104217,9.583333333333334,0.6553405011720623,0.5777777777777777,68,3.2,0.113,0.03085137537940542,0.35896494769682513,1
10286,0.6718651100841193,8.583333333333334,0.6864513541367934,0.7142857142857143,59,4.8,0.138,0,0.48726424265992613,1
16453,0.7690998698663774,9.25,0.7274867844638888,0.9024390243902439,72,3.6,0.073,0,0.9988755508281416,1
21719,0.9145198982459058,98.75,0.8824033146791951,0.6470588235294118,27,3.8,0.287,0,0.7376200013813109,1
34467,0.7193358806776582,93.41666666666667,0.8662652600306427,1,34,3.8,0.055,0,0.22497207433304803,1
13675,0.5079157136932206,17.583333333333332,0.7297746864426837,0.5365853658536586,33,3.5,0.115,0,0.8216453382084095,0
24416,0.7136226883431562,10.666666666666666,0.7311773354049179,0.8888888888888888,20,3.9,0.127,0,0.7432983145952367,1
32861,0.8024730596513122,6.25,0.7545072981397071,0.6382978723404256,3,4,0.21,0.04125843472368717,0.21393140805209823,1
15350,0.7875225288018017,97.83333333333333,0.8673942442560895,0.8181818181818182,13,3.8,0.11,0.1545548050942642,0,1
7048,0.5749487563203914,17.583333333333332,0.7049786825121153,0.6956521739130435,47,3.2,0.082,0.012394062352609097,0.38081725312145287,0
9730,0.8011805806480785,10.75,0.6774783866245779,0.5609756097560976,40,3.7,0.128,0,1.0076053442959918,0
5803,0.3317450965730313,94.66666666666667,0.8563656475044286,0.43902439024390244,17,4.5,0.118,0.014521489779652749,0.5412717559882819,0
20985,0.8357081763355165,6.833333333333333,0.8438262381113939,0.5869565217391305,1,4.4,0.02,0,0.7323802716225876,1
17441,0.7074996862992416,11.25,0.7049098624141913,0.6428571428571429,50,3.7,0.078,0,0.5194656269709306,1
9888,0.657218191735188,18.083333333333332,0.7230801993073988,0.8723404255319149,67,4.7,0.051,0.001972473471944869,0.39300161812297735,1
13020,0.7489581356372363,98.5,0.8663711006996123,0.6190476190476191,63,4,0.265,0.01960387426553926,0.15683563748079876,1
13159,0.6242433906805257,18.25,0.8087090404963159,0.5869565217391305,67,4.4,0.161,0,0.6375864427388099,1
3895,0.7791742888728957,9.5,0.636626049522667,0.3953488372093023,33,3.9,0.024,0,0.2693196405648267,1
20449,0.8435093073972031,6.75,0.8075499102701247,0.6410256410256411,29,4,0.156,0.011073262527263561,0,1
3490,0.8073104699910247,97.66666666666667,0.8691892976331959,0.43902439024390244,38,5,0.278,0.07517121840253482,0.03696275071633238,1
28585,0.7010810369300551,6.416666666666667,0.7341624741498868,0.6976744186046512,35,4.5,0.185,0,0.3137364655670031,1
8740,0.7420549892879534,18.083333333333332,0.7542866822715524,0.9743589743589743,9,3.9,0.122,0,0.881743806853939,1
1744,0.7869985137046407,11.25,0.7162856592265844,0.7567567567567568,42,3.7,0.249,0,0.5527522935779816,0
20876,0.9151137558846753,99.16666666666667,0.9117206992492848,0.8292682926829268,25,4.4,0.07,0.07484521835319607,0,1
7221,0.7289370221930613,9.083333333333334,0.7323678505355079,0.7027027027027027,26,4.2,0.093,0,0.38972370334464373,1
19720,0.8203362660456608,6.916666666666667,0.760546904646364,0.7272727272727273,22,4,0.109,0.0040610591490100245,0.15060851926977686,1
9023,0.4531929531540143,17.5,0.7696497786200415,0.68,35,3.7,0.073,0.007577069766971517,0.4936273966529979,0
14595,0.8101231681320036,106.08333333333333,0.8780934925449475,0.8222222222222222,12,3.5,0.025,0,0.36369865360238446,1
12478,0.6968670533718386,9.583333333333334,0.5948348606183742,0.9767441860465116,22,3.9,0.166,0.05098702707935105,0.0482468443197756,1
23033,0.690320773551196,18.416666666666668,0.8152537949086552,0.4523809523809524,35,4.9,0.125,0,0.5714533810919353,1
22533,0.765946048155154,6.333333333333333,0.803070663854003,0.725,61,4,0.071,0.08670105667426113,0,1
4430,0.8526732361464866,94.91666666666667,0.892089081149865,0.36585365853658536,29,3.4,0.29,0,0.7731376975169301,0
15021,0.8411866400338512,6.583333333333333,0.7725037879036528,0.875,14,4.1,0.166,0,0.25039113211943675,1
18616,0.8235013068390002,5.916666666666667,0.7376347040817302,0.28888888888888886,44,4.6,0.098,0.08363036088092722,0.16905267116112915,1
11712,0.7268945318185835,5.583333333333333,0.80031211701105,0.6595744680851063,1,2.9,0.323,0,0.9576057721043418,0
12428,0.5961989040684803,10.916666666666666,0.7506491149456325,0.7105263157894737,54,4.3,0.026,0,0.5265741299537317,1
21214,0.6605266282801241,17.833333333333332,0.7133109971929352,0.47619047619047616,49,4.3,0.024,0,0.38205901762986705,1
11106,0.7432242882091473,97.08333333333333,0.872767228734268,0.6388888888888888,42,3.9,0,0,0.8206744405924992,1
6043,0.7715181864564087,6.333333333333333,0.8139192681088033,0.6666666666666666,69,3.7,0.047,0.07291197687055231,0,1
9603,0.7460107123668722,6.583333333333333,0.7127390957491084,0.5897435897435898,11,3.7,0.136,0.024040255018809412,0,1
21246,0.7685005458219059,10.583333333333334,0.6716431580788497,0.625,42,3.8,0.126,0,0.4608867551539113,1
11748,0.8757946586563577,6.666666666666667,0.793844718719117,0.7857142857142857,39,4.4,0.157,0.00016957775139901643,0.1788465630985316,1
22352,0.8257573554158013,90.25,0.8939018393229609,1,22,5,0.163,0,1.0799033643521831,1
8359,0.7337894062969541,9.416666666666666,0.6439221320578635,0.7608695652173914,5,3.7,0.165,0,1.0187234551654005,0
16905,0.6979073267636318,17.666666666666668,0.725278872102622,0.475,11,4.7,0.159,0.10627789545668591,0,1
14098,0.780377052286386,103.91666666666667,0.9038927552724696,0.5555555555555556,1,3.5,0.063,0,0.3139452404596397,1
6948,0.8063191290227499,6.75,0.7571319065073333,0.6363636363636364,62,3.8,0.013,0,0.7327288428324698,1
21223,0.6265282412426072,18.083333333333332,0.7605903187491145,0.7,32,3.7,0.037,0,0.6764830608302314,1
8166,0.6564013328364723,95.16666666666667,0.8697536021845671,0.32608695652173914,68,4.1,0.225,0,0.6289878145857571,1
19306,0.7175176267540732,17.583333333333332,0.7420215848292544,0.8,53,3,0.039,0.040776701735671515,0,1
12036,0.7208917659529603,18.333333333333332,0.7803082550255532,1,86,4,0.178,0,0.22333000997008973,1
3968,0.7214617061929292,10.333333333333334,0.628681792476731,0.6052631578947368,20,3.9,0.276,0,1.0793850806451613,0
16302,0.7300698556866104,6.583333333333333,0.7484226972866862,0.9761904761904762,1,3.8,0.08,0.03655546828455157,0,1
24696,0.7939438172169605,100.58333333333333,0.8571635490884886,0.6744186046511628,1,4.7,0.116,0,0.5819160997732427,1
4100,0.6117615479646508,19.25,0.7480608739921825,0.9,54,4.7,0,0.00023515184090298305,0.8154653006464203,1
3558,0.5693038144762329,19.083333333333332,0.7556535400255409,0.425,31,4.6,0.224,0.0008247684304022333,0.725228390723823,0
16368,0.5888102374353501,19.75,0.69471181495511,0.9375,51,3.9,0.199,0.060230139798112786,0,1
24813,0.8910123213776476,6.333333333333333,0.7646244234210747,0.6097560975609756,1,3.8,0.171,0,0.7007616974972797,1
23731,0.8408822003590075,10.416666666666666,0.7909258504740484,0.42857142857142855,42,4.3,0.252,0,1.1338994121489223,0
23942,0.6699806340715624,18.166666666666668,0.7677249742904191,0.6363636363636364,7,3.7,0.002,0,0.6341575474062318,1
1942,0.9123391998723659,6.333333333333333,0.7559574080132709,0.9024390243902439,66,4,0.202,0,0.509915014164306,1
5912,0.8152989012201859,104.16666666666667,0.9028205783100146,0.5777777777777777,17,3,0.211,0.019377802789212254,0.07290257104194858,1
9264,0.7152267482591618,18.333333333333332,0.7907115557596119,0.6410256410256411,34,4.4,0.244,0.1606211615113369,0,1
36243,0.8104333775893031,101.5,0.8716372983172869,0.6190476190476191,37,4.6,0.159,0.002239754897387732,0.27685346135805533,1
2079,0.7485594659696833,10.166666666666666,0.686803718450118,0.6,1,4,0.067,0,0.7022607022607023,0
19213,0.5772364187674099,96.25,0.849193990992262,0.575,57,3.8,0.102,0,0.47098318846614273,1
14683,0.6412884972360453,11.583333333333334,0.7375332899718748,0.9166666666666666,5,4,0.188,0,0.8855138595654839,0
20231,0.8091726020284848,97.41666666666667,0.8518669384747638,0.43902439024390244,54,3.5,0.327,0.04794585092376389,0.10795314121892145,1
10240,0.5884395389959542,18,0.819979425044226,0.9574468085106383,5,4.2,0.193,0.01652473837548778,0.14854240929732898,1
13326,0.6485080425308756,10.416666666666666,0.6686995321464215,0.9782608695652174,55,4.1,0.287,0.020419505908124722,0,1
20640,0.7118334670477868,17.5,0.755885607276642,0.4318181818181818,30,3.9,0,0.0008750293634014564,0.29104387218682626,1
29457,0.6836833668204237,16.25,0.7145196787750404,0.7,17,3.7,0.205,0,0.7740774688529042,0
19504,0.8918058959778375,10.916666666666666,0.650268360642586,0.6,16,5,0.012,0.07401371952900897,0,1
19089,0.8649535187360377,9.333333333333334,0.7551551928428198,0.5,34,3.9,0,0,0.7142520365665191,1
20463,0.5977446759063126,17.333333333333332,0.6854725531962282,0.9743589743589743,54,4.7,0.212,0.015190632383417767,0.3310365049113033,1
18738,0.6737017630076962,98.83333333333333,0.8984968608660223,0.47619047619047616,6,3.5,0.031,0,0.5204536357571714,1
22261,0.828705973799961,104.41666666666667,0.8568533432510027,0.6,12,4.1,0.214,0.03997481287412543,0.25879921834639835,1
2381,0.788642520588493,6.333333333333333,0.7927892664733733,0.7619047619047619,1,4.3,0.088,0.0010208467655276165,0.47207055858882824,1
7165,0.7646468721176295,94.91666666666667,0.849986440617553,0.575,17,4.2,0.054,0.007397756216131566,0.22709191150813038,1
32337,0.6955853180259166,9.166666666666666,0.8172749887068929,0.725,23,2.7,0.18,0.013292482730467325,0.3868014967374834,1
17370,0.6954817086801974,17.166666666666668,0.7396682004312247,0.4722222222222222,35,4.6,0.223,0,0.7905236189873054,1
21462,0.6572029417035935,11,0.6479106048902348,0.5555555555555556,54,4.3,0.274,0,0.794492463248142,0
15909,0.7214056674967416,10,0.735424868893541,0.6666666666666666,14,3.4,0.17,0,0.6695791557972153,0
1729,0.772899460920653,11.583333333333334,0.6397845246871929,0.8085106382978723,4,3.9,0.083,0,0.8189705031810295,0
11889,0.7717615324683927,6.666666666666667,0.7525126265847084,0.7755102040816326,61,4.2,0.051,0,0.7951047186474893,1
3948,0.5712271126416116,18.416666666666668,0.7055344904339558,0.6956521739130435,67,3.8,0.045,0.0005713988883694353,0.5474350854971501,1
5940,0.9104515151509452,6.333333333333333,0.7927892664733733,0.5348837209302325,31,3.5,0.172,0,0.4662008586581362,1
9990,0.7604690586456715,6.833333333333333,0.7944841518737473,0.5952380952380952,70,4.2,0.088,0.016909283511168452,0.06286286286286286,1
6663,0.7457245808670377,95.33333333333333,0.8725094080174508,0.9285714285714286,22,4.3,0.25,0.09312146301626573,0.021161638901395767,1
11676,0.8270518163572967,6.416666666666667,0.7498524638408023,0.7222222222222222,27,4.4,0.179,0.024129972088014623,0.027321000342583078,1
2115,0.7283176279565002,17.75,0.7287132354329828,0.7441860465116279,1,3.4,0.022,0.1294839243574235,0.10023640661938535,1
10661,0.5419404008060941,17.416666666666668,0.7416711007331467,0.7045454545454546,48,3.1,0.103,0,1.0249507550886408,0
15262,0.5997127792472885,6.666666666666667,0.7763932022500211,0.95,11,4.7,0.112,0.009569039217952583,0.3001572533088717,1
6956,0.597017405188351,19.916666666666668,0.8007823287511731,0.8936170212765957,15,3.9,0.137,0,0.7064404830362278,1
9456,0.8061586656969946,10,0.6084219958509757,1,30,3.4,0,0,0.28998995293744384,1
15018,0.8390832537911629,10.833333333333334,0.6828380287986415,0.8095238095238095,32,4.2,0.113,0,0.5966839792249301,1
27234,0.7384179171959973,10,0.7385935476440313,0.32432432432432434,46,3.8,0,0.0034289874506855562,0.2791782180035618,1
21391,0.771630923297011,11.416666666666666,0.6852837790173708,0.4634146341463415,19,4,0.205,0.0023269812267264684,0.3993829036254412,1
15933,0.7513908582967463,10.666666666666666,0.6527170192047989,0.75,21,3.6,0.249,0,0.777003703006339,0
19145,0.5789182855733699,18.083333333333332,0.6892560061293416,0.5957446808510638,46,3.6,0.275,0,0.9826843218678994,0
13068,0.6845119077570679,19.916666666666668,0.8184370380439571,0.7777777777777778,33,5,0.19,0,0.4714569941842669,1
16045,0.7256691841649858,11.416666666666666,0.7063007366608656,0.6170212765957447,1,4.2,0.126,0,0.7625666116114557,0
9820,0.8229221712454854,6.083333333333333,0.7361457495307093,0.6511627906976745,64,5,0.244,0,0.7657841140529531,1
9742,0.635445709399036,17.333333333333332,0.7394958233818448,0.7,56,4.1,0.19,0.006067283355338578,0.5146024739516502,1
10411,0.8347969115920866,9.666666666666666,0.6358842744492608,0.525,67,3.9,0,0,0.49447699548554414,1
19011,0.7587043773115203,19.333333333333332,0.8015368201168734,0.9024390243902439,40,3.2,0.148,0,0.46448015570342704,1
6957,0.7861971129782005,6.416666666666667,0.8043309198270212,0.35294117647058826,68,3.2,0.123,0.054929569750415456,0.20829440092000287,1
11484,0.7084587779803502,102.33333333333333,0.8897068211508989,0.7837837837837838,4,4.3,0.05,0.03476028546714619,0.27857360560804634,1
16043,0.8232676990766962,6.916666666666667,0.8002033258822049,0.3076923076923077,16,4.2,0.042,0.03771201673698609,0,1
21922,0.560240927116914,17.25,0.797619709510595,0.5609756097560976,48,3.7,0.031,0,1.01733418483715,0
2027,0.6183161330318194,16.833333333333332,0.7268690252646788,0.47368421052631576,22,4.2,0.133,0.00015827793605571383,0.30389738529847066,0
7250,0.6202611993077698,11.416666666666666,0.7313114989882341,0.4878048780487805,40,3.5,0.18,0.013186097784888441,0,0
18886,0.7006175239383775,96.75,0.8622227649946431,0.7619047619047619,48,4.1,0.061,0,0.7592396484168167,1
14369,0.7840684532836133,9.916666666666666,0.6172086731451976,0.723404255319149,38,4.3,0.092,0,0.44521000800361904,1
15693,0.6521479880965986,9.583333333333334,0.7065297907706747,0.6428571428571429,68,4.3,0.284,0,0.7823870515516472,0
7852,0.6791802233258414,9.666666666666666,0.6560355630472412,0.6136363636363636,19,4.6,0.157,0.09969922524589143,0.05081507896077433,1
17938,0.8856021782592977,11.583333333333334,0.7062668249986532,0.7608695652173914,1,3.6,0.105,0,0.550020905923345,1
9743,0.7567548565078609,96.75,0.867224356697993,0.5675675675675675,72,3.1,0.356,0.0310699829594317,0,1
14055,0.8080533371577932,11.666666666666666,0.7327387580875755,0.9772727272727273,9,3.3,0.133,0.0032930844873492186,0.6077057170301327,1
27275,0.6715183467584266,17.25,0.7962406115076025,0.7073170731707317,69,3.9,0.106,0.002557776400595288,0.302113695943097,1
12493,0.680012931665601,6.25,0.7725503718769069,0.6046511627906976,26,4.7,0.122,0.003983456719039613,0.41183062515008406,1
10924,0.6004296622520617,20.5,0.7859764783562897,0.3953488372093023,37,3.7,0.034,0.0022217126476678463,0.657023847667872,0
20538,0.8571689636706308,100,0.9125357215773204,0.6458333333333334,36,3.8,0.075,0,0.4540851105268283,1
12026,0.8420371332283232,97.58333333333333,0.8800938397985895,0.9111111111111111,17,4,0.187,0.007862135860591634,0.15117874516652113,1
19434,0.8022636946535151,97.41666666666667,0.8641101111627519,0.55,1,3.9,0.208,0,0.9163043198600355,1
21868,0.8345269031766237,6.25,0.7633568086760154,0.4878048780487805,11,4.1,0.096,0,0.37205899165428147,1
5525,0.7782741349448634,11.833333333333334,0.7963826437351977,0.7111111111111111,30,3.6,0.199,0,0.9486831387455879,0
12456,0.6212641564460872,10.083333333333334,0.6825972831459253,1,33,3.6,0.166,0,0.9967084136159281,0
7036,0.7964404051192217,9.75,0.5916175276786226,0.5869565217391305,25,3.7,0.188,0.03729125387978455,0,0
12117,0.7076103816482002,17.5,0.7570028414824177,0.9444444444444444,50,3.8,0.221,0,0.20599158207477097,1
12109,0.6943096645728829,102.41666666666667,0.8945771719493081,0.9090909090909091,58,3.9,0.005,0.027807711066501786,0.23552729374845158,1
17214,0.8082104064368253,93.58333333333333,0.8715156664014676,0.4473684210526316,71,4.6,0.026,0.000395417800723003,0.21343712783571034,1
25362,0.7710986341653701,9.25,0.774414702242362,0.6818181818181818,1,3.4,0.17,0,0.7349183818310859,1
5671,0.7231223230876529,94,0.8637633140971734,0.39473684210526316,5,3.9,0.227,0,0.10422361343796843,1
31464,0.7472611945295878,15.916666666666666,0.653539198815378,0.7111111111111111,1,4.4,0.028,0,0.928345543248526,1
14702,0.550469787106543,9.5,0.7299157137133219,0.7843137254901961,26,4.3,0.123,0,1.020031969526919,0
15687,0.8220905289008182,97.08333333333333,0.8574306032207164,0.926829268292683,36,3.8,0,0.007226830649067803,0.42079428826416776,1
18716,0.9020804684030946,10.75,0.747734262088791,0.7804878048780488,27,3.6,0.015,0.11156564408158177,0,1
11616,0.666735853495611,11.5,0.7553341591864619,0.46153846153846156,6,4.6,0.072,0,0.6027031680440771,0
14627,0.8819630740975003,9.75,0.7483344980455477,1,30,3.6,0.042,0,1.3181554028646634,1
29868,0.8227077662505868,11.416666666666666,0.6956108107738241,0.9512195121951219,7,3.5,0.163,0,1.134209424960241,1
17549,0.6512370607060218,17.833333333333332,0.7622785543555718,1,30,4,0.12,0,0.6264744429882044,1
19950,0.7382059754168377,6.333333333333333,0.7475878145624884,0.6111111111111112,28,4.2,0.074,0.01115159315043137,0.6907441289255369,1
9982,0.8447766197114717,10.25,0.6911639038500395,0.9111111111111111,34,4.7,0.105,0.00006715014773032501,0.5072383910233933,1
15275,0.6832440952828207,18.75,0.8383419246269048,0.5,32,4,0.278,0,0.669809159055943,0
14058,0.4220439128795923,15.666666666666666,0.7153385497817095,0.5476190476190477,22,3.7,0.159,0,0.9028632402632047,0
3243,0.7718296083779828,16.416666666666668,0.7446241375004007,1,45,4.2,0.152,0.008055307735866555,0.2929386370644465,1
18595,0.6412561367453244,10.833333333333334,0.7159048413443172,0.9230769230769231,17,3.6,0.111,0,0.3118664121111081,1
10467,0.7990768228240359,6,0.7278344730240913,1,35,4,0.169,0,0.42323492882392283,1
19994,0.6312342505378702,6.583333333333333,0.764203341643074,1,33,3.6,0.156,0.009216366654877536,0.2879435816640408,1
5863,0.7587758308316349,6.583333333333333,0.7725037879036528,0.8918918918918919,33,3.4,0.128,0,0.9868667917448405,0
15271,0.7633146274857101,94.5,0.8492605066466201,0.6,2,4.5,0,0.02461825560427101,0.10962312956353754,1
20277,0.6597300794894518,18.166666666666668,0.7003214133750262,0.5897435897435898,13,3.7,0.073,0.005314300130632545,0.4749833551155278,1
26343,0.7480364614569013,10.916666666666666,0.7451021701211602,0.6511627906976745,51,3.2,0.121,0,0.625946664135902,1
12591,0.7357958736479904,16.416666666666668,0.7783288775543346,0.6578947368421053,42,4,0.123,0,0.6889321313688892,1
11080,0.692039873180061,20,0.758477054230176,0.7727272727272727,46,4.3,0.266,0,0.41001805054151624,1
13152,0.6890214670872419,95,0.8688779863785628,0.6944444444444444,68,3.9,0,0.007940971379774767,0.36224004866365056,1
16637,0.5973184008590136,18.083333333333332,0.7185165335654294,0.9111111111111111,27,3.8,0.135,0.0007901569025849419,0.22275650658171545,1
9115,0.825437196330036,7.083333333333333,0.8227468332550663,0.7441860465116279,58,4.1,0.011,0,0.996269884805266,1
14316,0.8491236550865551,94.66666666666667,0.8671270263090619,0.9555555555555556,2,4.2,0.155,0,0.40878767769201213,1
2181,0.8553937447820603,9.083333333333334,0.6363684186677723,0.40476190476190477,22,3.8,0.178,0,0.8883283650538867,0
8981,0.7972527125733435,7.25,0.8299005909546122,0.34782608695652173,1,4,0.078,0,0.5023105617727298,1
23245,0.8585350765930231,6.416666666666667,0.7341624741498868,0.6739130434782609,78,4.8,0.174,0,0.9728322829056336,1
22694,0.822664041794636,89.83333333333333,0.8753915056756439,0.6530612244897959,18,4.3,0.063,0.0039121915074949755,0.21397726271261125,1
1852,0.6440900447145079,16.583333333333332,0.7354759359145355,0.631578947368421,1,4.3,0.001,0.00009650646593321752,0.1285097192224622,1
17736,0.66797447232818,18.333333333333332,0.77694828824754,0.6744186046511628,72,4.2,0.036,0.03993076033536209,0.22231619305367614,1
14582,0.5914034197774829,17.333333333333332,0.7503700964279391,0.7560975609756098,39,3.8,0.09,0,0.5063950896684155,1
28631,0.900155440526467,98.75,0.868541190572549,0.6176470588235294,37,4,0.05,0,0.6066850616464671,1
26254,0.7315989134356895,97,0.8648606041083458,0.6590909090909091,39,3.9,0.002,0,0.8389578730860059,1
11517,0.6515910670374376,6.166666666666667,0.8032402732626887,0.6410256410256411,14,4.4,0.066,0.0009438909281594127,0.11279468588546868,1
24037,0.5617132309008159,18.75,0.7898853928253722,0.7916666666666666,56,4.3,0.148,0.0043670771188440505,0.14777218454882057,1
4030,0.7549851304413788,107.41666666666667,0.8953308813701177,0.6923076923076923,50,3.9,0.044,0,0.6312655086848635,1
8966,0.8138604354727625,15.916666666666666,0.7196629627177475,0.575,28,3.9,0.209,0,1.0069150122685702,1
16163,0.8250832157224526,6.5,0.7870096445405621,0.8048780487804879,33,3.2,0.224,0,0.4923124516627997,1
15054,0.7137292607409668,19.916666666666668,0.7955776820032451,0.6666666666666666,1,3.6,0.156,0.0006977819617169566,0.27594911482379514,1
13678,0.5767195802527787,19.833333333333332,0.7480392546123538,0.6888888888888889,34,4.4,0,0,0.45702796563699505,1
17665,0.5802182074599154,17.083333333333332,0.720840898969278,0.2765957446808511,43,3.7,0.188,0.0823078965941754,0,1
5074,0.6423775005087478,6.333333333333333,0.8254408005076106,0.6744186046511628,33,3.5,0.145,0.02023104245710653,0.1694915254237288,1
3423,0.6947946021542426,6.916666666666667,0.7679354182619491,0.9302325581395349,10,3.6,0.309,0,0.6374525270230792,0
10787,0.6619880380603351,18.583333333333332,0.7853614718605503,1,66,4.5,0.131,0.0052432549234067835,0.4699392759467853,1
19664,0.6385246952166089,17.416666666666668,0.7833111603019283,0.3409090909090909,97,3.7,0.071,0.11240381929498078,0.003203905713631856,1
12781,0.6569229745070613,6.666666666666667,0.83416876048223,0.5555555555555556,42,3.3,0.137,0,0.8433159892023003,0
9165,0.6620803685486303,16.166666666666668,0.7144869603272943,0.6304347826086957,37,4.4,0.147,0,0.6035244694200448,0
6607,0.8456733542869945,11.75,0.7239503481414388,0.6888888888888889,18,3.8,0.098,0,0.47041017103072497,1
18631,0.8930107247370146,6.833333333333333,0.7777943029477,0.9545454545454546,46,4.5,0.02,0,0.5376522999302238,1
17217,0.7280798055366309,18.083333333333332,0.7542866822715524,0.6888888888888889,35,3.9,0.011,0.012431834805775406,0,1
7110,0.8197967717226382,12.25,0.7289988532375227,0.7446808510638298,26,4,0.146,0,0.43248945147679324,1
20671,0.7978334743218122,101.58333333333333,0.8651162966629238,0.6521739130434783,47,3.9,0.142,0,0.42306668924312424,1
12228,0.6490068364269561,20.416666666666668,0.7571857352206393,0.675,10,4.8,0.22,0,0.6622776528317318,1
26000,0.6106008590335823,18.833333333333332,0.7855921869099873,0.6944444444444444,40,3.9,0.249,0,0.3183076923076923,1
14115,0.9080240554613388,6.833333333333333,0.7944841518737473,0.5833333333333334,55,3.2,0.188,0.001298060418812221,0.27573503365214314,1
12736,0.4998799943623756,6.583333333333333,0.8424063342026743,0.6222222222222222,63,3.9,0.113,0,0.9076633165829145,0
13954,0.7991923749133616,18.416666666666668,0.7974891945647037,0.6363636363636364,35,3.3,0.169,0,0.35523864124982085,1
13902,0.8188969125097315,6.166666666666667,0.6978286516892176,0.5813953488372093,9,4.4,0.087,0,1.0432311897568696,0
28381,0.8048548949580658,6.583333333333333,0.7994559554714575,0.10810810810810811,72,3.8,0.338,0,0.6351784644656636,0
24239,0.7278411154562502,9.5,0.6266000587053902,0.5,15,4.1,0.111,0,0.5110052189698208,0
25487,0.8190291152891068,9.666666666666666,0.6098721207246633,0.782608695652174,44,4.5,0.19,0,0.8137481853493939,1
12813,0.755307945657979,6.25,0.7459658815565646,0.6511627906976745,58,4,0.066,0,0.232108015296964,1
15314,0.9093563180048805,11.083333333333334,0.6716600667534128,0.4418604651162791,65,4.1,0.139,0,0.8697923468721431,1
12867,0.7886428481931116,10.083333333333334,0.6904409785069745,0.5,1,2.9,0.144,0,0.6155520149224731,0
5973,0.6609272143832652,11.583333333333334,0.6898120699667611,0.7073170731707317,25,4,0.107,0.036378522141381264,0.005525324403516115,0
12770,0.8306191890065535,104.33333333333333,0.8786783543383545,0.3333333333333333,11,4.6,0.007,0,0.5342208300704777,1
19405,0.7177731627224643,20.25,0.7656487897135169,0.5609756097560976,47,4.5,0.038,0,0.6025251223911363,1
17356,0.8022088581616242,101.83333333333333,0.8953176340887241,0.9047619047619048,57,3.4,0.165,0,0.3978451256049781,1
18840,0.49154863957228456,17.25,0.7129361446039502,0.7,105,4.5,0.11,0,0.4482484076433121,1
16855,0.7351947431757757,98.5,0.8451707305095171,0.8297872340425532,1,3.9,0.163,0,0.417027588252744,1
14089,0.8842371791112625,98.83333333333333,0.8784547244364763,0.35,43,3.4,0,0,0.6606572503371424,1
19936,0.7308398198947592,11.75,0.815739275790545,0.6097560975609756,51,3.5,0.131,0,0.30883828250401285,1
7489,0.8094135314292332,10.833333333333334,0.7840666331135662,0.6956521739130435,52,4.4,0.1,0,0.6010549509247513,1
21978,0.7337153987069978,12.416666666666666,0.6872886508128391,0.7111111111111111,1,4.6,0.164,0,1.1664391664391665,0
13643,0.8484011647132207,92,0.8562776560123282,0.7446808510638298,1,4.3,0.099,0.08499658594162023,0,1
11682,0.855788238766541,6.416666666666667,0.7193482755198142,0.5,9,4.3,0.166,0,0.5241397021058039,1
18770,0.7726863593974422,9.25,0.6277850763943496,0.5681818181818182,36,4,0.335,0.044884052380124016,0.0002663825253063399,1
3600,0.7399508061419875,10.583333333333334,0.7370738920147402,0.4358974358974359,33,4.6,0.019,0,0.30416666666666664,1
29684,0.8023558735914044,9.916666666666666,0.7104801146730719,0.7608695652173914,2,4.5,0.211,0,0.9112316399407088,1
6156,0.805979204028267,7,0.7897199793731465,0.5263157894736842,18,4.1,0.105,0.005177919268775235,0.5820337881741391,1
5526,0.6247940047652307,17.5,0.7428571428571429,0.5714285714285714,26,3.6,0.062,0.012094413377622584,0.15436120159247196,1
26973,0.8293879630675399,6.666666666666667,0.7681595376126074,0.6666666666666666,25,2.8,0.063,0,0.4893041189337486,1
8018,0.6815777239996272,90.58333333333333,0.8698877990420335,0.9285714285714286,39,4.2,0.174,0.0001644698197880689,0.2777500623596907,1
9290,0.7631410243063265,6.5,0.7779422041578362,0.85,54,4.9,0.003,0,0.19289558665231432,1
16559,0.8695838940401789,8.583333333333334,0.6394670946091818,0.9761904761904762,26,3,0.184,0.0018267817203702845,0.5404915755782354,1
16972,0.9170070227279096,6.166666666666667,0.8147120378269987,0.55,25,3.5,0.126,0,0.39736035823709637,1
14946,0.8388781921466393,10.5,0.6489945335318098,0.6111111111111112,13,4,0.138,0.022004408920086718,0,1
13951,0.7573608322740241,9.75,0.6673247785294263,0.6829268292682927,55,4,0.454,0,0.6990430450521486,0
21566,0.768296181911292,90.83333333333333,0.8760279197680083,0.5789473684210527,19,3.2,0.119,0.0018890869644828878,0.15538707658064965,1
30293,0.7255034334915815,6.75,0.7220165370568469,0.6938775510204082,22,4.5,0.26,0,0.6711562267888092,1
17641,0.7039359194998468,12,0.6995373937113343,0.8974358974358975,33,3.2,0.072,0.09373784256038777,0.10985771781645032,1
5499,0.6570109018560173,15.916666666666666,0.6927901444569509,0.7272727272727273,40,3.9,0,0.0032978255379106426,0.2926252614349368,1
13447,0.9109090246708242,6.5,0.7870096445405621,0.7317073170731707,17,4.7,0.166,0,0.6619320294489477,1
10204,0.4989838030063216,9.416666666666666,0.707696556373208,0.75,37,3.7,0,0.01920907082751172,0.23276326750624785,1
13815,0.7689093801191559,7.25,0.9004568501397197,0.46153846153846156,10,4.2,0.146,0,0.908755293351189,1
14954,0.6527419348287551,11.333333333333334,0.7548039411686314,0.868421052631579,6,3.8,0.301,0,0.6225090276849004,0
2205,0.7420570747606807,10,0.7918334000533868,0.8913043478260869,28,3.1,0.073,0.0014024458655895883,0.061224489795918366,1
25712,0.7559852919322856,105.83333333333333,0.896003357599376,0.5945945945945946,66,3.9,0,0.03758779865681767,0.31188378741030276,1
6267,0.6298205356563987,10.333333333333334,0.708782740560197,0.85,10,3.8,0,0,0.4127971916387426,1
12108,0.7773950918598167,9.25,0.7498478670826159,0.6829268292682927,25,3.5,0.09,0.13459101143932278,0,1
22036,0.7913837390049078,101.33333333333333,0.8927006155901309,0.6086956521739131,70,4.2,0.191,0,0.5630459939642849,1
8641,0.7726178957149057,11.75,0.8124921409020952,0.7804878048780488,11,3.7,0.031,0.003606905057798896,0.24535617151785197,1
22789,0.5969594353930178,21.916666666666668,0.8078060538996181,0.3953488372093023,44,3.3,0.084,0,0.6787046382026416,0
14751,0.6281360494131922,10.083333333333334,0.7300416037841144,0.3684210526315789,29,3.2,0.03,0.018523769838301795,0.2984204460714528,0
19669,0.6124471863486782,17.916666666666668,0.7397426077481344,0.6388888888888888,26,3.7,0.106,0.06620005207298961,0,1
2226,0.7897740028302412,92.5,0.8446161393704477,0.9565217391304348,64,3.9,0.262,0.1030372248864474,0,1
3101,0.8081222007635687,10.333333333333334,0.7061150458340548,0.95,27,3.5,0.155,0,0.5543373105449855,1
18319,0.8083068549252089,6.083333333333333,0.7277451107623043,0.8,13,3.3,0.303,0.013103419789189706,0.2855037257417365,0
8057,0.8283245039426687,10.833333333333334,0.6032677859006883,0.7727272727272727,19,4.1,0.292,0,0.48380290430681394,1
15606,0.8027580822017129,100.75,0.8865323735466633,0.391304347826087,43,4.5,0.27,0,0.21017557349737281,1
5275,0.7282588885748869,97.75,0.8637602205382789,0.725,17,3.6,0.099,0,0.4813270142180095,1
19600,0.7699176506027938,6.416666666666667,0.7665947953816699,0.9782608695652174,9,4.2,0.112,0.02730583915075245,0.11535714285714285,1
3180,0.6313299487023583,18.416666666666668,0.7005700768042407,0.5833333333333334,1,3.1,0.145,0,1.048427672955975,0
11309,0.6805082565220204,18.083333333333332,0.7158135094831966,0.825,53,3.8,0.122,0.018060209162041246,0.32425501812715535,1
22071,0.7670011257112979,100.75,0.8436855861724321,0.5609756097560976,50,4.7,0.102,0,0.34121698155951247,1
11311,0.7043636219975697,5.833333333333333,0.8170535932162043,0.5853658536585366,14,3.8,0.056,0.026964446146343763,0.2391583042305822,1
7819,0.741699708571471,93.16666666666667,0.8742281360217814,0.7948717948717948,53,4.2,0.098,0,0.28264483949354136,1
5210,0.6639292328222034,7.166666666666667,0.8040430285307824,0.7692307692307693,1,5,0.044,0.025986718555584123,0.336468330134357,1
14221,0.6129518454860465,17.833333333333332,0.8128506131355067,0.7380952380952381,25,4.5,0.18,0,0.9965543913930104,1
20889,0.8360743273257613,10.083333333333334,0.7067571074510716,0.46808510638297873,17,4.7,0.069,0.005005096354655659,0.572693762267222,1
16192,0.7813711078886902,6.666666666666667,0.8725245121601803,0.5853658536585366,8,4.1,0.233,0,1.0641674901185771,0
7337,0.7918896591187424,6.166666666666667,0.7628388003407535,0.4523809523809524,1,4.1,0.076,0.04886936704451723,0,1
2072,0.8381442820319017,6.333333333333333,0.7022708289740852,1,59,4.4,0.215,0.018339890198668406,0,1
16229,0.8529304190352324,10,0.686418537962887,0.7555555555555555,25,4.4,0.081,0,0.7108879166923409,1
16496,0.6134467492384459,99.83333333333333,0.8849290515172574,0.6875,15,3.9,0.073,0,0.5618331716779825,1
7463,0.7359122661540267,19,0.7125268489794045,0.9574468085106383,42,4.3,0,0,0.27241055875653225,1
13344,0.7054346967034104,16.916666666666668,0.7642148188418854,0.5319148936170213,14,3,0.083,0,0.6825795331060067,0
13263,0.5738489433425884,18.5,0.6836567591697398,0.6956521739130435,58,3.6,0.023,0.1145233967211748,0,1
12411,0.8612513100879442,102.91666666666667,0.8936740047635257,0.8888888888888888,65,4.5,0.235,0.0005387294840004723,0.10007251631617115,1
5875,0.7559469923386166,16.666666666666668,0.6821950283585859,0.46511627906976744,10,3.1,0,0,0.8199148936170213,0
2115,0.6914688825633248,6.5,0.7779422041578362,0.6326530612244898,4,4.4,0.082,0.0028742975832270353,0.10309765902104516,1
19786,0.7135564348896275,10.833333333333334,0.7012848024777292,0.8297872340425532,65,4.1,0.124,0,0.6675090343938743,1
7596,0.45169555836687325,17.416666666666668,0.7353673337985678,0.7272727272727273,41,4.2,0.024,0,0.6734250543084721,0
9797,0.7074641007770943,11.583333333333334,0.7305277582686613,0.4444444444444444,48,4.5,0.035,0,0.6311437758383096,1
6495,0.8854025930954953,7,0.7595355967056647,0.5238095238095238,58,4.6,0.045,0,0.38078374008776655,1
10693,0.8750931913093802,98.58333333333333,0.8730038205773794,0.6666666666666666,34,4.1,0.286,0,0.6315346488356869,1
15542,0.744192107442956,6.75,0.772691942721951,0.6136363636363636,43,4.2,0.087,0,0.7477158666838245,1
1988,0.7013053602339352,6.833333333333333,0.762273308663196,0.5897435897435898,31,4.4,0.004,0,0.5271629778672032,1
8662,0.6863326015184448,98,0.8654633983566932,0.4722222222222222,1,3.4,0.166,0,0.18276280090053687,0
27189,0.7686947251393199,5.666666666666667,0.7000576756710126,0.5365853658536586,5,3.1,0.037,0,0.43168986887838606,1
1961,0.7063575247247992,96.33333333333333,0.8718554727533481,0.825,47,4.8,0.133,0,1.2417134115247324,1
18360,0.6354296240329533,6.333333333333333,0.7829944407569652,0.7317073170731707,30,4.1,0.113,0.012143525159708677,0.05109071597810398,1
13059,0.7984945387709103,7,0.7979694910895578,0.75,44,4,0.147,0,0.6946433357583184,1
13467,0.6897876441931737,19.416666666666668,0.8090731637808135,0.4791666666666667,39,4.2,0,0,0.1537147736976943,1
10420,0.5818115580694704,17,0.7019865852241046,0.6739130434782609,39,3.6,0.125,0.008453757691293669,0.25164355295359664,0
6749,0.8179430169570974,97.33333333333333,0.8660875698902935,1,88,5,0.052,0,0.5581981181003186,1
9100,0.8024504407918879,95.83333333333333,0.8821875509256352,0.775,7,4.3,0.172,0,0.6812087912087912,1
17210,0.6166029737915835,15.416666666666666,0.6872796613163086,0.5853658536585366,45,4,0,0.023745021431432544,0.2500944245910689,1
14484,0.9142614483723639,6.5,0.7372576726677026,0.8181818181818182,14,3.8,0.104,0.029818226448281828,0,1
9212,0.4912035677219353,6.5,0.7870096445405621,0.5,63,2.7,0.191,0,0.2967867998263135,0
12771,0.7191177280764929,18.666666666666668,0.7230703139415924,0.8536585365853658,20,4.3,0.234,0,0.7001292040249011,1
25831,0.7614990013782588,103.41666666666667,0.8710843076253134,0.5681818181818182,7,4.3,0.177,0,0.8459602802833804,1
16337,0.7885331333191077,6.666666666666667,0.760208423834364,0.475,1,3.7,0.105,0,0.5530391136683601,0
2090,0.708035475605008,6.666666666666667,0.7849418683239343,0.47619047619047616,28,4.3,0.19,0,0.6231155778894473,0
11200,0.7451307905261337,99.75,0.8845937910794492,0.7954545454545454,94,4.5,0,0,0.8147685164516273,1
8353,0.8438201993788157,10.25,0.6963439122441772,0.6111111111111112,34,3.5,0.358,0.030050901752274206,0.3700466898120436,0
23271,0.8605728268230908,10.083333333333334,0.6553610006282142,1,12,3.9,0.202,0,0.37059796738359724,1
23537,0.8520232012173612,10.833333333333334,0.6850847770698658,0.6739130434782609,22,4.2,0.138,0.03195475068625666,0.13697582529634192,1
7831,0.7670462360721451,6.333333333333333,0.7927892664733733,0.9777777777777777,7,3.4,0,0.02998167230214424,0.05363642168443905,1
17067,0.7980015019051461,10.416666666666666,0.5716450070327183,0.8666666666666667,4,4.8,0.13,0.03295620550145959,0.1129079510165817,1
15670,0.7462774858060655,18.333333333333332,0.7017960096935141,0.5609756097560976,7,3.4,0.054,0,0.6269942565411615,1
20258,0.5693044331887398,100.25,0.8608174936421364,0.7142857142857143,56,3.5,0.288,0,0.3768881429558693,1
4445,0.6964698203135158,9.583333333333334,0.6885305271552641,0.5121951219512195,12,4.8,0.074,0,0.6054674316571043,0
14269,0.8103857616113206,9.833333333333334,0.6313802852384484,0.9743589743589743,10,3.7,0.283,0.07464616240289168,0,1
18733,0.7358978669088159,99.66666666666667,0.8408118099357555,0.7906976744186046,27,3.9,0.15,0,0.8745228880288269,1
18920,0.7261035987191717,10.833333333333334,0.6965679550259074,0.5531914893617021,53,4,0.189,0,0.38890063424947147,1
3730,0.7890159863499197,101.33333333333333,0.8496167177544414,0.6904761904761905,48,4.1,0,0,0.504289544235925,1
10842,0.5761110453480667,15.75,0.7708927503215771,0.6739130434782609,53,4.1,0.094,0,0.40990637826868975,1
15600,0.5173890924618008,98.41666666666667,0.8507550100454385,0.75,17,3.3,0,0.009118311871365503,0.363974358974359,1
27439,0.8029438249249492,6.916666666666667,0.8091207287017487,0.6904761904761905,10,4.2,0.124,0,0.6447756842450527,1
18185,0.7832816507292895,6.583333333333333,0.8092845674263371,0.7884615384615384,13,4.2,0.026,0,0.9572724773164696,1
13623,0.7859488089813966,11.166666666666666,0.7195776980887174,0.725,34,4.2,0.056,0.0011840191801281296,0.4455129381537897,1
3340,0.7396128109493498,103.91666666666667,0.8931693130155554,0.35555555555555557,31,3.9,0.17,0.0003085818229065159,0.14762689025303188,1
26515,0.8558377904287053,97.25,0.8724545350967974,0.875,41,4.8,0.171,0.09201918895621107,0.046577409013765794,1
22171,0.7894075737662105,11.166666666666666,0.6496509076326715,0.6666666666666666,40,2.8,0,0.0024322881348648375,0.15800275140389256,1
3025,0.6888142636284944,18.75,0.7887602730966019,0.6818181818181818,23,5,0.178,0,0.8409917355371901,0
19396,0.9031973190162108,7,0.8065705141753343,0.3181818181818182,12,4,0.05,0.11100473746365147,0,1
24275,0.3882152405405156,16.5,0.6924578313608418,0.631578947368421,33,4.5,0.061,0,0.3779608650875386,0
9249,0.5766778539468155,18.666666666666668,0.7095811434412395,0.7317073170731707,26,4.4,0.183,0.0011509626232849293,0.45983349551302843,0
12918,0.7859345610840663,6,0.7454124613913422,0.2857142857142857,46,4.2,0,0.016169484754355104,0.3862202438552351,1
4223,0.6975557357134539,10.416666666666666,0.6686995321464215,0.775,18,4.6,0.039,0,0.3135211934643618,1
12070,0.9146962109830722,7,0.7979694910895578,0.8095238095238095,91,4.4,0.187,0.023039146306229958,0.044573322286661145,1
22691,0.7733014299107384,7.166666666666667,0.8040430285307824,0.9,35,4.5,0.15,0,0.7155259794632233,1
14454,0.7211492388774867,15.666666666666666,0.6721056381399481,0.7555555555555555,11,3.7,0.217,0,0.9168396291683963,0
10039,0.7714440438262854,6.583333333333333,0.7561853128574908,0.4772727272727273,31,4.9,0.053,0,0.7757135030133984,1
4854,0.832658380189977,10.583333333333334,0.7075992972027222,0.6578947368421053,59,3.8,0.011,0,0.5422332097239391,1
12506,0.7533043089533263,102.33333333333333,0.9109431718925581,0.6756756756756757,32,4.1,0.082,0.015399216535906703,0.11794810283475271,1
34010,0.8097466801032193,6.916666666666667,0.8283396765207831,0.8333333333333334,1,4.4,0.125,0,0.8868698451903144,1
9737,0.6341354214621446,19.916666666666668,0.807213288142121,0.7857142857142857,17,4.5,0.299,0.005239968306539577,0.592893088220191,0
4504,0.8197306744484538,6.666666666666667,0.7681595376126074,0.6363636363636364,15,4,0.247,0,0.8160319751304541,0
2392,0.6494521519500678,98.41666666666667,0.865426924172263,0.8095238095238095,24,4,0.246,0,0.586242943759147,1
2594,0.6682325100598219,9.083333333333334,0.6534343712380899,0.7916666666666666,1,3.9,0.191,0.0831434737201502,0.02814729130518604,1
12569,0.6902139773912924,10.166666666666666,0.6301470763056236,0.9803921568627451,19,4.9,0.072,0,0.630280849709603,1
15387,0.8285341291264757,9.75,0.6443992467912014,0.725,17,3.9,0.204,0.00015966047377262614,0.4212783933968089,1
18475,0.7351800318342001,11.333333333333334,0.681184067813547,0.5111111111111111,73,4.2,0.143,0.06226872372931119,0,1
8539,0.7434937561008839,6.083333333333333,0.7448227943808609,0.8604651162790697,8,3.8,0.045,0,0.6486708045438576,1
8867,0.3817347909087071,16.75,0.8033094785992956,0.65,1,4.7,0.244,0,0.7022668320739822,0
9857,0.7308682850110506,96.33333333333333,0.8653627926758221,0.8181818181818182,1,3.7,0.167,0,0.4355501445746462,1
1801,0.7364997319109648,98.33333333333333,0.8769580243194472,0.6904761904761905,9,4,0.088,0.0090756472873177,0.14051652318800334,1
14950,0.74468851221498,6.25,0.7633568086760154,0.6046511627906976,43,3.6,0.331,0,0.4443478260869565,0
27625,0.8994792039851855,96.66666666666667,0.8528915240848169,0.6153846153846154,9,2.7,0.228,0,0.45351047077775164,1
12412,0.7031579390843454,6.25,0.714342862858286,0.9487179487179487,51,3.3,0.152,0,0.7757815017724783,0
9893,0.9082884162486461,7.083333333333333,0.7591824765828386,0.8444444444444444,39,4.1,0.116,0,0.317800464975235,1
10093,0.8787711322373003,96.08333333333333,0.872784107854913,0.1891891891891892,19,4.3,0.174,0,0.39631427722183693,1
11334,0.6279460367972863,18.333333333333332,0.8585786437626906,0.5306122448979592,1,3.7,0.141,0,0.8340759694710372,0
13637,0.8006428737336562,95.58333333333333,0.8947310114669933,0.9736842105263158,26,5,0.269,0.007756032015261294,0.11036151646256508,1
4731,0.7230851894286814,9.666666666666666,0.6746903057911515,0.6585365853658537,46,4.8,0.015,0,0.5713983722650883,1
11551,0.8535187416868184,12.083333333333334,0.795997248858634,0.8837209302325582,1,3.3,0.047,0.1304091230093337,0,1
17757,0.5676803442682967,6.5,0.7448750161265076,0.6052631578947368,31,3.8,0.307,0.0002844783587272103,0.30828147438966014,0
16015,0.5523944293153189,19.5,0.7682830476628041,0.5714285714285714,29,4.2,0.176,0.06980063657535124,0.12226419807049861,1
30240,0.7446970359077386,9.25,0.8227719317756216,1,53,3.6,0.1,0,0.6720349212123217,1
12199,0.7268010661661203,99.08333333333333,0.8609783827321903,0.8409090909090909,53,3.9,0.285,0.001379526948562646,0.23961962536377424,1
9186,0.671160992864754,6.666666666666667,0.7849418683239343,1,18,4.5,0.059,0.014984302834153656,0.2902400522562735,1
5573,0.6448205255170196,6.833333333333333,0.8126549817593023,0.8541666666666666,44,3.5,0.159,0.08825409523323063,0,1
27816,0.6834693784302606,101.66666666666667,0.8757554405147776,0.46511627906976744,17,3.9,0.13,0,0.5779767040552201,1
13526,0.8376553167843699,96.58333333333333,0.8680516931188778,1,25,4,0,0,1.5899748632263788,1
13407,0.6522235990532805,9.916666666666666,0.7134219679835305,0.5227272727272727,16,3.8,0.072,0,0.5304143512475292,0
23107,0.660842385271933,19.25,0.8328421248804517,0.9767441860465116,12,3.5,0.173,0,0.45064266239667633,1
2032,0.6841500810563214,17.916666666666668,0.7397426077481344,0.76,42,3.7,0.25,0.01487437272767117,0.22883858267716536,0
12140,0.5577704549835345,16.416666666666668,0.6341302111209667,0.7674418604651163,66,4.4,0.004,0.046195101249310803,0,1
17318,0.6382298488899103,101,0.905119098934224,0.6521739130434783,25,4.6,0.182,0.03444239147764338,0.17374985564152903,1
16504,0.6685854010230954,10.083333333333334,0.7489180573394494,0.45,14,4,0.137,0.026383445930746614,0.16232920289635533,1
11428,0.8588547637925597,104.41666666666667,0.874370735600239,0.07142857142857142,10,4.5,0.058,0,0.8519425971298565,1
9887,0.6151460977502126,18.5,0.8356010126946427,0.6530612244897959,49,3,0.201,0,0.9047691296212006,0
26551,0.6644204487202277,18.75,0.8368822284133105,0.5365853658536586,37,3,0.135,0.01531840935794617,0,1
13319,0.8059928534650513,92.33333333333333,0.8757786965047996,0.9230769230769231,46,3.9,0.173,0,1.1240333358360237,1
9700,0.7402449228267644,11.916666666666666,0.759070864658011,0.717391304347826,8,4,0.138,0,0.5631958762886597,1
24245,0.5224366181949729,15.916666666666666,0.6992831312926832,0.8043478260869565,55,4.6,0.197,0.0026514056515140566,0.7915197261234507,1
7433,0.7788801007744377,98,0.9023922118892398,0.6046511627906976,5,4.1,0.206,0,0.3716111671712075,1
6624,0.6705687466634997,18.5,0.7469446503569704,0.7045454545454546,75,3.9,0.007,0,1.0280063410583529,1
3649,0.69818917007513,5.583333333333333,0.8456107398091254,0.35555555555555557,9,3.6,0.061,0.015364786711747328,0,1
18112,0.7028506031248025,6.583333333333333,0.855119960224562,0.4782608695652174,64,4.8,0.035,0.018864856058503392,0.29114098777020125,1
10996,0.5741842228760802,11.5,0.8039456629207438,0.8,46,4.1,0,0,0.628865041833394,1
11701,0.8270805485179432,6.75,0.7893984924786175,0.75,18,3.7,0.105,0,0.6073839842748483,1
14543,0.7624924405509583,100.5,0.8634783807560971,0.8409090909090909,55,4.4,0.108,0.0021142362530235134,0.5884820354134433,1
8823,0.7644458826950231,96.66666666666667,0.8424700168206839,0.7441860465116279,1,4.2,0.19,0,0.3803910456219892,1
11009,0.6717858266725416,20.166666666666668,0.848735494068404,0.6585365853658537,8,4.4,0.103,0,0.5440094468162413,1
8416,0.565655349679555,17.166666666666668,0.7659811496467195,0.425531914893617,1,4.4,0.268,0,0.527003743093102,0
12180,0.5414051238364342,101.58333333333333,0.8635093598175976,0.8205128205128205,43,4.2,0.188,0.16084325328402618,0.14639353011207357,1
18904,0.8873069391053712,10.083333333333334,0.6601506579346762,0.36585365853658536,28,3.7,0.227,0.01247865189124723,0,1
2776,0.5986432244551996,18.083333333333332,0.7324409517604648,0.6666666666666666,51,4.5,0.189,0.0019019786733994485,0.42010448567825615,1
25050,0.735246579420274,17.75,0.7756772335136095,0.5135135135135135,70,4.7,0.006,0,0.6392542765324657,1
9319,0.7542453786927323,9.166666666666666,0.5849922832540608,0.8,45,3.4,0.277,0.19327409126981743,0,1
1870,0.8004220875249546,6.75,0.7571319065073333,0.6458333333333334,46,4.1,0.164,0,0.813586520460016,1
19397,0.6514232479291662,94.58333333333333,0.8454880746813012,0.6666666666666666,39,4.1,0.251,0,0.31289150104400276,1
11198,0.7028367779242033,16.666666666666668,0.7916733334400035,0.8604651162790697,17,4.3,0.065,0.12675619614430392,0.09162759544541192,1
14925,0.7671922319594705,11.5,0.6795167480073045,0.42857142857142855,24,4.4,0.017,0.01764523442315189,0,1
12598,0.9110448469774511,103.75,0.8409821113070225,0.6341463414634146,21,4,0.182,0,0.2046437785274856,1
7823,0.6249153832449952,11.75,0.7111289098664355,1,9,4,0.112,0,0.789261744966443,0
12898,0.8227107902579354,9.833333333333334,0.698228918393816,0.5813953488372093,70,5,0.229,0,0.4397581020313227,1
7719,0.6417371800134475,17.75,0.7710094197510385,0.6222222222222222,12,4.1,0.179,0.051459387388601674,0.1221660836895971,0
3887,0.8411749399919667,98.25,0.8402475979487924,0.8529411764705882,42,4,0.001,0.12225623554629726,0.18860156953557186,1
9561,0.7793813095753985,97.25,0.8645477565953749,0.6666666666666666,2,4.2,0.029,0,0.7520527169081115,1
11972,0.6395845010753383,6.25,0.8256440422583731,0.975609756097561,72,4.6,0.179,0,1.5636302886020967,1
16143,0.8773263872302617,101.41666666666667,0.8492490608830001,0.6097560975609756,27,4.5,0.145,0,0.6441801399987611,1
1833,0.7838320387460651,99.25,0.8772788662665364,0.6410256410256411,12,3.7,0.261,0.020011694291750034,0.320240043644299,1
19859,0.5476548913064168,96.75,0.8736137346840961,0.7435897435897436,50,4.3,0.048,0.0024816483149816483,0.59354936173427,1
10839,0.5745789678364164,7.25,0.803922734376644,0.43478260869565216,12,3.9,0.017,0.1693390147085548,0,1
8466,0.8864314982052836,10.5,0.6975784304244818,0.7560975609756098,30,3.6,0.105,0,0.933971178832979,1
11152,0.7832930558081898,95.66666666666667,0.8886924540420678,0.4634146341463415,1,3.8,0.156,0.04043473514769833,0,1
10283,0.6865063287462748,99.25,0.8897715038436218,0.5,52,4.8,0.111,0,1.1021102791014294,1
12360,0.9551612158224465,6,0.77433226653789,0.40476190476190477,84,4.1,0.191,0.00433258699186402,0.1660261337432744,1
11166,0.7114668531750143,17,0.7760066733569438,0.6842105263157895,90,4.5,0.215,0,1.0974877972325467,1
20200,0.5478719424318823,20.666666666666668,0.7824074586575478,0.75,33,3.4,0.13,0,0.2649009900990099,1
8281,0.6474676901470109,11.333333333333334,0.7320460712016383,0.40425531914893614,65,3.6,0.342,0.09253168578008619,0.09926936779180001,0
3068,0.843924600610806,10.333333333333334,0.6224290351380767,0.9761904761904762,33,3.4,0.038,0.01764355293128943,0.17897310513447431,1
7674,0.8702689977612834,6.25,0.8026846855073502,0.574468085106383,28,3.7,0,0.0010063136184099868,0.28759447485014333,1
25749,0.7355013378220996,5.833333333333333,0.7492867317887966,0.5384615384615384,1,4.3,0.128,0.006338947177569706,0.0270301759291623,1
20691,0.7761197700668515,6.5,0.7779422041578362,0.9210526315789473,46,4,0.093,0,0.5995021869940311,1
12983,0.7395552854244543,10.25,0.6835528381133567,0.7,2,3.5,0.107,0,1.1310610437126902,0
17460,0.9223544923238681,101.75,0.887004596682389,0.717391304347826,26,2.5,0.233,0,0.36706758304696446,1
17349,0.653385784901712,18.333333333333332,0.717157287525381,0.5454545454545454,37,3.5,0.135,0.007888641980704417,0.3633743551315676,1
3249,0.5091567646534574,18.333333333333332,0.6952171888319961,0.925,51,4.9,0.268,0,0.8454909202831641,0
14896,0.7247495689621446,9.916666666666666,0.6544389042865195,0.8571428571428571,18,4,0.105,0,0.4212681682387298,0
11134,0.6195643303152379,20.75,0.7344837803041672,0.5,9,4.1,0.214,0.031830785841525266,0.13454888399874254,0
19020,0.891167598461116,6.5,0.7779422041578362,0.5333333333333333,1,3.6,0.159,0,0.4672572885722548,1
24852,0.656151837951052,19.416666666666668,0.7311851645529683,0.6,79,4.6,0.1,0,0.7275214775768062,1
8556,0.7889947827542234,94,0.8388962171404177,1,1,3.7,0.027,0,0.7521477412190988,1
17007,0.6778222750857987,18.833333333333332,0.7587785279568316,0.5333333333333333,28,3.4,0.136,0,0.8481801611101312,0
9086,0.5181360407986995,9.916666666666666,0.6852383058768396,0.6585365853658537,18,4.4,0.337,0,0.838102575390711,0
18918,0.6238004996683053,17.583333333333332,0.7114448447414451,0.6956521739130435,1,3.6,0.021,0,0.3990379532720161,1
15200,0.6740754190075792,6.666666666666667,0.7238659745703184,0.40425531914893614,27,4.4,0.188,0,0.18802631578947368,1
20547,0.7706032551498705,99.58333333333333,0.9292948926974438,0.6666666666666666,32,4.4,0.17,0.048630555893848015,0,1
12448,0.6527406887229754,11,0.7272727272727273,0.9130434782608695,50,3.8,0.127,0,0.8509339224743925,0
7856,0.6409064850672044,95.58333333333333,0.880221171194123,0.5625,28,3.9,0.271,0.1314285175116192,0,1
12133,0.8253408382039136,101.83333333333333,0.8684446057996165,0.7083333333333334,13,4.7,0.288,0.048447173016207684,0.2053078381274211,1
16232,0.5370726658658181,101.91666666666667,0.8817496384073754,0.5652173913043478,84,3.7,0.078,0,0.8896281920956165,1
11464,0.856965512143203,6.333333333333333,0.773623019288352,0.8421052631578947,9,4.3,0.198,0.005565370205945826,0.21520478038993326,1
4359,0.8358019355514088,7.416666666666667,0.7700057360622616,1,33,4.4,0.107,0,0.17804290466903752,1
33490,0.5063215482348038,16.916666666666668,0.6643371297354788,0.7441860465116279,34,4.3,0.026,0,0.5973424902956106,0
10188,0.6016630122186764,11.5,0.7019280608521286,0.5384615384615384,45,4.6,0.229,0,0.43551236749116606,0
9303,0.7898440480675969,9.833333333333334,0.709877241209768,0.7,34,3.4,0.096,0.1203376720268614,0.29927438860521366,1
11041,0.8745357483415241,12.916666666666666,0.7916418675876755,0.8,41,4.2,0.15,0.0014737328164294457,0.40460124088582944,1
14828,0.8841012506778427,6.666666666666667,0.6979238506601357,0.868421052631579,14,4.4,0.127,0.09449801171269878,0.09280053953802057,1
28444,0.7970841484258419,97.58333333333333,0.9119995454693102,0.8,58,3.8,0,0.000923912840091713,0.28600559002935644,1
9097,0.7897691810258367,10,0.7201190729375556,0.7619047619047619,69,4.4,0,0,0.636948276809762,1
22267,0.6755781630954528,19.083333333333332,0.7298569811664359,0.7659574468085106,1,3.7,0.15,0.054811821139973634,0.09660251947993623,1
14377,0.7348614332039947,95.16666666666667,0.8602127071607188,0.10256410256410256,13,4.5,0.232,0.09120891344928599,0,1
5912,0.7816293520188334,6.5,0.8064145016597244,0.85,18,3.6,0.066,0,0.8141757591135922,1
5020,0.6251996056002896,98.16666666666667,0.8564285474640737,0.43243243243243246,6,3.7,0.234,0.022791113348299013,0.1695219123505976,0
22225,0.7883335664977316,7.75,0.6790363106107677,0.7906976744186046,48,3.7,0.101,0,0.7779527559055118,1
1828,0.42341074938946777,18.75,0.7944474474693836,1,31,3.6,0.239,0.00042871818426777267,0.5054704595185996,0
11766,0.8445413951924088,6.833333333333333,0.762273308663196,0.425,8,3.2,0,0,0.8700012749139433,0
7209,0.5914990035278602,9.333333333333334,0.6357843204576583,0.35,1,3.8,0.097,0.001175880425709574,0.07809682341517547,0
21825,0.8101233271886804,97.5,0.8534194263799338,0.5581395348837209,58,4.1,0.13,0,0.2574112256586483,1
6827,0.7221147457293272,6.833333333333333,0.7944841518737473,0.9743589743589743,52,3.6,0.169,0.03940783880276558,0,1
10154,0.7420699854114754,19.583333333333332,0.7359301023982944,0.6666666666666666,52,3.5,0.041,0,0.7071453193480081,1
13769,0.8054509863828123,6.583333333333333,0.7561853128574908,0.8837209302325582,74,4.3,0.167,0.04646692739954816,0.11722409848567382,1
2968,0.6765336722001991,6.583333333333333,0.7561853128574908,0.6666666666666666,13,4.8,0.161,0,0.8896377422072451,0
15619,0.448288119947699,18.666666666666668,0.7713169915202555,0.6818181818181818,46,3.3,0.09,0.005023106715245507,0.25104039951341317,1
1677,0.7180470976904856,97.83333333333333,0.877283281339339,1,57,4.5,0.248,0.0017201051732389026,0.27318818968088276,1
11366,0.8946965692675419,11.666666666666666,0.7833464158842414,0.4358974358974359,1,4.7,0.161,0,0.6487176103119089,0
4034,0.7526750478038983,9.666666666666666,0.7156478878884371,0.7857142857142857,34,3.5,0.026,0,0.5602379771938523,1
5892,0.7130905463697585,93.91666666666667,0.884871553547478,0.627906976744186,33,2.9,0.062,0.001240762823650497,0.4404276985743381,1
11062,0.7281830321580252,6.166666666666667,0.7204302585732811,0.8780487804878049,27,3.5,0.138,0.011487138159962149,0.32825566152872576,1
19842,0.659269931833572,17.666666666666668,0.735176059478902,0.4444444444444444,13,3.9,0.166,0.003730565292531273,0.34699123072270943,0
19418,0.819937891321074,10.833333333333334,0.7012848024777293,0.9767441860465116,48,3.6,0.308,0,0.7463885670142912,1
16085,0.7234968587062387,15.666666666666666,0.696855173430319,0.4117647058823529,31,3.5,0.091,0,0.7520283502751096,0
18004,0.9395194886520193,5.833333333333333,0.7492867317887966,0.5121951219512195,37,3.6,0.101,0,1.0906768128419475,1
8813,0.6252249515490418,95.75,0.8559702515425556,0.6428571428571429,18,3.9,0.291,0.00291061436288441,0.25259574468085105,1
1877,0.7508415427720501,7.083333333333333,0.7591824765828386,0.5384615384615384,17,3.5,0.112,0,1.177943526904635,0
2021,0.9448007110555804,92.66666666666667,0.8712300552541816,0.7567567567567568,53,3.4,0,0,1.0076713684731502,1
19870,0.7014671749655579,7.583333333333333,0.809982236639664,0.4634146341463415,31,4.9,0,0,0.5226975339708103,1
16333,0.6286421794311263,16.333333333333332,0.6315210186680043,0.3684210526315789,42,4.2,0.003,0,0.38904025715597734,0
12108,0.6041005906460614,97.5,0.8458407743857348,1,10,4,0.012,0.07891904700152479,0.03510220937435474,1
25169,0.7602278122693544,6.833333333333333,0.7777943029477,0.65,24,3.8,0.155,0,0.49256014462522596,1
2011,0.627401970407591,20.75,0.8051070593003867,0.8444444444444444,38,4.5,0.28,0,0.37950758517781646,1
14939,0.6671052754880034,19.166666666666668,0.68419096004635,0.5121951219512195,64,4.1,0.268,0.0025518448799503424,0.37728018207986075,0
3193,0.5614099614890808,20.25,0.7339704303062718,0.6216216216216216,40,4.3,0.25,0,0.8838083307234575,0
11950,0.7978769303478765,6.416666666666667,0.7754335523923301,0.5531914893617021,1,3.4,0.094,0,0.731913469182811,0
22684,0.44602456047189276,19.333333333333332,0.768361571680269,0.8260869565217391,44,4.1,0.175,0,0.5325339446305766,1
24350,0.7590839714339076,7,0.8350427802315354,0.775,60,3,0.002,0,0.4370931641306803,1
11782,0.7527151211804306,9.833333333333334,0.6360862618036629,0.5641025641025641,1,4.1,0.024,0.02087594829904689,0.2796638940757087,1
18702,0.7321967165758063,6.666666666666667,0.8232233047033631,0.4888888888888889,38,4,0.097,0,0.6250835494479052,1
26618,0.7492191682193323,93.08333333333333,0.8631606094182498,0.5,9,3.5,0.012,0,0.6839109608340378,1
4369,0.6939977952019722,8.75,0.6473617413033597,0.6744186046511628,31,5,0.127,0.031455050937397436,0,1
22523,0.9010591074694765,12,0.7618551638960799,0.54,58,4,0.082,0,1.128071928071928,1
12090,0.8127880613184346,6.5,0.7372576726677026,0.6216216216216216,13,4.1,0.148,0,0.6939906530460317,1
14191,0.835325186382927,6.916666666666667,0.7330298818534899,1,58,3.9,0.076,0,0.7359853423064726,1
21881,0.842356252259493,6.5,0.7779422041578362,0.5,55,3.4,0.265,0,0.268823838577729,1
2258,0.8325420017901268,100.83333333333333,0.892816576285134,0.6363636363636364,13,4.1,0.182,0.0011904761904761904,0.258193091231178,1
18232,0.7297992453619759,96.75,0.866622272345406,0.6585365853658537,29,4.1,0.052,0,0.6306494076349276,1
17809,0.7810915027005241,6.583333333333333,0.764203341643074,0.7857142857142857,24,4.2,0.218,0,0.30771822444338376,1
26015,0.7558019660796073,93.08333333333333,0.8623896442684038,0.7446808510638298,56,3,0.015,0,0.30882183355756293,1
14003,0.69705366556437,15.75,0.7100548410831692,0.5909090909090909,50,4.7,0.222,0,0.6182467416532762,0
15398,0.7428828899892564,9.416666666666666,0.6111226098633658,0.8888888888888888,10,3.3,0.197,0.09554179252737706,0.13125081179373946,1
17407,0.6749507120866729,15.75,0.7580558017952661,0.8444444444444444,23,4.5,0.185,0,0.6962141667145402,1
2037,0.7168722242237482,10.666666666666666,0.6954126767247198,0.48936170212765956,36,3.4,0.216,0.028024767802474593,0.11782032400589101,0
23412,0.633159196661182,18.083333333333332,0.7876680915482346,0.6829268292682927,46,3.9,0.248,0.0025386784016845727,0.43281223304288396,0
2155,0.7627953932428779,93.08333333333333,0.8665769442533087,0.55,26,4.3,0.25,0.0003584743332377402,0.6566125290023201,1
32911,0.7830490439885136,6.083333333333333,0.7195960343772778,0.8,38,5,0.146,0,0.7406146974369882,1
8018,0.8831624584219384,94.58333333333333,0.8133260236767925,0.62,38,3.7,0.124,0,0.5564978797705163,1
22888,0.7138265808572226,19.25,0.7471698398190677,0.75,48,4,0.184,0,1.034407427635172,1
21852,0.9242574144891101,6.25,0.7725503718769069,0.8444444444444444,53,4.1,0.141,0,0.851638293977668,1
13090,0.691758785211779,10.5,0.5968753936761811,1,30,4.7,0.167,0.000337001159910969,0.15370511841100076,1
19487,0.7904784094318021,102.91666666666667,0.8842501695790771,0.625,13,3.9,0.152,0,0.8632934777030841,1
21027,0.7792299069071176,7,0.7979694910895578,0.5208333333333334,27,3.7,0,0,0.46270182864480536,1
6595,0.6398978843344092,10,0.6511925077257275,0.5121951219512195,10,3.7,0.333,0,1.0167563878990067,0
19566,0.7444312195161962,7.25,0.8394914937497823,0.9534883720930233,63,4.3,0.061,0.05941670050375874,0.10814678523970152,1
17155,0.7735031120582564,10.75,0.6579471089471285,0.4878048780487805,73,3.8,0.024,0,0.8734151388848407,1
17296,0.7020933061593781,97.08333333333333,0.8904679323247553,0.851063829787234,58,4.2,0.14,0.0010956813431085173,0.40918157902344543,1
29559,0.7163505421456728,19.583333333333332,0.7477130407186103,0.6590909090909091,13,3.8,0.076,0,0.3523461551473325,1
8778,0.7800310714578752,101,0.8803658814495587,0.6216216216216216,15,3.6,0.255,0,0.6240956992309883,1
12977,0.5989231856614707,20,0.717157287525381,0.717948717948718,1,4.4,0.226,0,0.5931263003775912,0
24758,0.7498903407294153,7,0.7817821097640076,0.6382978723404256,47,4.2,0.219,0,0.6117742098354034,1
17122,0.6951184640995816,98.08333333333333,0.8584551237729365,0.9318181818181818,48,3.5,0.075,0,0.84315042490436,1
1860,0.6082947195425477,17.333333333333332,0.6962390577128594,1,3,3.2,0.262,0.029398146301921186,0.046236559139784944,0
19179,0.7169694348221869,97.25,0.8704666047573869,0.5952380952380952,18,3.9,0.158,0.0017529109426060471,0.6677790233855619,1
2958,0.7521690751818733,6.5,0.7779422041578362,0.6956521739130435,19,3.9,0.038,0.023933348155662573,0.027721433400946585,1
18768,0.886006139956327,6.583333333333333,0.7725037879036528,0.6,1,3.5,0.216,0,1.0909817503663248,0
29673,0.6379842605762034,15.416666666666666,0.7907193439718276,0.7297297297297297,45,4.2,0.167,0,0.9771172446331682,1
7916,0.7539057388423135,6.75,0.7893984924786175,0.5348837209302325,37,4.2,0.311,0.03433489135770676,0,1
8764,0.7699810120608135,6.583333333333333,0.7994559554714575,0.8367346938775511,31,4.2,0.072,0,0.5894568690095847,1
7011,0.809704268573249,6.333333333333333,0.8658152759580846,0.42857142857142855,34,4.3,0.138,0.05381541810291878,0.06746541149622022,1
17393,0.7492695616108299,96.41666666666667,0.8800546247072589,0.8095238095238095,44,4.4,0.044,0,0.23924105217766278,1
29409,0.7329153289402044,6,0.7642977396044841,0.38461538461538464,23,3.3,0.096,0.1194242364348043,0,1
8545,0.6667520617019494,91.08333333333333,0.8937951805467164,0.5675675675675675,1,4.3,0.202,0.09604238647512146,0.02399063779988297,1
17467,0.7881076950865229,9.833333333333334,0.6580637118333557,0.5227272727272727,1,3.5,0.087,0.00026572442222892517,0.6155035209251731,0
25030,0.6300067494344754,20.083333333333332,0.7353815972862652,0.3953488372093023,1,4.1,0.004,0.021204625056438536,0.06971773307497153,1
6155,0.7146056789655397,11.25,0.6792498504502079,0.9761904761904762,14,3.9,0.324,0.13417627289000844,0,1
9855,0.6964731862431177,19.583333333333332,0.763724386180396,0.6744186046511628,39,4,0.282,0.000198186686945411,0.26079456086052055,1
12342,0.6063634726822389,96.25,0.8471794024273994,0.575,49,3.7,0.296,0.010390305786554888,0.4319572175181299,0
10993,0.7167307622487743,18.75,0.7574212613511966,0.8,23,3.8,0.075,0.14478451986958515,0.04994314305208097,1
2012,0.6938277721161722,18.416666666666668,0.7429561549914248,0.76,78,4.5,0.126,0,1.231419338801889,1
21236,0.8561101906178337,94.33333333333333,0.8748448003644888,0.5641025641025641,71,3.7,0.149,0.005440522089590765,0.26059521567150123,1
9997,0.7651370665338246,95.08333333333333,0.8534221483051745,0.5641025641025641,3,3.3,0.18,0.006031305849514161,0.12063619085725717,1
17964,0.697422995982548,11.333333333333334,0.713329578093854,0.8571428571428571,30,4.5,0.231,0,0.7484413270986418,1
9383,0.664893345793626,17.75,0.6705911108865774,0.725,26,4,0.194,0.02769424182265595,0.16284770329318982,0
20668,0.759670703044691,99.66666666666667,0.8786731963396852,0.9791666666666666,23,3.5,0.13,0.00121750414582717,0.33646216373137217,1
10405,0.6305739220866102,19.583333333333332,0.8061609876777809,0.6222222222222222,46,2.9,0.194,0,0.7250708827911,0
9169,0.7121774547376846,6.666666666666667,0.83416876048223,0.975,32,3.8,0.183,0,0.22030755807612606,1
1996,0.8021484978999381,10.75,0.6621897896201407,0.9534883720930233,52,4.1,0.197,0,0.31312625250501,1
9100,0.6365398443386361,10.833333333333334,0.7533658532018247,0.7954545454545454,19,3.5,0.136,0,0.7880652783119951,0
17896,0.9283870130176795,6.833333333333333,0.762273308663196,0.7692307692307693,32,3.7,0,0,0.8367232901206973,1
11803,0.586379694827504,10.666666666666666,0.7284664500471443,0.75,5,4.1,0.22,0.04607232454702569,0,1
6514,0.8423280751094538,98.83333333333333,0.8719602072665887,0.8222222222222222,52,4,0.085,0,0.8905434448879337,1
12212,0.8633385403740942,6.916666666666667,0.791667271496499,0.5116279069767442,60,5,0.101,0.007576823515505955,0.4566819521781854,1
16373,0.654495291148029,10.916666666666666,0.6708692956135862,0.75,1,2.9,0.2,0,0.46741586758688086,0
24796,0.6510246918526246,6.166666666666667,0.7924014662738215,0.5416666666666666,69,4,0.079,0,0.40022584287788354,1
6830,0.8447504183992192,92,0.8498451754702746,0.9,72,4.1,0.258,0,0.5095168374816984,1
21487,0.8801712982393711,8.666666666666666,0.7280358533897894,0.7380952380952381,31,4.2,0.057,0.022035033888225513,0.09182296272164564,1
13362,0.7804542445095068,6.75,0.8173006347290279,0.5681818181818182,12,4.3,0.045,0,0.6829815895823979,1
6794,0.7791105571431133,6.25,0.7633568086760154,0.7027027027027027,30,3.8,0.074,0,0.3584308530212703,1
19596,0.824674986262026,97.75,0.8956617860435726,0.8863636363636364,38,3.4,0.203,0,0.4819473858794111,1
18596,0.8514502693685089,95.08333333333333,0.8819882543601207,0.5333333333333333,29,4.1,0.014,0,0.11599268659926866,1
12726,0.640967703977271,10.416666666666666,0.7243770691687645,0.7380952380952381,72,4.1,0.015,0.0642856959837263,0.12643407197862644,1
18329,0.8496225947787277,6.666666666666667,0.7763932022500211,0.5777777777777777,29,4,0.049,0.032451933114358754,0.2408816869902065,1
18983,0.7717596252236592,98.83333333333333,0.8583574242695872,0.5263157894736842,1,4.8,0.235,0.08080521974696782,0.08734360595285132,1
17847,0.6228274199060222,94.25,0.8637713021854632,0.6829268292682927,9,4.2,0.064,0.002986152453881227,0.040456111842658224,1
24760,0.6816358548693173,101.83333333333333,0.9111819080116849,0.5531914893617021,60,3.5,0.151,0,0.5416102909994144,1
7347,0.6426673230161748,101.08333333333333,0.8690393404363207,0.8048780487804879,47,3.7,0.147,0,0.5937521268631321,1
6057,0.7883497181293291,6.666666666666667,0.7525126265847084,0.9318181818181818,61,3.1,0.235,0,0.622255241868912,1
24516,0.8374676335607107,10.416666666666666,0.7699391384872255,1,1,3.7,0.145,0,0.6263256648719204,1
14224,0.8109516727195902,6.333333333333333,0.7829944407569652,0.6444444444444445,1,4.1,0.188,0,0.3155230596175478,1
22184,0.6276506504873808,6.5,0.8279947709615546,0.6666666666666666,87,3.7,0.092,0,0.44352784727387473,1
27619,0.6970336753126944,95.5,0.8803423405485379,0.68,80,4.7,0.136,0,0.3749298477469812,1
18912,0.6532746713638607,18.666666666666668,0.7162455610344518,0.5714285714285714,52,4.1,0.122,0.017496373846570084,0.42630145678555376,1
13677,0.7264731591029403,11.25,0.7004804945310262,0.9210526315789473,30,4.5,0.105,0,0.9916279749936021,1
6881,0.8232716934400179,9,0.6792498504502078,0.7021276595744681,12,3.7,0.12,0,0.9888816219751472,0
4373,0.772367986988306,92.41666666666667,0.8932964181273723,0.525,38,3.1,0,0,0.23510577472841623,1
19797,0.5659289863056993,19,0.7475878145624885,0.7857142857142857,60,3.9,0.226,0.11446197800156836,0,1
14754,0.8380539147907735,6.666666666666667,0.7681595376126074,0.9473684210526315,1,3.8,0.134,0,0.46490663232453316,1
25072,0.6668784960909637,6.166666666666667,0.8147120378269987,0.7872340425531915,21,3.3,0.005,0.004674212607958414,0,1
14717,0.8373292541898926,10.666666666666666,0.7231242945832914,0.6222222222222222,56,3.9,0.219,0,0.41755852274657695,1
4290,0.6086946415758272,18.666666666666668,0.7932886267358888,0.7073170731707317,1,5,0.105,0.11332072682673906,0,1
16558,0.8932342874791362,94.08333333333333,0.8569071308573191,0.4883720930232558,18,3.4,0,0.023197905124089133,0,1
12279,0.826317758351848,6.5,0.8168864505501834,0.8666666666666667,12,4.8,0.026,0,0.17233375412306062,1
19458,0.7453779235210576,6.166666666666667,0.7537720654285325,0.6944444444444444,27,4.1,0,0,0.43109340871129387,1
24783,0.788651516551521,6.416666666666667,0.7754335523923301,0.6666666666666666,68,4.8,0.045,0.041699369267956525,0.01258952890144255,1
11032,0.8829139439459299,101.08333333333333,0.8805697392772821,1,11,5,0.244,0.002108716026241799,0.21890862944162437,1
1767,0.5902992683998793,6.083333333333333,0.7448227943808609,0.7692307692307693,35,4.3,0.178,0.020512888842244684,0.2591963780418789,1
21480,0.7108186645422256,17.083333333333332,0.7604783668840797,0.5581395348837209,26,4.2,0.153,0,0.7328212290502794,1
8781,0.6194121294795842,16.583333333333332,0.7645687080377391,0.6829268292682927,54,3.8,0.084,0.0015218769816106531,0.8040544388132794,0
6014,0.777451282608928,95.41666666666667,0.8775204527760381,0.8780487804878049,58,4.4,0.091,0.05765664217806077,0,1
1811,0.8366575245923955,9.666666666666666,0.6586381056340804,0.6666666666666666,48,4.5,0.182,0,0.592101629384148,1
13638,0.760554896178593,6.5,0.8398718461949128,0.7804878048780488,49,4.5,0.246,0,0.5621264894592117,1
4485,0.4817238222007386,19,0.8267682661567413,0.9148936170212766,37,4,0.109,0.003613634143959371,0.5431438127090301,1
3163,0.7976507708526852,11.083333333333334,0.6758186295141339,0.5853658536585366,1,4.5,0.009,0,0.7500395256916996,0
2640,0.7518706523144398,90.83333333333333,0.8883745968862009,0.4864864864864865,1,3.8,0.018,0.008304969970883582,0.5141125213108543,1
24250,0.7779151078872241,6.416666666666667,0.7341624741498867,0.8837209302325582,50,4.1,0.136,0,0.9090084331635704,1
24309,0.9008118089212936,8.583333333333334,0.6093514652673648,0.2682926829268293,42,4.1,0.172,0,0.6801736018265215,0
11087,0.6061968576857724,18.083333333333332,0.7659730151964125,0.8,43,3.2,0,0,0.6376837737891224,1
6201,0.7668610906848953,100.5,0.8584929089221105,0.6756756756756757,13,4.1,0.064,0,0.8329973389242803,1
14701,0.5637152693882778,10.416666666666666,0.7081370184487248,0.8863636363636364,31,5,0.044,0,1.2143804632495494,1
22029,0.7458093332853262,10.666666666666666,0.7231242945832914,0.75,30,3.9,0.021,0,0.3958872395478687,1
5180,0.7397368432753115,9.916666666666666,0.6568999048303596,0.7555555555555555,15,4.4,0.154,0.04141355274256223,0,1
7910,0.697322504328181,10.5,0.6220355269907727,0.5,53,3.4,0.133,0,0.7925410872313527,0
27883,0.7223262456408829,102.66666666666667,0.9076528399134552,0.6052631578947368,1,3.9,0.076,0,0.7319513682171933,1
18804,0.9121393587272808,10.583333333333334,0.6693850901540628,0.7317073170731707,14,3.9,0,0,0.954981785305927,1
10567,0.7070289929498637,6.416666666666667,0.8043309198270213,0.675,73,3.9,0.045,0,0.8750295745989685,1
4069,0.7073702446284018,11,0.7566306302392574,0.975609756097561,29,4.2,0.107,0,0.7893831408208405,1
9110,0.7181600228450091,12.583333333333334,0.8854859836702611,0.9285714285714286,33,3.6,0.129,0,0.7482298699160217,1
10327,0.8973230230821854,103.66666666666667,0.8876206937794129,0.38461538461538464,31,3.9,0.142,0,0.5115716084051516,1
10428,0.7937980452995755,9.333333333333334,0.6384204155122039,0.5714285714285714,1,3.5,0.232,0,0.5422200911052505,0
19710,0.6942922193710103,5.416666666666667,0.7682073973335483,0.30952380952380953,45,4.5,0.016,0,0.7723179177553972,1
12838,0.7260758422770083,15,0.8436528080058857,0.5909090909090909,29,3.9,0.256,0,0.15010126187879733,1
8832,0.8229969998084085,7.083333333333333,0.7965692180495225,0.6,20,3.3,0.29,0.0009253806679565911,0.5968408537621016,0
15635,0.8475410681132886,11.5,0.7171127348414039,0.7777777777777778,29,3.8,0.234,0,0.2841061720498881,1
13031,0.6644932188089747,17.416666666666668,0.7231901308302253,0.7954545454545454,49,4.8,0.018,0,0.4440351483058977,1
11635,0.7555164639198989,97.16666666666667,0.8668816650438165,0.9487179487179487,16,4.2,0.003,0,0.498581865062312,1
14114,0.7712230059521406,9.75,0.6518733016339093,0.6666666666666666,13,3,0.149,0,0.6303893435363305,0
3590,0.8143593427521157,103.75,0.8773764636423984,0.6341463414634146,4,3.4,0.262,0,0.6479108635097494,1
23855,0.7638541012932609,7.333333333333333,0.8299246642375482,0.5777777777777777,1,4.5,0.052,0,0.8569691888492978,1
15576,0.6806523847073422,9.833333333333334,0.6198701442032915,0.5476190476190477,4,4.6,0.186,0.07237418677561322,0,1
29233,0.7182572202552583,15.5,0.7144963860784569,0.6521739130434783,46,4.3,0.133,0,0.5140853502095271,1
20999,0.7821041214106631,6.833333333333333,0.8224363441638898,0.5555555555555556,51,3.3,0.109,0,0.5756940806705081,1
34295,0.9067624041908193,94.25,0.8445991539853497,0.6585365853658537,41,4.4,0.208,0,0.5461437527336347,1
20067,0.7940718355387144,99.16666666666667,0.8879481794905325,0.5897435897435898,1,4,0.045,0,0.6505369645927291,1
13609,0.6824977240427248,104.83333333333333,0.8666346128376744,0.5333333333333333,30,4.1,0.214,0,1.275993827614079,0
1964,0.6327355439143051,11.083333333333334,0.7837773857962647,1,31,4.4,0.191,0.013004713573640928,0,1
24471,0.7109978648148358,15.5,0.6900314988086114,0.7804878048780488,41,4.2,0.153,0.07926983200901079,0,1
1930,0.8072444802120536,10.5,0.6877410226522858,0.2702702702702703,23,3.7,0.328,0.0854974436942094,0,0
10621,0.7070060261796445,6.666666666666667,0.7377977879574621,1,37,3.9,0.112,0,0.22249423285156067,1
8897,0.6463777956397581,20.833333333333332,0.7593342566961389,0.6944444444444444,8,4.7,0.043,0.028558759196467345,0.16163659866239533,1
12559,0.8327637360450011,10.083333333333334,0.6957824410032072,0.7727272727272727,1,4.2,0.332,0,0.882191344507704,0
2197,0.5964366646358213,18.083333333333332,0.7681610833528983,0.38461538461538464,55,3.4,0.203,0,0.21301775147928995,0
4708,0.6258332324618584,11.25,0.7004804945310262,0.5116279069767442,70,3.5,0.148,0,0.6614273576890399,0
2045,0.6776412757288031,10.833333333333334,0.7209483515812761,0.7142857142857143,41,3.9,0.022,0,0.1276283618581907,1
8290,0.8411387791564392,8.75,0.6092915905377903,0.8378378378378378,11,3.2,0.147,0,0.6738645274141987,0
5227,0.7855894459103593,9.75,0.6395026203596044,0.717391304347826,35,4.3,0.085,0,0.41036923665582553,1
19831,0.6068460166240682,9.75,0.615954838655368,0.9047619047619048,18,3.5,0.09,0,0.9329837123695225,0
16459,0.564810982599565,18.5,0.7924014662738215,0.5945945945945946,45,5,0.188,0,1.0326872835530714,0
24059,0.7151498358814713,6.166666666666667,0.8032402732626887,0.7209302325581395,29,4.7,0.052,0,0.3370118669077457,1
19525,0.6373953325490225,6,0.8478548451374539,0.7027027027027027,47,4.3,0.077,0,0.4300238162308894,1
11436,0.6596400038148891,11.25,0.7162856592265844,0.8611111111111112,40,3.9,0.202,0.11818121310702334,0,1
12609,0.5589607292533728,17,0.8186937057950301,0.7,47,4.1,0.095,0.012942652569094599,0.746768181457689,1
19361,0.6833249997726902,95.66666666666667,0.8741055626122671,0.8863636363636364,5,3.4,0.091,0.05018678470996279,0.04163008109085275,1
18947,0.618602520842964,97,0.9170973327710321,0.9574468085106383,72,4,0.172,0.03186665080969873,0,1
23051,0.7338762491247794,18.166666666666668,0.766640415743543,0.7291666666666666,27,4.3,0.057,0.004191691149092124,0.47161666775124184,1
11615,0.5395139956323352,95.33333333333333,0.8580789948069762,1,61,4.8,0.25,0,1.450342244608033,1
24833,0.7795274618779415,100.33333333333333,0.862356594778295,0.5813953488372093,52,4.8,0.084,0,0.6064913623001651,1
16096,0.7072144419533251,97.83333333333333,0.8624948042131375,0.9523809523809523,12,3.5,0.131,0.08755727462481222,0.11605367793240556,1
20071,0.7259836458152606,6.5,0.7226499018873854,0.9787234042553191,1,4.5,0.116,0,0.42076679704043246,1
2111,0.8357259965395962,6.833333333333333,0.7944841518737473,0.7804878048780488,23,3.2,0.249,0,0.7479867361440076,0
12985,0.7427538535215579,97.91666666666667,0.8432493827821108,0.6097560975609756,71,3.5,0.058,0.02198593115847892,0.15001925298421256,1
4879,0.7055760753800152,20.083333333333332,0.7651657560691947,0.7380952380952381,19,4.4,0.118,0.08340259905088432,0,1
27785,0.6311518879484602,102.66666666666667,0.8844548074722451,0.8,1,4,0.15,0.07311506007075066,0,1
29806,0.637975075586775,18,0.8143524291133016,0.047619047619047616,63,4.1,0.087,0,0.7266993222841038,0
5556,0.7617034536313441,93.25,0.8756213226944453,0.35135135135135137,23,4.8,0.264,0,0.5028797696184305,1
16107,0.7010184845935106,18.583333333333332,0.7057052105913937,0.5789473684210527,36,4.1,0.07,0.14782605924616957,0,1
14990,0.7114786075496342,6.833333333333333,0.7944841518737473,0.5384615384615384,46,4,0.087,0,0.7634422948632421,1
8013,0.8102670444438029,6.166666666666667,0.7924014662738215,0.5,1,4.8,0.064,0.0018890483022477283,0.31800312012480497,1
20144,0.771995496734363,10.416666666666666,0.7446257648078021,0.4,33,4.9,0.107,0,0.289714058776807,1
17124,0.8283956568315637,93.41666666666667,0.8658375168888675,0.425,26,4.2,0.177,0.007153934893218593,0.23003474756913014,1
19815,0.8226051644154785,6.5,0.7779422041578362,0.9444444444444444,36,5,0.175,0,0.5732021196063588,1
15423,0.753740922938112,100.25,0.8737504233531457,0.6976744186046512,20,4.1,0.218,0.013761051105338278,0.19328902577403145,1
6690,0.5622511641690235,19,0.803070663854003,0.5142857142857142,50,3.7,0.048,0.006520705730663706,0.05321375186846039,1
21256,0.6964348453131328,16.5,0.7340919882608448,0.47368421052631576,1,3.6,0.211,0,0.6667293940534438,0
10384,0.8214949928753414,6.083333333333333,0.8167248197224706,0.6170212765957447,39,3.8,0.221,0.06462830982873342,0.2309322033898305,1
21455,0.6045072493141932,18.333333333333332,0.7251597007667097,0.5405405405405406,48,3.3,0.168,0,1.1129133748164721,0
11143,0.669693972047603,102.75,0.8833384710974516,0.6046511627906976,3,4.3,0.038,0.0011575686756956705,0.4028718869194525,1
20396,0.7957099631199903,11.083333333333334,0.6516110424600573,0.7142857142857143,39,3.9,0.307,0,0.23480094136105117,1
9925,0.8798335062933169,11.416666666666666,0.7242653026638817,0.575,41,3.7,0.225,0.03419828389727712,0.3154659949622166,1
8251,0.7684976623251858,7,0.8155722216091706,0.34146341463414637,59,4,0.152,0,0.36725046966850494,1
30021,0.7863072605951288,7.083333333333333,0.7965692180495225,0.5384615384615384,81,4.2,0.158,0,1.0100098266184774,1
9331,0.7656141087506154,96.25,0.8917679655895963,1,5,4.4,0.136,0,0.39901398638872515,1
6737,0.8832166716009501,6.25,0.7633568086760154,0.5,49,4.4,0.06,0.011839060667537206,0.007718569096036812,1
1994,0.7102989766544234,10.333333333333334,0.6616745651064027,0.75,11,5,0.126,0,0.9799398194583752,0
10438,0.7808037868241249,98.41666666666667,0.8819078391723711,0.23076923076923078,54,4.5,0.178,0.08244192853011593,0,1
8394,0.8151686829793399,9.5,0.6685185328475232,0.7441860465116279,20,3.6,0.18,0.08848802695373646,0,1
19988,0.7304216567460788,9.416666666666666,0.6601262943420969,0.8974358974358975,11,3.6,0,0,1.1428857314388634,1
8468,0.7664786959879466,99.16666666666667,0.8405662870657571,0.7727272727272727,5,3.9,0.193,0,0.9256022673594709,0
15005,0.6306106148379522,6.25,0.8256440422583731,0.8947368421052632,66,3.5,0,0.0028150919295781116,0.26165483688226865,1
26242,0.6891889567424835,15.916666666666666,0.7161646875721508,0.5853658536585366,30,3.9,0.138,0,0.4301202294076177,1
20854,0.7005711335479303,17.583333333333332,0.7133191064485951,0.825,34,4,0.439,0,0.8602872419497926,0
19498,0.6533498693049777,16.75,0.7699038591075189,0.13636363636363635,15,3.9,0.19,0,0.5635449789722022,0
14816,0.6869197587448355,16.416666666666668,0.7063286159569395,0.8,66,3.8,0.213,0.1420514988492393,0.19263609058081063,1
3693,0.6174093150964883,16.25,0.6932064407970047,0.6666666666666666,1,4.5,0.346,0.004318010565447254,0.3233143785540211,0
9921,0.716225599486792,19.166666666666668,0.7840044808978397,0.7837837837837838,98,4.4,0.192,0,1.0292827982460562,1
15289,0.6952249151893006,18.416666666666668,0.7597544985980401,0.7317073170731707,79,3.8,0.044,0,0.29774013147136735,1
2433,0.780780264114766,11.166666666666666,0.74980515501134,0.6578947368421053,40,3.5,0.111,0.0005039782137163143,0.5507603781339909,1
9441,0.9481015652671068,98.5,0.8770846658296853,1,10,3.9,0.134,0,0.5874688840633441,1
25725,0.6650253886572427,16.583333333333332,0.707202871719453,0.6136363636363636,46,4.2,0.163,0.11709981704113981,0,1
12912,0.5820801865021121,15.083333333333334,0.673565276315526,0.7555555555555555,60,4.3,0.045,0.0027511784696207073,0.02617821322077218,1
10007,0.7217593324950489,6.333333333333333,0.7316305519161692,0.5714285714285714,41,4.7,0,0,0.9510342760067952,1
7326,0.8741967662276579,95.33333333333333,0.8783236878230397,0.6363636363636364,1,4.2,0.129,0,0.138001638001638,1
2888,0.816038119973882,10.666666666666666,0.6930174577439296,0.48717948717948717,12,3.9,0.194,0,0.7258874458874459,0
2064,0.7810264579057169,6.583333333333333,0.7811187789140432,0.6904761904761905,1,3.9,0.082,0.13980084011520028,0.0436046511627907,1
5099,0.6757493800692955,9.75,0.6322799185589922,0.7105263157894737,24,3.5,0.005,0,0.661698372229849,1
15847,0.6479251847972634,18.5,0.7230553847037946,0.5681818181818182,1,3.4,0,0.0004927199833412972,0.321900735178115,1
16788,0.683114736762484,97.16666666666667,0.8482886369228878,0.6578947368421053,1,3.5,0.231,0,0.766403574087863,0
9538,0.8082147093425764,7.166666666666667,0.7959310607583228,0.6808510638297872,24,4,0.034,0,0.7032920947787796,1
20707,0.6741555176051148,16.416666666666668,0.7374598874926751,0.9333333333333333,12,3.9,0.008,0,0.7036920773670103,1
2411,0.8475197850590682,101.83333333333333,0.8644729876683459,0.9761904761904762,20,4.1,0.175,0.07987335069597556,0.09043766853349927,1
2175,0.6714923924394034,18.75,0.7564460665098621,0.925,1,4.2,0.087,0,0.9108045977011494,0
7834,0.7138579816458044,6.25,0.7069698536555211,0.6829268292682927,34,3.6,0.098,0.01584935493351091,0.17041102884860862,1
8311,0.7491501680523589,9.083333333333334,0.6713854185583061,0.8,45,4.5,0.207,0,0.5362772229575262,1
12991,0.8560397142892406,5.583333333333333,0.8291712963841852,0.7894736842105263,7,3.5,0.192,0,0.6550688938495882,1
20927,0.6625464998308063,18.75,0.7756986154498571,0.4318181818181818,16,3,0.166,0,0.79275577005782,0
15882,0.6793877536975754,9.5,0.6522065333052806,0.34146341463414637,72,4.1,0.166,0.019537660601085447,0.21363808084624103,0
8796,0.8102360169065828,93.25,0.8603751566642961,0.5714285714285714,1,3.8,0.136,0,0.3397191745779092,1
7559,0.7672685100996903,87.08333333333333,0.8751315336855663,0.6585365853658537,29,5,0.116,0.08248522450291915,0.17172719454918303,1
26019,0.6168349275679915,101.75,0.8841207899795257,0.325,31,2.7,0.109,0.0012636038563636715,0.5372715567769087,0
7546,0.8336005630883063,88.5,0.8737105933762788,0.4418604651162791,30,4.6,0.134,0.02070400132466897,0.20765968725152398,1
15625,0.705560438048102,6.25,0.7821315381550907,0.6041666666666666,93,3.4,0.265,0.0011184311569936473,0.1642932573842363,1
24295,0.7427367679475219,10.666666666666666,0.6882822290115624,0.6666666666666666,19,4.7,0.096,0,0.7506894422720725,1
5241,0.8536474677611182,6.333333333333333,0.6953727130844677,0.7380952380952381,49,4.1,0.037,0,0.8509826369013547,1
8721,0.8084958253667643,6.25,0.8256440422583731,0.8421052631578947,1,3.6,0.093,0,0.49549911128949026,1
9441,0.8127884398655308,10.166666666666666,0.6172912285269261,0.7560975609756098,52,3.9,0.011,0,0.6174461098458768,1
15615,0.6811295080539261,16.083333333333332,0.8346021792796645,0.7555555555555555,100,3.5,0,0.010274246236381483,0.5570284982388729,1
12846,0.7083465988957953,18.166666666666668,0.7602360670573949,0.8604651162790697,30,3.6,0,0,0.5379315713674049,1
23759,0.798259222698601,10.75,0.6087766548544018,0.7272727272727273,35,4,0.108,0.045100803782013525,0.2140707536250184,1
16209,0.7802081167071759,9.416666666666666,0.6159863017035905,0.7857142857142857,38,4.1,0.039,0,1.2892837312604108,0
21045,0.7802511743957131,6.25,0.7219112851384772,0.4883720930232558,37,4.3,0.208,0,0.6328344024708957,0
21868,0.8259289508077037,102.91666666666667,0.8979789217137315,0.6818181818181818,8,4.6,0.093,0,0.4450440150908883,1
26219,0.8309242399067021,8.583333333333334,0.5476311550593498,0.6666666666666666,13,4.1,0.03,0,0.5917083031389451,1
3018,0.8425441140486533,7,0.7817821097640076,0.425,31,3.2,0.089,0,0.6193869096934549,1
8329,0.7861147372654285,13,0.8631143813842139,0.6428571428571429,29,4.3,0.13,0.023927854331210485,0.07492345560425047,1
12768,0.6713197057066617,18.75,0.7332222453607303,1,1,3.9,0.15,0,0.7205012727628745,1
25137,0.8927889982428182,100.75,0.8660279405787287,0.7,8,4.9,0.077,0,0.5491904364084815,1
16042,0.7480715600188776,6.583333333333333,0.7994559554714575,0.7608695652173914,49,4,0,0,0.5425757386859494,1
9070,0.7308552029702899,10.083333333333334,0.6984886554222365,0.5714285714285714,1,3.3,0.017,0,0.45702629692926844,0
8616,0.7664299506958833,95.25,0.873279709138338,0.35555555555555557,13,4.7,0.116,0.056023164262834685,0,1
26459,0.8064316561418439,99.58333333333333,0.8807979237004017,0.4634146341463415,42,3.8,0.142,0.0011637642330877428,0.3610181983105618,1
10810,0.6605201698076055,6.5,0.7964806683796468,0.782608695652174,18,3.9,0.206,0.06914842236916593,0.09306197964847364,1
6266,0.7295959470129346,10.583333333333334,0.7075992972027222,0.6428571428571429,68,3.6,0,0,0.8293967443345037,1
15175,0.6551452994858218,11.5,0.7148939772042608,0.35,1,3.1,0.028,0,0.33752883031301484,0
27903,0.7182327691630839,103.75,0.8676598660044862,0.7446808510638298,39,3.8,0.058,0,0.9857898037810232,1
11440,0.8089459306041182,102.5,0.8951881471903523,0.9545454545454546,13,3.9,0,0.00019253239855534309,0.17623147864854233,1
2020,0.729695960914814,90.25,0.8910473105856114,0.9534883720930233,27,3.8,0.075,0,0.8036642733349839,1
14446,0.6894647882115843,19.083333333333332,0.689648962249233,0.2549019607843137,14,4.2,0.031,0.006920831608399917,0.2480357204665813,1
17409,0.8173111365339751,5.833333333333333,0.7304576819412398,0.6590909090909091,1,3.5,0.275,0,0.6215176058360619,0
16166,0.8938087523149498,10.416666666666666,0.6952640487241455,1,42,4.3,0.144,0,0.9281826054682667,1
19627,0.8010867347944064,97.58333333333333,0.8879409160430105,0.9743589743589743,34,3.7,0.041,0,0.8525500585927549,1
8597,0.7291841561941725,99.91666666666667,0.8997950418458248,0.6904761904761905,36,4.6,0.006,0.03150925705668301,0.25241363266255673,1
14136,0.6673373637358246,16.583333333333332,0.6479900394190911,1,1,4.8,0.19,0.012871841491818756,0.10547538200339558,1
21226,0.7552775460140386,17.416666666666668,0.7991000308591674,0.41304347826086957,20,4.3,0.028,0.14033570444924523,0,1
10028,0.7605864689609477,98,0.8923320286303101,0.9743589743589743,53,4.3,0.127,0,0.5257279617072198,1
16207,0.5685025483319635,17.166666666666668,0.7576702140903169,0.575,29,3.6,0.098,0.05561318874095501,0,1
12091,0.7706399986017356,101,0.8743055106102835,0.6590909090909091,17,3.9,0.011,0.004686380659836037,0.3975684393350426,1
29432,0.6254291752994708,19.583333333333332,0.7459962964949209,0.5,1,3.9,0.108,0,0.737882880587126,0
8462,0.7431253795573345,97,0.8845851847165178,0.7391304347826086,11,3.7,0,0,1.8149264314837794,1
24728,0.6330868905947591,17.333333333333332,0.7526023013409884,0.9230769230769231,62,3.9,0.052,0,0.47158022444646647,1
32991,0.7438857448498692,8.75,0.6442885829146077,0.9743589743589743,19,3.9,0.21,0,0.9481979933921373,1
19060,0.8307100034918415,95.66666666666667,0.8626894739007803,0.6444444444444445,67,4.7,0.068,0.0035892623182103406,0.4425614522941315,1
2077,0.8922830383600215,97.5,0.8898927663918775,0.95,58,4.1,0.039,0,0.3708162773898387,1
17456,0.6203158258170993,97.08333333333333,0.8950856635331511,1,75,3.9,0.129,0.005643938744564318,0.23711044912923923,1
12926,0.8184497341888373,96.66666666666667,0.8827079217124486,0.6428571428571429,48,3.2,0,0,0.6292213067192759,1
2129,0.649411349411464,9.583333333333334,0.5005485050165435,0.5135135135135135,11,4.5,0.143,0,0.8498942917547568,0
22621,0.7261958480877715,17.75,0.7306702439574936,0.5208333333333334,25,4.2,0.066,0,0.8624287166791919,0
8424,0.5870617135856007,9.833333333333334,0.6456856786378498,0.6888888888888889,1,4.7,0,0.02681686054689616,0,1
13063,0.7565549207232232,6.583333333333333,0.7484226972866861,0.8222222222222222,48,4.5,0.046,0.0028228143894619222,0.3410395774324428,1
21694,0.7874249562429568,10.5,0.7406327835179651,0.9512195121951219,68,4,0.08,0,0.4751192753589785,1
16342,0.8128426546427174,5.25,0.8239597379935013,0.5111111111111111,45,3.6,0,0,0.7386714805862374,1
14224,0.7498068817358259,101.08333333333333,0.8695384975041032,0.5609756097560976,1,2.7,0.142,0,1.115618518648715,1
25529,0.7718077224851576,93.75,0.8743832990579853,0.3695652173913043,42,3.4,0.251,0.00485721402217455,0.3150926397430373,1
11777,0.6782881368265222,7.166666666666667,0.7733303640742102,1,6,4.2,0,0.0626321169795742,0.12074894917844861,1
1913,0.7045083674151109,6,0.736476861652635,0.39473684210526316,52,3.9,0,0,1.2859383167799268,0
22089,0.6172695342456938,18.583333333333332,0.7842401484534635,0.9743589743589743,38,4.1,0.233,0,0.7448956494182625,1
9187,0.8189715331493562,6.333333333333333,0.7316305519161692,0.4634146341463415,66,4,0.1,0.0038835142269640576,0.2599466608610461,1
25147,0.757298104451426,17.25,0.7269355988200468,0.525,21,4.8,0.12,0,0.5457509842128285,1
18056,0.6986342698262811,92.5,0.8632172513394253,0.5641025641025641,48,4.5,0.071,0,0.47873283119184756,1
9967,0.6782157751532616,18.416666666666668,0.7105840471864727,0.6666666666666666,19,4.8,0.157,0.06188496269406438,0.1389585632587539,1
1948,0.7141461171532026,95.5,0.88766816724779,0.7111111111111111,27,3.7,0.207,0,1.1430038510911424,0
12801,0.7475946632134289,94.25,0.8723019877357738,0.55,15,4,0.122,0,0.21584251230372628,1
22176,0.6264052403546176,102.91666666666667,0.8805043736888158,0.45,8,3.6,0.282,0.014435267314409807,0.44603278392820905,0
29637,0.7696227088255535,6.25,0.7545072981397071,0.5641025641025641,57,3.9,0.278,0,0.36565779262408477,1
12702,0.9068218408113401,95.58333333333333,0.8641635880481005,0.9545454545454546,4,3.8,0.349,0,0.849978349013896,1
7817,0.716756477211258,10.333333333333334,0.6371863909934842,0.8888888888888888,32,4.4,0.104,0,1.2357193117124032,0
6527,0.45190682117266623,19.416666666666668,0.8260346077295172,0.9534883720930233,54,3.8,0.07,0.028385965062333932,0,1
14697,0.6121040625783152,16.25,0.6963080560104015,0.85,62,3.3,0.09,0.1634418288025107,0,1
8989,0.6568703813377008,14.75,0.691637196632877,0.575,7,4.5,0.152,0,0.6476052734049063,0
17879,0.9496437580814135,6.416666666666667,0.7418882218915352,0.4222222222222222,62,2.9,0.004,0,0.28178309748867386,1
17664,0.6847174763029039,18.666666666666668,0.7309550147621542,0.7647058823529411,4,4.7,0.273,0.003878955833534405,0.3913154244628754,1
16178,0.8094921279983198,101.25,0.8561317814127682,0.7291666666666666,36,4.2,0.213,0,0.5891515994436718,1
7618,0.6667501341401816,16.5,0.7620359800123284,0.6341463414634146,53,3.4,0.062,0.005443153893085733,0.4619322656865319,1
15251,0.7368837691819803,17.666666666666668,0.7262524881406244,0.425,15,3.9,0.155,0,0.6892888757745648,0
19196,0.7193076871747746,6.166666666666667,0.8401059518081184,0.5853658536585366,13,4.3,0,0.001531153549382716,0.4913130681670183,1
19764,0.7791283797195742,98.75,0.8610205746492213,0.9111111111111111,35,4.1,0.169,0.045449405813113186,0.16960129528435539,1
18503,0.7615802444744129,16.166666666666668,0.7377711888252185,0.7872340425531915,34,4.3,0.118,0,0.5979732468585326,1
18752,0.7245942890219813,100.91666666666667,0.9065645396653714,0.7105263157894737,66,4.5,0.246,0,0.2794368600682594,1
5251,0.8787104819757499,11.25,0.7482571041782751,0.725,51,5,0.09,0,0.7293848790706532,1
4198,0.7464808619925352,7,0.7817821097640076,0.7291666666666666,11,3.9,0.044,0.000913708728241343,0.21322215604526504,1
7669,0.9087956324711978,92.66666666666667,0.8574250274632632,0.725,30,4.2,0.068,0,0.4258703872734385,1
21634,0.792927578467937,99.25,0.8733437403711323,0.5,88,2.9,0.083,0,0.7747706103959138,1
19684,0.8353289391739465,6.833333333333333,0.8033595671146695,0.2619047619047619,1,3.9,0.237,0.0248596429388597,0.17979069294858768,1
9573,0.6270178901265763,17.416666666666668,0.8018537871689124,0.5217391304347826,1,4.5,0.133,0,0.7754505092713502,0
9733,0.6482096953027778,19.75,0.7880612935886184,0.5957446808510638,1,3.2,0.034,0,0.6436167480092474,0
2003,0.8770309110103361,12.916666666666666,0.7604200693209401,0.5952380952380952,59,4.8,0.032,0,0.6382022471910113,1
12664,0.8190553060414671,9.583333333333334,0.6475309878345871,0.7948717948717948,69,3.6,0.047,0,0.3908871954830813,1
13304,0.6513685399232336,20.416666666666668,0.8005839428521452,0.6363636363636364,36,4.6,0.151,0,0.6534370654339083,1
2201,0.7287776536312299,17.75,0.7733313107122383,0.6410256410256411,6,4.3,0.075,0,0.4606996819627442,1
12414,0.7054065787799921,6.5,0.7448750161265076,0.7073170731707317,26,4.3,0.125,0,0.3909295956178508,1
16674,0.7932988779811686,12.666666666666666,0.778259216495359,0.925,19,4,0.136,0,0.4833873095837831,1
9483,0.7285690551436941,9.333333333333334,0.625425411367803,0.375,63,4.4,0,0,0.9502768257316109,0
12547,0.8853447175607084,5.833333333333333,0.6883225110104081,0.3,32,3.3,0,0,0.5560691798836376,1
22056,0.6458309240270868,91.25,0.8503313641098694,0.8372093023255814,60,4.4,0,0,0.4751088139281828,1
17255,0.7186798909293663,93.58333333333333,0.849673670177229,0.717948717948718,30,4.2,0.042,0,0.7149232106635758,1
19342,0.7803284508846178,6.666666666666667,0.7763932022500211,0.5128205128205128,53,3.6,0.204,0.03652679438485695,0.272109195253729,1
18513,0.7532111786959441,10.416666666666666,0.6663894486081113,0.975,32,3.9,0.253,0,0.6506238859180036,1
17993,0.7892936571853586,94.5,0.8726856146506248,0.5833333333333334,28,3.8,0.146,0,0.642434347644852,1
12123,0.6558414361650134,11.666666666666666,0.6692618027774222,0.7619047619047619,6,3.8,0.092,0.07393084318039451,0.10014435966178593,1
16380,0.7301441430466011,95.08333333333333,0.8789804485648685,0.9772727272727273,21,4.3,0.043,0.03562397108645155,0,1
1791,0.7873741836816738,9.583333333333334,0.6973963018903424,0.8095238095238095,52,4.4,0,0.0003909473171839285,0.3602345713487853,1
2133,0.4998735492532047,17.666666666666668,0.701970396246579,0.4222222222222222,52,4.2,0.218,0.00010783298826777088,0.4417350527549824,0
19668,0.7130186589875682,15.666666666666666,0.6913059972649593,0.6666666666666666,17,3,0.106,0.05501208656928306,0.2524977755179865,1
6872,0.7068298996943774,19.25,0.711446612757654,0.8333333333333334,11,4.5,0.195,0,0.6810740013097577,0
14119,0.6789870067017083,17.416666666666668,0.7163280601381505,0.6666666666666666,70,3.7,0.251,0,0.4843290717852463,0
2109,0.8527496307601528,104.5,0.9084218359173487,0.8333333333333334,24,3.9,0.192,0.13238719704638346,0,1
7192,0.7919145912198168,6.666666666666667,0.8031498031497047,0.9787234042553191,40,4,0.161,0,0.7806438156156573,1
15895,0.7255523156492087,94.66666666666667,0.8663594386313497,0.5111111111111111,24,3.9,0,0,0.43895687187391863,1
5916,0.8065233796132647,94.5,0.8401859464459673,1,53,3.4,0.139,0,0.5170723461798512,1
12350,0.5110576018556467,17.916666666666668,0.6939054254181787,1,13,2.9,0.237,0,0.6432649095105065,0
10610,0.7406431156392722,10.333333333333334,0.7034713498249962,0.6,45,2.9,0.104,0.002808547984047304,0.2410933081998115,0
17793,0.9179636464905159,101.33333333333333,0.8617638066483507,0.391304347826087,33,4.1,0.157,0,0.5347608610127578,1
7324,0.755285872098047,20.166666666666668,0.7580614682924885,0.6666666666666666,30,3.5,0,0,0.839352768485014,1
8008,0.787073359681504,97.75,0.8675909571109544,0.6666666666666666,1,3.6,0.095,0.15150212226400198,0.05482360287230721,1
13208,0.7883154909994872,100.91666666666667,0.9013670125486599,0.3617021276595745,56,2.8,0.165,0.1269046075073499,0,1
19769,0.780251957068568,10.5,0.6621619578763054,0.6511627906976745,9,4.2,0.217,0,0.507107086853154,1
14955,0.5887573711540266,21.75,0.7917244762463314,0.7317073170731707,35,3.9,0.145,0,0.8714811099966566,0
21867,0.6288725544970637,17.5,0.7072299781154401,0.6595744680851063,1,4.1,0.197,0.08976235986320408,0.05496867425801436,1
6960,0.8888976872386064,100.16666666666667,0.8952275441502086,0.46511627906976744,5,3.6,0.18,0.0778316053569837,0,1
1990,0.8155365718262563,7.166666666666667,0.780605089952172,0.8780487804878049,33,3.5,0.136,0,0.1879396984924623,1
15200,0.5288942611453928,18.5,0.7035228347404625,0.6585365853658537,1,3.8,0.081,0,0.2633639264449488,0
22403,0.7163193774147123,93.08333333333333,0.8729273695406132,1,61,3.9,0.159,0,0.6394232915234567,1
18517,0.7461819472712081,10.166666666666666,0.7137008328430658,0.9285714285714286,68,3.5,0.065,0.001262738806191877,0.4744289031700599,1
7651,0.920906576316205,6.666666666666667,0.793844718719117,0.42857142857142855,36,4.7,0.143,0.10025949230197219,0,1
4574,0.8923775471886161,6.25,0.7545072981397071,0.975,45,4.1,0.213,0.009150395001293795,0,1
26748,0.4113341853152751,15.916666666666666,0.7416454493931869,0.8974358974358975,1,3.7,0.171,0.06061668858721279,0,1
23410,0.5771552391248143,10.916666666666666,0.6270463053341646,0.7555555555555555,23,3.9,0.221,0.0995281724697124,0,1
14249,0.8652577819522642,11,0.745562793579596,0.9743589743589743,1,4.5,0.023,0,0.6338211039758571,1
3124,0.7616080812264828,12,0.6845050918999849,0.6052631578947368,8,3.2,0.074,0,1.0709140387385945,0
26788,0.7691939779833188,6.25,0.7921539030917347,0.5641025641025641,60,5,0.114,0,1.0337284181054596,1
15088,0.6712482448220463,17.083333333333332,0.7856431947051724,0.41025641025641024,25,4.2,0.168,0.06144770018314396,0.20188898094449048,1
18545,0.6959383592330542,102.75,0.8639136113601746,1,44,3.5,0.15,0.0033991215917174114,0.2620723125454987,1
9855,0.7737817595798928,97.16666666666667,0.8606616994190992,0.4634146341463415,1,2.9,0.15,0,0.5661085743277524,1
18880,0.6357421273427524,18.25,0.7351991841571146,0.6,15,5,0,0.00035531059345535215,0.2548266638417331,1
18297,0.5697595513285972,18.333333333333332,0.7725455272146036,0.8780487804878049,54,3.8,0.259,0.008932280864809768,0.44001748920588074,0
10538,0.7179790001111052,6.166666666666667,0.7628388003407535,0.6388888888888888,1,4,0.178,0,0.6230783829948757,0
1698,0.7588343798612394,7.666666666666667,0.8373192440533069,0.6818181818181818,80,4.3,0.096,0.0018525158360224692,0.7057437407952872,1
6033,0.8054688966164869,11.916666666666666,0.6796164702390124,1,31,4.4,0.187,0,0.47409863240779115,1
21969,0.6569786923300046,6.333333333333333,0.7475878145624884,0.5952380952380952,38,4,0.087,0,0.6363201857204633,1
12277,0.6921697399566388,16.583333333333332,0.7354759359145355,0.627906976744186,44,4.4,0.066,0,0.3863479004602289,1
8940,0.8541377842805116,11.166666666666666,0.6753945795383351,0.5476190476190477,1,3.9,0.249,0.09516328442378108,0.08501594048884166,1
18241,0.652254452374466,18.583333333333332,0.751981043784308,0.55,36,5,0.157,0,0.5979550999150243,1
7121,0.7698572302280552,97.08333333333333,0.8979912198463993,0.6511627906976745,45,3.5,0.083,0,0.4587838786687263,1
19726,0.6811713629592591,18.416666666666668,0.7628423949071736,0.46153846153846156,28,3.5,0.096,0,0.47694608501685637,1
11212,0.8559024681859193,100.08333333333333,0.882875710473435,0.46938775510204084,5,3,0,0.012984361564150842,0.3047627541919372,1
17230,0.5526159550342005,18,0.744404189965884,1,59,4.4,0.218,0.00021646062821684543,0.09042630372326534,1
30642,0.7329815215376849,7.083333333333333,0.8425989628204746,0.5227272727272727,43,4.5,0.175,0,0.20025129318081686,1
10682,0.8909846427257297,10.25,0.6911639038500395,0.6888888888888889,51,4.2,0.098,0.023140431983819685,0.500023404952488,1
22003,0.8181843165419678,101.41666666666667,0.9016883244508485,0.975,23,4.7,0.121,0,0.17298034314282468,1
7229,0.7404305205744002,19,0.7342235542536295,0.6585365853658537,19,4.7,0.174,0.0004895983446033329,0.25855986719236357,1
11180,0.7707337718454859,98.75,0.8246450863975863,0.6046511627906976,38,3.4,0.061,0,0.6501185205062838,1
30937,0.6957537544673087,95.58333333333333,0.8987051464762864,0.7674418604651163,47,3.7,0.063,0,0.564663671332062,1
7666,0.901070652328602,101.41666666666667,0.8676207432540947,0.7073170731707317,6,4.2,0.145,0.0007101095999289007,0.14609966084007306,1
8929,0.8241592265738956,9.166666666666666,0.6856069733492621,0.5526315789473685,33,4.9,0.234,0,0.7369246276178744,1
7744,0.8184636163430684,95.58333333333333,0.8576710200838074,0.6363636363636364,49,4.5,0.202,0.030096467116559573,0,1
21606,0.7234731532709501,6.333333333333333,0.7559574080132709,0.8108108108108109,1,3.4,0.137,0,0.8223831894656454,0
25533,0.6960508069349983,100.08333333333333,0.8550657124007962,0.34210526315789475,28,4.4,0.113,0,0.43974464418595544,1
20241,0.7593956197069425,20.666666666666668,0.8061158825778821,0.7608695652173914,17,3.8,0.238,0,0.2720782589362911,1
4316,0.7699792156338874,5.916666666666667,0.7564561061156256,0.4883720930232558,10,4.2,0,0,0.7629749768303985,1
16743,0.6440075985745798,6.75,0.7808859339592735,0.574468085106383,13,3.9,0.051,0,0.6804240704793191,1
3336,0.6219064834834849,9.666666666666666,0.731787082998206,0.8780487804878049,17,3.8,0.082,0,0.7003447758956678,1
3558,0.8363242671079446,5.916666666666667,0.7468704118927968,0.5,63,4.6,0.004,0,0.7942664418212478,1
16074,0.7581455364518691,10.833333333333334,0.7339751312955295,1,21,3.7,0.153,0.0027558386411889596,0.28201698447755624,1
7849,0.6641127227960633,98.75,0.8651398638746002,0.6585365853658537,86,3.9,0.091,0,0.5391769652184992,1
26361,0.7150928419238467,104.83333333333333,0.9025786092219171,0.8157894736842105,37,4,0.123,0,1.0913677661652852,1
16324,0.6571305345600358,99.33333333333333,0.8838034248779814,0.8636363636363636,71,3.2,0.157,0,0.27249058106411,1
9806,0.8045650887070155,98.08333333333333,0.8602411210161214,0.525,31,4.5,0.062,0.0013297872340425532,0.35661839689985725,1
19538,0.60359051986373,18.166666666666668,0.7020113436896933,0.8780487804878049,57,2.8,0.153,0.026239957753286535,0.4287140115163148,1
17445,0.8478141361969737,7.166666666666667,0.7959310607583228,0.6744186046511628,1,3.6,0.014,0,0.5521352823158499,1
12509,0.63752780035748,17,0.8171102146453173,0.6222222222222222,21,4.5,0.205,0.001484818831716002,0.7125554622856458,0
9397,0.6740503752046818,18.25,0.7428692561588842,0.7391304347826086,58,3.9,0.167,0.0036282830034151995,0.5009045440034053,1
10158,0.7476093372236847,6.75,0.7808859339592735,0.5454545454545454,16,4,0.209,0.08767018577774617,0,1
7107,0.7757994330639254,6.5,0.7608364345361842,0.7894736842105263,1,3.1,0.062,0.0019532244108515294,0.3868289594033631,0
17576,0.5756845748646113,20.333333333333332,0.7530078824046005,0.7380952380952381,25,4,0.103,0.05619560187995353,0,1
1692,0.6325484099194546,98.16666666666667,0.8646123288968446,0.975,1,4.1,0.109,0,0.5634052616021283,1
18938,0.6783568076467221,11,0.5850586685566923,0.9347826086956522,11,3.1,0.172,0.16331138544156912,0,1
16450,0.8819732462691039,5.75,0.7331601066735947,0.5,63,3,0.087,0,0.4145288753799392,1
18912,0.8121493978882081,93.08333333333333,0.853782605451557,0.40476190476190477,67,4.2,0.05,0,0.5056577834179357,1
10421,0.6885594069732368,6.583333333333333,0.7811187789140432,0.7441860465116279,17,3.8,0.096,0.0901131290254258,0.04203051530563286,1
6675,0.7168407030143914,16.5,0.7250372204279556,0.8409090909090909,22,3.4,0.08,0,0.5574949434414563,1
6273,0.7913279466269602,6.833333333333333,0.7777943029477,0.5869565217391305,37,4.3,0.331,0,0.29557592666400956,1
27539,0.7535839167926098,10,0.726138721247417,0.875,23,3.3,0.121,0,0.2922764080031955,1
24478,0.5107160642595302,18.916666666666668,0.7631364747353293,0.9069767441860465,61,3.2,0,0,0.4525696543835281,1
14352,0.6699680081053585,20.416666666666668,0.7733682887852777,0.5454545454545454,6,4.8,0.027,0.01663409158040148,0.35179765886287623,1
9434,0.8399622190011673,7.083333333333333,0.8323787429555881,1,23,3.7,0.14,0.048588564675867564,0,1
9674,0.9367392883462218,6.916666666666667,0.7679354182619491,0.4864864864864865,23,4.5,0,0,0.3428955393601075,1
9783,0.6329192631242492,11.583333333333334,0.7305277582686613,0.9130434782608695,44,4.3,0.028,0,0.47674537462945926,1
38895,0.546881971098337,17.916666666666668,0.6913716032338773,0.9565217391304348,49,4.1,0.079,0,0.9331276513690706,1
21508,0.7955459813831347,6.333333333333333,0.773623019288352,0.7441860465116279,53,3.9,0.139,0,0.7449321182815697,1
9005,0.8069872440348594,10.666666666666666,0.6836178635731782,0.7,20,4.5,0.12,0,0.7424764019988895,1
19037,0.7335075571927656,96,0.8932609295212541,0.8461538461538461,38,3.5,0.108,0,0.5855067895884223,1
2000,0.5379687078764153,17.5,0.755885607276642,0.5853658536585366,10,4.5,0.012,0,0.7041760440110028,0
13033,0.7431096013622052,6,0.6666666666666667,0.6388888888888888,24,4.5,0.145,0,0.5418760790331862,1
4870,0.8288103671812318,6.666666666666667,0.6917792998515512,0.6744186046511628,77,4.9,0.088,0,0.13593429158110884,1
25118,0.7826932406834325,99.66666666666667,0.8789500931715462,0.6521739130434783,17,4.3,0.212,0,0.5923360207026973,1
5960,0.6896761944554277,19.25,0.6882215137656997,0.6444444444444445,45,3.7,0.12,0,1.0343959731543624,0
17168,0.6307866993544544,6.583333333333333,0.7264533824686796,1,5,4.5,0,0,0.5567496723460026,1
6570,0.8173241666422568,9.833333333333334,0.6481264492876831,0.8636363636363636,30,3.2,0.17,0,0.7750380517503805,0
13855,0.5677168280487082,11.25,0.7788916806429733,1,18,4.7,0.034,0,0.8821682485834927,1
6881,0.7289472219306912,7.083333333333333,0.8049044240967411,0.5853658536585366,13,3.7,0.164,0,0.5737538148524923,0
10704,0.6235765846673766,20.833333333333332,0.7561639895339493,0.7777777777777778,49,3.2,0.216,0.00041439418244038073,0.24626307922272048,1
14550,0.6923107752131683,17.083333333333332,0.7652953810005969,0.6923076923076923,1,4.3,0.157,0,0.3721090071823774,1
4243,0.8230769039551525,9.583333333333334,0.6885305271552642,0.7346938775510204,15,3.7,0.194,0,1.141173697855291,0
22477,0.9029903284118278,100.16666666666667,0.8845900623370394,0.5555555555555556,27,4.5,0.181,0,0.5263719885213445,1
3632,0.872736737420508,11.5,0.782608695652174,0.7446808510638298,31,3.3,0.102,0,0.5344162995594713,1
16140,0.5888107984153714,19.083333333333332,0.7834571830879049,0.46511627906976744,1,3.5,0.248,0.05526594138961646,0.2569392812887237,0
15615,0.8104031814760878,6.583333333333333,0.8306444536675994,0.8974358974358975,23,4,0.171,0.001776348364576542,0.4873675109673701,1
12865,0.7593924956496283,97.08333333333333,0.8768636692500508,0.4375,32,3.8,0.156,0.09086676955728552,0.004041974349008939,1
11968,0.7568690288371673,6.25,0.7545072981397071,0.3,11,3.6,0.107,0.09839823320702744,0.13477606951871657,1
24118,0.8822216055912845,97.83333333333333,0.8993446593068317,0.6818181818181818,33,3.2,0.127,0,1.250461283300508,1
13775,0.4725067354315139,95.41666666666667,0.8623213978342061,0.425,1,4.2,0,0.02755887005602255,0.12014519056261343,1
10180,0.9448509315753403,6.25,0.7296915342304895,0.7727272727272727,1,4.8,0.239,0,0.7016699410609037,1
21208,0.5636572409969298,16.5,0.7864406614963033,0.5111111111111111,16,3.9,0.173,0.028058235734755188,0.3813655224443606,1
2237,0.8017050294895788,93.91666666666667,0.8921597134904515,0.7659574468085106,34,4.5,0.119,0,0.6388019669199821,1
13471,0.6158206977445336,95.33333333333333,0.8782483542204186,0.7567567567567568,60,4,0.118,0,1.1164724222403681,1
3442,0.6267562089401566,10.583333333333334,0.6693850901540628,0.7441860465116279,36,4.9,0.02,0.0062633263110229145,0.1801278326554329,1
1840,0.8255773502352194,6.833333333333333,0.8126549817593023,0.7380952380952381,41,4,0.134,0.05578212882527084,0.04240282685512368,1
20127,0.9239321075620938,97.25,0.8917354186690866,0.8571428571428571,43,4.2,0.121,0,0.44760769116112686,1
24084,0.7332876395483081,8.75,0.7234813116008005,0.5813953488372093,22,3.8,0.096,0,1.30500134947163,0
16840,0.9185156921760802,6.5,0.7608364345361842,0.4473684210526316,32,4,0.144,0,0.47715193443985865,1
15306,0.8665852656708063,6.666666666666667,0.7849418683239343,0.5609756097560976,18,4.5,0,0,0.9765117114762667,1
17399,0.7106898294191615,19,0.7840608135948918,0.9090909090909091,26,3.2,0.168,0.004348628691983123,0.5504497514153519,1
15530,0.5289935894061522,16.583333333333332,0.7448047452141784,0.7105263157894737,23,4,0.029,0,0.908979683827554,0
2965,0.7493390480702811,16.5,0.7967210929545645,0.6341463414634146,35,4.3,0.154,0,0.7586439534491483,0
22086,0.8002190474540918,99.83333333333333,0.8786343815113467,1,53,3.9,0.177,0,0.726161369193154,1
20474,0.8528042634846238,98.83333333333333,0.8890982593763415,0.5813953488372093,23,4.2,0.068,0,0.5866119618042835,1
5544,0.8450577278815755,5.666666666666667,0.7088383842173039,0.6086956521739131,1,4,0.081,0,0.381708307026247,1
13040,0.7984268555977339,93.08333333333333,0.8753728945806686,1,32,3.7,0.069,0.061520998236703456,0,1
4729,0.8563734021580852,94.58333333333333,0.8581880917472565,0.9534883720930233,45,4.3,0.285,0,0.7074124986782278,1
10487,0.8249449016883001,11.083333333333334,0.6516110424600573,0.782608695652174,4,3.5,0.127,0,0.8410412892152188,0
20301,0.6222606240228685,20,0.7610788135528092,0.8571428571428571,46,3.3,0.225,0,0.64535356272013,0
22646,0.889660437454316,100.5,0.8729312586766798,0.9565217391304348,20,3.2,0.093,0,0.5509582266183873,1
20217,0.6527008464031263,6.583333333333333,0.7484226972866861,1,25,5,0,0.0014836643439645558,0.3448582875797596,1
12013,0.750231232755934,7.166666666666667,0.8040430285307824,0.7317073170731707,1,4,0.051,0,0.9053069719042663,1
15205,0.7639988729212606,6.666666666666667,0.7106040774302443,0.8333333333333334,37,4.9,0.085,0.014603678149908815,0.0428162714985695,1
14766,0.8279366343327255,6.916666666666667,0.7755670360217211,0.36363636363636365,76,4.1,0.098,0.01086809864913106,0.2727303511564119,1
28855,0.6518858687365483,100.25,0.8691069977854293,1,6,4.2,0.128,0.0752552466156662,0,1
8635,0.8015202661720684,10.666666666666666,0.7339158380324,0.6842105263157895,20,3.8,0.252,0.03872417608294248,0.31316231397301525,1
13334,0.772441405853982,103.16666666666667,0.8864192698484261,0.7073170731707317,1,3.8,0.016,0,0.44924438444519443,1
10738,0.9493842255823637,6.333333333333333,0.8254408005076106,0.6842105263157895,74,3.7,0.017,0.004526030419730898,0.2762153101136152,1
1856,0.7021123865270231,10.75,0.6664864377628069,0.3888888888888889,29,4,0.165,0,0.4326508620689655,0
21481,0.8406025137629225,102.83333333333333,0.9170247926342289,0.8095238095238095,62,4.6,0.272,0.12141572515708694,0.07011009985801075,1
10295,0.7203633479268821,15.916666666666666,0.7403753661106296,0.9555555555555556,2,4.3,0.2,0,1.134142787761049,0
6832,0.70029239575663,15.666666666666666,0.7059515965726542,0.6428571428571429,26,3.9,0.146,0.10046070572935815,0.020346922345019395,1
24827,0.589276670612557,94.08333333333333,0.8822432612904488,1,54,3.6,0.095,0.0013663881570440443,0.2303184097637605,1
13808,0.8450056352518189,11.166666666666666,0.6795386484539718,0.6904761904761905,22,3.9,0.138,0,0.728635573580533,0
7351,0.7723916063603704,94.33333333333333,0.8947613242979828,0.6944444444444444,14,4.4,0,0,0.36038364737092715,1
4103,0.6641428533525779,10.416666666666666,0.7386802724630228,0.4888888888888889,16,3.5,0.255,0,0.5065204143814747,0
17582,0.7137315966924811,6.25,0.8026846855073502,0.5116279069767442,14,4.2,0.283,0.10900401339281528,0.033671757244831214,1
16548,0.6391882500538499,6.666666666666667,0.760208423834364,0.5681818181818182,1,3.5,0.061,0,0.9539809638918265,0
2260,0.7858144205950942,96.83333333333333,0.9017725778080532,0.7777777777777778,17,3.5,0.224,0,0.3629121487054658,1
14017,0.7832247193321267,98.16666666666667,0.8515134777311631,0.7380952380952381,38,3.8,0.113,0.08347950498798416,0.13534049156351444,1
1805,0.7515852502428518,9.333333333333334,0.5865772534717777,0.5641025641025641,21,3.9,0.267,0,0.6666666666666666,0
1880,0.7571129981389864,9.25,0.6635162270813856,0.75,47,3.8,0,0.01268155489179774,0.12925531914893618,1
12469,0.582165370897467,94.33333333333333,0.9425319577127541,0.8055555555555556,26,4.4,0.046,0.08518334473166649,0.10409816344534445,1
8927,0.8211356994071226,6.5,0.7870096445405621,0.5434782608695652,29,4.3,0,0.10010072365308142,0,1
15144,0.7503894727621963,6.166666666666667,0.7628388003407535,0.5777777777777777,83,3,0.175,0,0.5480899395780368,1
26508,0.8217058559523763,7.25,0.8725225688918458,0.6,12,4.1,0.14,0,0.16218051494859945,1
15288,0.6997200650816203,18.333333333333332,0.8041758251951089,1,22,3.6,0.125,0.007712235049327287,0.10014390371533229,1
5614,0.7266080862105491,16.166666666666668,0.689863732855849,0.5853658536585366,21,4.1,0.015,0,1.2609547559672247,0
19780,0.8652718736749314,11.916666666666666,0.7004412588726727,0.7209302325581395,15,3,0,0,0.761577350859454,1
7235,0.898948486857573,6.5,0.8279947709615546,0.4358974358974359,46,3.9,0.185,0.029824169128376567,0.3651945538737992,1
20107,0.78185447078629,90.91666666666667,0.8569091299889426,0.8205128205128205,35,4.2,0.012,0,0.9413139702591138,1
9973,0.7086254039725521,17.833333333333332,0.7589944493789228,0.7435897435897436,56,4.9,0.113,0,0.5589090544470069,1
29515,0.5994573652687805,93.83333333333333,0.8714615992797113,0.7692307692307693,27,4.2,0.302,0,0.5698893764082061,1
16910,0.7839460300656153,99.41666666666667,0.8802455397455343,0.6046511627906976,70,3.8,0,0,0.4739347703953399,1
2618,0.5490300937887442,16.583333333333332,0.686221240889464,0.7272727272727273,26,4.9,0.226,0.01629995155378457,0.045463228271251196,1
16360,0.6742218318162025,18.666666666666668,0.7465166148825289,0.4634146341463415,44,3.5,0.13,0,0.2808679706601467,1
30649,0.8663536041222771,6.75,0.7808859339592735,1,45,4,0,0,0.7640178149012187,1
11173,0.6602300610130034,17.583333333333332,0.7086560589705464,0.717391304347826,33,4.3,0.113,0.12711330652097608,0,1
15202,0.7222809771811101,8.5,0.5637530301708433,0.46511627906976744,1,3,0,0,0.36220109857579846,0
20600,0.6139547975413793,17.666666666666668,0.7037675760734419,0.42857142857142855,19,3.9,0.075,0.06070562024534298,0,1
8016,0.7399818600587909,94,0.8229434364139017,0.6078431372549019,45,4.2,0.127,0.0015412085360408886,0.16342315369261476,1
14684,0.5372837016828043,9.833333333333334,0.6709069857805492,0.8636363636363636,44,3.9,0.057,0.11927596008936757,0,1
23582,0.8861008592666341,9.833333333333334,0.681554335117696,0.4634146341463415,13,4.7,0.155,0,0.6177169027224154,1
15776,0.9502749490404271,6.166666666666667,0.7051699428476834,0.75,26,3.6,0,0,0.4854842799188641,1
7739,0.45618808983745707,21.333333333333332,0.8602457514062631,0.9767441860465116,49,4.4,0.023,0,0.2771855010660981,1
18212,0.5244339943828861,16.916666666666668,0.6713506639582083,0.9512195121951219,36,4.6,0.287,0,0.8637948548993768,0
13136,0.6859010840108379,18.5,0.7587670659640382,0.7272727272727273,51,4.4,0.047,0,1.0357034104750305,1
18339,0.7500454847003635,9.833333333333334,0.6267336348212671,0.7804878048780488,26,3.3,0.204,0.0047634484582777525,0.30002453853913896,1
5595,0.685231915778007,18.666666666666668,0.7641099140424481,0.46511627906976744,57,4.4,0.087,0.011314599439719205,0.483467381590706,1
15610,0.6138094384496184,17.166666666666668,0.7300691500105274,0.475,20,3.4,0.18,0.034902897727269205,0,1
9429,0.7807319264503688,97.16666666666667,0.8616789355970598,0.5,15,3.4,0.115,0.023768943039146243,0.15749284123448934,1
2003,0.7398969247466984,96.5,0.8570661738431739,1,1,4,0.21,0.06726832860037847,0,1
2011,0.7746793570153072,95.58333333333333,0.8581846323318548,1,5,3.3,0.111,0,0.661029594628202,1
16328,0.797468550430558,6.083333333333333,0.7039700988359683,0.8,51,3.9,0.165,0.07032397093576115,0.22612157403154187,1
13320,0.74563454145964,97,0.9013859460324278,0.7380952380952381,1,3.5,0.144,0.0012032665891957145,0.187012012012012,1
18010,0.4785351896182518,19.75,0.8208365084762688,0.9743589743589743,13,3.8,0.061,0.016593810074678157,0.18706793636691746,1
5388,0.8914553144585663,5.75,0.7427791398652341,0.7346938775510204,24,3.6,0.239,0.04871764228135562,0.1984038604305865,1
14310,0.7345263667325113,7.583333333333333,0.5711468944815856,0.7560975609756098,46,3.7,0,0,0.7868199447919214,1
16398,0.9267389020441378,93.41666666666667,0.8781463423690992,0.9743589743589743,24,4.5,0,0,0.41866138130812625,1
19874,0.9048213119662672,97.91666666666667,0.8704508636717162,0.7857142857142857,50,4.4,0.083,0.1993516991824197,0,1
7396,0.9173475969203677,92,0.851030107117219,0.6666666666666666,1,3.8,0.216,0,0.3980530016224986,1
10010,0.6687442679451505,9.5,0.7916782089993348,0.4782608695652174,32,3.4,0.123,0.01506416387514363,0.2010989010989011,1
16012,0.4829989222997906,9.166666666666666,0.688777404206842,0.625,38,4.1,0.155,0,0.4331751186610042,0
17044,0.8248496180685667,101.41666666666667,0.8782036330940199,0.8611111111111112,36,3.8,0.001,0.0020636114007085773,0.3857075803801924,1
10428,0.6049631958154625,6.833333333333333,0.7777943029477,0.7111111111111111,50,2.5,0.052,0,0.4998082086689682,0
16590,0.9356174268941687,89.83333333333333,0.9211775666558516,0.6923076923076923,48,4.4,0.194,0,0.7668103318364026,1
18506,0.684133788296837,17,0.7424720483026725,0.5957446808510638,51,3,0.146,0.08738224687209666,0.09575531598713896,1
20686,0.8408259008387364,92.66666666666667,0.8744351821891578,0.7317073170731707,11,3.6,0.027,0,0.5255372120567547,1
17678,0.7809435001212556,6.5,0.8064145016597244,0.8301886792452831,1,4.6,0.237,0,0.7142776332164272,1
14738,0.8689282334814425,92.25,0.8706642109858207,0.9705882352941176,33,4.5,0.108,0.15272059587097614,0.18557470484461935,1
15802,0.8383838212900852,6.666666666666667,0.793844718719117,0.4782608695652174,4,4.1,0.206,0,0.5970319273486694,1
18781,0.7651264381687506,10.5,0.68056171750003,0.6111111111111112,40,4,0.07,0,0.38524000958440935,1
2373,0.9031253732187644,98.33333333333333,0.8759118290323856,0.625,19,3.7,0,0,1.4530130636325327,1
10079,0.7203342794842837,101,0.8619175675150361,0.2857142857142857,78,4.6,0.188,0.047976707371405934,0.19099116975890465,1
8558,0.8374408330974646,100.08333333333333,0.8627912220960994,0.8409090909090909,14,4.9,0,0,0.9739425099322272,1
5694,0.7848499208181247,6,0.7546733092686709,0.358974358974359,1,4.4,0.215,0,0.09466104671584123,1
15188,0.6223878715863044,7.083333333333333,0.7885623440516303,0.5789473684210527,1,4.9,0.038,0,0.7963523834606268,1
6626,0.9141038249804776,5.916666666666667,0.7768594434119034,0.7,6,3.9,0.112,0.045211087814436085,0,1
19589,0.7739029490372412,10.666666666666666,0.6906407832308854,0.8536585365853658,39,4.4,0.052,0,0.8166015774561605,1
9951,0.6842103149284839,11,0.6578306124049632,0.7209302325581395,13,3.3,0,0,0.3966435534117174,0
15376,0.6036574672397083,17,0.7058823529411764,1,27,4,0.133,0,0.773113069493675,1
22927,0.8971844527786543,13.416666666666666,0.8112986642116359,0.6428571428571429,1,3.8,0.099,0,0.5953372734608423,1
4393,0.807582539953594,95.25,0.88222074176735,0.9767441860465116,22,3.3,0.045,0,0.8436148417937628,1
14245,0.7276664819864922,6,0.7034144929991302,0.8536585365853658,15,4.2,0.092,0,1.0162162162162163,0
17250,0.7898713654124924,5.833333333333333,0.7919968603062709,0.391304347826087,49,3.8,0.075,0,0.39751876865996116,1
12993,0.8720724163330611,11.75,0.6629153294094711,0.7142857142857143,8,2.9,0.204,0,0.5549355397344622,0
24409,0.687922323330209,18.666666666666668,0.7887114363178709,0.3902439024390244,65,5,0.1,0.10691460191552542,0.052932380113485056,1
22434,0.6347695262867128,16.333333333333332,0.6737884211602901,0.5789473684210527,29,3.9,0.049,0,0.9434340732816261,0
17876,0.7895879735784254,8.583333333333334,0.6457973524863165,0.6382978723404256,6,4.6,0.17,0.005586299728650304,0.19624076974714702,1
18345,0.8306960544768947,6.5,0.7372576726677026,0.8444444444444444,43,4.7,0.204,0,0.9893704006541292,1
22064,0.7026421863642167,17.083333333333332,0.7557563362513161,1,21,3.4,0.238,0.01706512062452634,0.2379495546944048,1
4258,0.9037041844300684,10.166666666666666,0.7434020353688766,0.5098039215686274,8,3.7,0,0,0.9194457491780178,0
26527,0.8164599975134467,9.75,0.6976967660884206,0.7435897435897436,15,4.7,0.09,0.023483691261503205,0.23696611000113094,1
20111,0.9177266415479214,96.25,0.8832901717472157,0.7254901960784313,21,4.6,0.084,0,0.9381433046591418,1
18566,0.689718367250315,6.666666666666667,0.7938447187191169,0.4772727272727273,1,4.6,0.193,0,0.8123990089410751,0
17342,0.7576678422778138,8.833333333333334,0.5571058643658302,0.975609756097561,65,3.7,0.023,0.0124093890880288,0,1
19901,0.7359971340494948,101,0.8879101802129261,0.8292682926829268,28,3.2,0.168,0.02337306647959972,0.02291342143610874,1
2037,0.9267881206951671,95.33333333333333,0.8763799333589952,0.525,23,3.4,0.138,0,0.6319666093788362,1
7230,0.7633665909809041,5.666666666666667,0.7684115331172997,0.7804878048780488,38,4.8,0,0,0.8993706342070683,1
20169,0.9206209655930635,90.33333333333333,0.8711918105113869,0.7631578947368421,9,3.9,0,0.1351400814972272,0,1
7511,0.8144707300375904,8.416666666666666,0.6259836283658593,1,15,4.9,0.187,0.024724140127691887,0.17001730794834244,1
11501,0.6517937435537633,93.5,0.8350893695710238,0.6428571428571429,28,3.7,0.298,0.032101472078398204,0,1
16773,0.6502103547909154,17.75,0.7172554943678207,0.8048780487804879,26,3.8,0.089,0.005931465515900347,0.34759278581010583,1
11556,0.5563079121814152,17.333333333333332,0.7180215711804774,0.6666666666666666,50,4,0.076,0,0.9613603911557267,0
6150,0.7830435070647979,10.75,0.6842571805516853,0.8444444444444444,2,3.5,0.177,0.004867638595818147,0.6715993170176437,0
20339,0.6711787888084642,6.416666666666667,0.8149635474185064,0.4782608695652174,28,4.8,0.045,0,0.5503355704697986,1
19317,0.6709442567484012,17.083333333333332,0.6693344911203449,0.7567567567567568,85,4.6,0.134,0,0.3219444013045504,1
10747,0.71847485644644,6.083333333333333,0.7936093263928854,0.7209302325581395,37,4,0,0,0.8623272693435072,1
16822,0.7915227838149141,96.41666666666667,0.8669448614519157,0.6046511627906976,43,3.6,0.162,0.06146074505375509,0.22322622833873318,1
7895,0.7089537259120366,15.416666666666666,0.6442684673778833,0.7142857142857143,38,3.1,0.112,0,0.814059531348955,0
16671,0.7810915054879859,11.833333333333334,0.8387954487005691,0.4358974358974359,26,4.9,0.123,0,0.3360427101766594,1
14524,0.6879040543155865,18.916666666666668,0.7602050854580295,0.6739130434782609,1,3.3,0.115,0.02005560064812846,0,1
20602,0.8430780646486599,102,0.8650995592120896,0.8409090909090909,69,3.5,0.134,0,0.523541403747209,1
12668,0.6918973754218758,19,0.773623019288352,1,37,4.3,0.213,0,0.7342411683441878,1
18277,0.8367828017280242,10.25,0.6712590793633215,0.6410256410256411,19,3.9,0.217,0,0.4050445915631668,1
8380,0.7192294304558875,5.75,0.763186454516403,0.9069767441860465,1,3.9,0.078,0,0.7799522673031026,1
24279,0.7775271081452426,6.416666666666667,0.7498524638408023,0.7,52,4.5,0.138,0,0.3736227526412258,1
25439,0.8196106259557733,7,0.7391797345213494,0.675,34,4.4,0.042,0.051148125583279684,0.19965407445261213,1
11945,0.7115014984548282,6.916666666666667,0.8002033258822048,0.7209302325581395,25,4.1,0.078,0.01133701860173017,0.04704897446630389,1
14220,0.43536341513392873,17.416666666666668,0.6706201190527135,0.7297297297297297,4,4.6,0.103,0.012622708593074676,0.19247538677918424,1
24132,0.8298951444966021,99.83333333333333,0.8677547619553017,0.4146341463414634,28,4.6,0,0,0.7429554119012101,1
15582,0.8992811497585725,12.416666666666666,0.7857598698052031,0.5121951219512195,53,3.7,0.244,0,0.8070850981902195,1
15558,0.8015825256885145,10.083333333333334,0.6436684109535521,0.5853658536585366,1,3.5,0.083,0,0.508034451729014,0
23951,0.7139694050143461,6.5,0.702078204137891,0.76,73,4.2,0,0.003531510911776642,0.5930982651719171,1
8606,0.894575485300117,11.666666666666666,0.7107363324097631,0.2619047619047619,2,3.7,0.163,0,0.627933999535208,0
2110,0.8214253158488996,6.5,0.7692307692307692,0.6666666666666666,39,3.8,0.157,0,1.0919431279620853,0
7038,0.897683201850742,97.33333333333333,0.8775475398713621,0.7857142857142857,37,5,0.077,0,1.0193960923623446,1
7451,0.8437123387640384,10.833333333333334,0.7060773357762646,0.9777777777777777,32,4.9,0.189,0,0.16253942688410175,1
28138,0.8193131830995313,91.25,0.8886780840881642,1,38,5,0.357,0.017956040294728307,0.4108751665926255,1
14103,0.8823272865848107,9.166666666666666,0.6952171888319962,0.8611111111111112,41,4,0.008,0.0002830470819448005,0.3283105832299238,1
25495,0.7663604841637158,104.66666666666667,0.886931461935817,0.975,56,4.4,0.121,0.0058419840203251736,0.31621886644440084,1
3711,0.8129007312115573,9.833333333333334,0.7379724604450796,0.9487179487179487,26,4.1,0.108,0,0.6917272972244678,1
8614,0.7466556574744525,8.916666666666666,0.7600841560188143,0.7692307692307693,1,4.2,0.234,0.003790209698332325,0.2924479015498926,1
5880,0.5901323566307102,7.083333333333333,0.8425989628204746,0.8837209302325582,1,4.3,0.279,0,0.6961476316013266,0
15885,0.7969574841103243,99.08333333333333,0.8648169071841318,1,43,3.2,0.238,0,0.9205829582297208,1
19466,0.8051040420521249,105.91666666666667,0.8932901902708409,0.5555555555555556,47,3.7,0.23,0.005299543655818385,0.40388369464707696,1
16331,0.5744173879616996,18.666666666666668,0.7932886267358888,0.9,1,4.4,0,0.16322348083032537,0,1
3104,0.8384397893290716,98.75,0.8770738992057586,0.5853658536585366,22,4.5,0.111,0,0.5451030927835051,1
15930,0.765257029401442,90.41666666666667,0.8474522121372677,0.6458333333333334,30,4.4,0.162,0.006435074723776251,0.25531247057346435,1
3462,0.7069735565816311,19.416666666666668,0.7254895898206457,0.5681818181818182,25,4.2,0.244,0,0.8454650491045639,0
9005,0.7782696150704258,9,0.6666666666666667,0.6923076923076923,8,3.8,0.082,0,0.45474736257634646,1
12151,0.8591434654671753,11.666666666666666,0.7468564979047235,0.6666666666666666,31,4.1,0,0.010732871140900747,0.36490823800510247,1
18130,0.8170177387817541,5.666666666666667,0.7684115331172997,0.7333333333333333,52,4.1,0.05,0,1.1944291230005515,1
13507,0.8810286649296672,98.75,0.8938619357517329,0.7906976744186046,32,3.4,0.154,0.1643256013471466,0,1
17151,0.4151695801850165,16.75,0.7818307268728288,0.9302325581395349,1,4.8,0,0,0.6707093087665082,1
21059,0.6452703981922273,10.916666666666666,0.7165275629369903,0.5238095238095238,50,4.1,0.241,0,0.7691723253715751,0
13781,0.8383658086045755,6.666666666666667,0.760208423834364,0.6585365853658537,1,4.2,0.139,0,0.29032726217255644,1
12130,0.6050600001235513,6,0.7546733092686709,0.4888888888888889,54,2.8,0.173,0.061667389530148074,0.25491570138917513,0
15022,0.5578712739565037,19.333333333333332,0.7702946104400995,0.6363636363636364,5,3.9,0.264,0.004807839578215609,0.21302799320973273,0
24897,0.7823091266984399,100.33333333333333,0.8815578506978347,0.5,19,4,0.169,0,0.748900447854116,1
8315,0.5763596550887954,10.666666666666666,0.6591027464176339,0.6666666666666666,24,4.3,0,0,0.9051656744241987,0
28738,0.6948026775714968,10.916666666666666,0.7190051554304433,0.7916666666666666,23,4.4,0.182,0.06081153994510447,0.18004036467395088,1
17207,0.6557315073175468,16.25,0.717855493261971,0.625,49,3.6,0.197,0,0.5508223397454525,0
15437,0.6941620296189998,15.5,0.695678027998174,0.6153846153846154,35,5,0.068,0.06437888466556028,0.08551161208823244,1
12367,0.6209340935044396,17.833333333333332,0.7568296853970526,0.9318181818181818,35,4.2,0.202,0,0.6802248008733272,1
10097,0.8019124019536523,9.75,0.7065250476343693,0.7142857142857143,17,2.5,0.067,0,0.39972268990789345,0
10448,0.7015369741126067,94.66666666666667,0.8817928849887711,0.6956521739130435,31,3.3,0,0.019172572581516837,0,1
20417,0.7708138665228104,6.666666666666667,0.7849418683239343,0.42857142857142855,15,3.7,0.067,0.0008093804506248059,0.34163544192197487,1
12770,0.8030263150367798,10.083333333333334,0.6699384206989114,0.9534883720930233,55,3.7,0.075,0.06383050411763631,0,1
11861,0.7351109113339579,6.666666666666667,0.812917130661303,0.6,3,4.1,0.135,0.0000853135046787722,0.3784672455948065,1
8029,0.7709661443695448,11.5,0.763186454516403,0.7674418604651163,26,3.7,0.284,0,0.5055738930061655,1
10032,0.7161575214976998,10.833333333333334,0.6850847770698658,0.868421052631579,45,4.2,0.187,0,0.9143198923391317,1
1980,0.8543153840050768,6.916666666666667,0.7679354182619491,1,45,4.5,0.233,0.004603845381827122,0.1323566557211417,1
9844,0.6547950042275887,19.166666666666668,0.741021345881123,0.8,32,3.8,0.162,0,0.380758876415909,0
32316,0.665585737654286,11.416666666666666,0.7337016591685446,0.425,7,3.9,0.236,0.15594315825969726,0,1
26481,0.7630657892195343,10.25,0.6524925158835364,0.4523809523809524,1,3.8,0,0.07817184021256633,0.045013405838148106,1
25327,0.7072544935329954,10.916666666666666,0.7836850791556527,0.5957446808510638,42,4.4,0.156,0,0.42891832665390006,1
15847,0.7129244395753427,89.41666666666667,0.8670093346890468,1,26,5,0.096,0,0.36803079544378886,1
22804,0.5628071013668429,7.166666666666667,0.8213687035379393,0.5789473684210527,17,3.7,0.168,0.08769187729378371,0.0238998399368518,1
12366,0.7445840749898622,9.333333333333334,0.7256733661475496,0.6046511627906976,24,4.1,0.157,0,0.6739719380534552,0
25273,0.6233128033638875,17,0.7413547851319036,0.4523809523809524,7,4.5,0.042,0,0.5778894472361809,0
11840,0.543644102337183,19.666666666666668,0.7054551322545295,0.75,1,3.8,0,0,0.6351619578529498,0
13966,0.7698481047756199,102.33333333333333,0.8831894392375172,0.6410256410256411,31,4,0.135,0,0.6676452686978626,1
7191,0.7402761599659862,5.666666666666667,0.757464374963667,0.926829268292683,56,5,0.178,0,0.7863996662494785,1
15832,0.7777212991970677,99,0.8673981907911433,0.6363636363636364,35,3.6,0.266,0,0.794744654644222,1
15585,0.8181461662841816,6,0.7958758547680685,0.6585365853658537,49,4,0.056,0,0.4227783124799487,1
13601,0.6807653679910626,18.916666666666668,0.7773259567207029,0.9210526315789473,28,4.6,0.167,0.09429602240638169,0.12668651887798243,1
13543,0.5007579877091412,21.5,0.8900973110173812,0.5581395348837209,74,3.8,0.309,0.01605444670591127,0.3785719559920254,0
10232,0.7117260064247829,100.91666666666667,0.9016994142100389,0.5111111111111111,3,4.3,0.226,0,0.32378811571540267,1
3452,0.8290343319321507,10.5,0.6240406577039044,0.5217391304347826,1,4.5,0.103,0,0.9290266512166859,0
21307,0.6442412759890876,94.25,0.83908288883597,0.525,36,3.6,0.043,0.0005896134928392993,0.2805247225025227,1
18427,0.7772618668683516,7.25,0.7810050703073833,0.6904761904761905,95,3.2,0.069,0.03027846324274459,0.1532032670338914,1
2017,0.6637066046553681,15.75,0.6998082973014967,0.8,4,3.6,0.22,0.08147124048757591,0.09271194843827467,1
11959,0.6249496510386303,16,0.7661464133266287,0.55,27,5,0.009,0.12568059519059144,0.014801187439896307,1
1890,0.6487304694759024,15.75,0.627857602675012,0.425531914893617,17,3.7,0.059,0.000804093567251462,0.2571428571428571,0
23355,0.7990638772547981,11.75,0.7940818277878301,0.8157894736842105,30,3.6,0.261,0,0.6742597786293862,1
6261,0.874932959768644,5.25,0.7924333836409203,0.8048780487804879,28,4,0.006,0,0.6708729334717675,1
16684,0.83187527602918,9.5,0.7403745861938817,0.6521739130434783,52,3.4,0.049,0,0.5855909853752098,1
2248,0.7463992817130002,6.333333333333333,0.8377785788692375,0.4166666666666667,43,4,0.35,0,0.8008898776418243,0
16771,0.7501280798382941,10.833333333333334,0.7012848024777292,0.47619047619047616,46,4.1,0.123,0.031056059824818336,0.21262894281795958,1
1890,0.6770078313343924,16,0.7487012899621912,0.5208333333333334,59,4.5,0.197,0,1.198941798941799,0
14925,0.6020566573856757,17.416666666666668,0.7322711036643488,0.8333333333333334,51,4.6,0.195,0.023164150559342494,0.4117390867365741,1
22910,0.7502287974399414,96.08333333333333,0.865808905518712,0.8809523809523809,42,4,0.2,0,0.7410301178524662,1
33940,0.7244284136433368,18.166666666666668,0.8382092468940514,0.8478260869565217,50,3.3,0,0,1.000780801131425,1
18290,0.8071007870447264,96.75,0.8521852398145513,0.9767441860465116,27,3.9,0.187,0,0.6758337889557136,1
14029,0.7812171258827584,10.666666666666666,0.7423058983988962,0.8888888888888888,27,3.8,0.097,0,0.7030687528958905,1
29324,0.654651674287622,96.25,0.845423627087817,0.5813953488372093,1,4.7,0.143,0,0.6209354272170785,1
14647,0.6305463911870983,10.916666666666666,0.7621307412078949,0.9555555555555556,53,4.6,0.21,0.001915529346129195,0.2363623950296989,1
17730,0.8407998750206782,10.833333333333334,0.6919233170076802,0.4782608695652174,21,3.6,0.151,0.10914977838705586,0,1
7652,0.8786258561184215,95.66666666666667,0.8829506827021545,0.4146341463414634,15,4.1,0.027,0,0.9051819904593871,1
1688,0.5451787172179712,18.333333333333332,0.7497109109466145,0.9459459459459459,5,4.2,0.177,0,1.3595971563981042,0
18099,0.7699839815604267,5.75,0.7740803294475378,0.725,42,4.3,0.057,0,0.7407039062931654,1
13300,0.6005117025696312,6.333333333333333,0.7239976715341706,0.5789473684210527,37,3.6,0.205,0,0.41362457235234407,0
16787,0.8927658522810868,97.75,0.8730382300099757,0.5813953488372093,44,3.8,0.325,0,0.64990766664681,1
9020,0.5214062896819915,18.666666666666668,0.8015525824027423,0.825,9,4.1,0.223,0.07084921637909024,0.242363767392871,0
16147,0.8334704339672134,6.416666666666667,0.7665947953816697,0.7209302325581395,84,3.2,0.103,0,1.1980553663219173,1
17285,0.3736375202186597,19.416666666666668,0.8161506438574773,0.2222222222222222,31,4,0.262,0.010051533244315762,0.6156961439439961,0
18667,0.7028547377414255,102.83333333333333,0.8991094035819389,0.7659574468085106,55,4.3,0.096,0,0.4687006133983339,1
21787,0.5588921821002171,15.916666666666666,0.6761112496707531,0.2765957446808511,4,3.9,0.106,0.004163611602127721,0.40414008353605363,0
21555,0.6114211700754077,10.583333333333334,0.6497169067789729,0.35,3,3.2,0.331,0,0.7294532464218608,0
4410,0.8076955661893355,99.08333333333333,0.8819809725474839,0.7441860465116279,39,3.1,0.127,0,0.2868480725623583,1
13244,0.6205121944005302,18.833333333333332,0.786690782421346,1,1,3.8,0.01,0,0.5453035336756267,1
8326,0.7744509560970108,9.916666666666666,0.669479656482401,0.8604651162790697,1,3.5,0.111,0,0.9407878933461447,0
1741,0.6775599637017726,17.75,0.7630619177287222,0.9333333333333333,55,4.4,0.125,0,0.9270534175761057,1
6450,0.6744468196235481,18.25,0.7351991841571146,0.6,24,3.9,0.087,0,0.8321575315915962,0
10332,0.5450376917459432,18.75,0.6997778600213946,0.9210526315789473,1,4.2,0.124,0,0.6927358079659295,0
24360,0.48926421452619284,17.083333333333332,0.6963439122441772,0.6511627906976745,47,3.3,0.287,0.018773047090479746,0.3238095238095238,0
5772,0.5969443957335032,17.666666666666668,0.7214184328257849,0.7073170731707317,20,3.6,0.159,0,0.976349302607641,0
7229,0.7118789068514636,10.666666666666666,0.5871923495742841,0.7631578947368421,1,4.7,0.164,0.0014076116891231416,0.1942177341264352,0
16005,0.7539681816164587,102.33333333333333,0.8796329888149714,0.717948717948718,10,5,0,0,0.5883345309131807,1
9115,0.6999671333637957,103.08333333333333,0.8687414158920097,0.5897435897435898,34,4.9,0.147,0,0.607164408360305,1
13708,0.6495449710058492,18.166666666666668,0.765560874510447,0.6097560975609756,59,3.7,0.065,0.0020252754798593003,0.4009483859201167,1
17771,0.8132260010785761,95.66666666666667,0.8722389399491352,0.925,1,4,0.111,0.008902805993259235,0.3216004051658648,1
15502,0.6969969133538898,17.833333333333332,0.7051998075591119,0.7954545454545454,27,4,0.098,0.0011539988959264724,0.2635143852406141,1
8552,0.8602054635104739,6.083333333333333,0.7361457495307093,0.7857142857142857,39,4.5,0.14,0.00033948940793047255,0.25456033676333023,1
12058,0.7609613989022321,6.5,0.8527035218836403,0.6,1,4.5,0.339,0,0.6731909599834128,0
10972,0.6423658558654948,18.25,0.803546805805489,0.47619047619047616,38,4.1,0.208,0.001630879772891519,0.22666788188115203,1
27054,0.7732602949016742,104.75,0.8944020833391405,0.6052631578947368,24,3.7,0.045,0,0.25712015081227935,1
15078,0.8973664000704423,9.583333333333334,0.7358181298962903,1,1,3.6,0.119,0,0.4996186370419499,1
12104,0.7391026063100417,9.333333333333334,0.6384204155122039,0.5,8,4.8,0,0,1.3327825512227363,0
20082,0.742941529107532,6.833333333333333,0.7777943029477,0.6222222222222222,7,4.2,0.173,0,0.7392874038293952,1
30110,0.7732845799021776,96.33333333333333,0.892845241749467,0.6216216216216216,1,4.1,0.096,0,0.37847891066091,1
7491,0.7063740752880168,99.41666666666667,0.8831678345154881,0.6744186046511628,38,3.9,0.124,0.014824854964446998,0.434521425710853,1
14413,0.7356873594703053,10.833333333333334,0.6942368167022801,0.9230769230769231,11,4.5,0.141,0.0014531277689172426,0.7644058976582827,1
20729,0.7939686302460733,7.25,0.7738814301964827,0.32558139534883723,33,4,0.199,0,0.3459970571917891,1
19190,0.8781561669353085,11.333333333333334,0.7419128121355258,0.5714285714285714,19,3.5,0.237,0.00594062932492827,0.40126110633419315,1
16075,0.7612685155408973,11.666666666666666,0.69427236344239,1,40,4.9,0.285,0.013289829244380278,0,1
18284,0.390778205867494,17.083333333333332,0.6926055072353531,0.43902439024390244,8,3.8,0.229,0.0011207513469716057,0.5242835265806169,0
8327,0.6410282761998826,16.333333333333332,0.6904948798346306,0.7674418604651163,2,3.6,0.116,0.16673941013405694,0,1
1899,0.6521052712765221,6.083333333333333,0.7116771893171343,0.6976744186046512,57,4.3,0.091,0,0.7200421385304188,0
22256,0.7723614775276294,94.75,0.8935723270179488,0.5714285714285714,23,4.2,0.119,0.016762514147572984,0,1
16371,0.818345116202331,10.833333333333334,0.6850847770698658,1,36,4.4,0.132,0,0.2636369189420316,1
2169,0.7031158054020588,16.333333333333332,0.7124693305386658,0.5675675675675675,1,4.8,0.215,0,0.36929460580912865,0
23435,0.919352441627055,6.333333333333333,0.8377785788692375,0.9047619047619048,64,3.7,0.044,0.00429414862754152,0.41874159892466234,1
34075,0.6924947538381496,98.41666666666667,0.8950213064602979,0.9761904761904762,32,4.2,0.052,0.002224150143944268,0.3964783565663976,1
17636,0.8452653117233648,6.333333333333333,0.7559574080132709,0.7142857142857143,13,4.1,0.147,0.0017231860286330365,0.2176797459741438,1
23055,0.8395212765238018,94.41666666666667,0.8589282531445097,0.5641025641025641,43,4.1,0.092,0,1.1236851807673123,1
12139,0.7518899851678675,6.25,0.8138101327497475,0.6744186046511628,27,4.1,0.08,0,0.4256703876096717,1
6501,0.8481788320445219,10.5,0.7465282631322014,1,9,3.7,0.096,0,0.3505884162756711,1
1992,0.7671353937116002,16.833333333333332,0.6886299961679923,0.7209302325581395,99,4.2,0.153,0,1.0906351995982928,1
1722,0.8391408574412874,11.333333333333334,0.7178922633345459,0.8888888888888888,34,4.9,0.068,0,0.5669474295672379,1
17602,0.8323221307535684,11,0.6939543958072097,0.5952380952380952,10,3.9,0.041,0,0.8365764281453285,0
23522,0.8207226536822657,7.083333333333333,0.8323787429555881,0.41025641025641024,35,4.5,0.218,0.0013872529773589846,0.46161040727829267,1
12352,0.9334898382613763,6.75,0.7220165370568469,0.5348837209302325,73,3.1,0.078,0.009965407455990278,0.3833542484718455,1
17293,0.7670304962256894,104.33333333333333,0.8666540782446697,0.9210526315789473,6,5,0.106,0,0.6637367721043197,1
16909,0.730663474890072,96.58333333333333,0.8504692945623351,0.6363636363636364,1,4.2,0.044,0.0010530944776188493,0.08811875332663079,1
12677,0.6824753778478744,18.333333333333332,0.7814397221787035,0.7045454545454546,38,3.3,0.167,0.07497900180650816,0,1
9746,0.5451450541528557,17.833333333333332,0.7226014564550312,0.6428571428571429,8,3.6,0.114,0.028838924569618136,0.23240303714344346,1
23145,0.7698197249167428,8.166666666666666,0.7362684085036717,0.7317073170731707,6,4.3,0.185,0,0.43076258371138476,1
13746,0.7247449068127809,18.583333333333332,0.7787187481349717,0.775,21,5,0.046,0,0.30336097773897863,1
6202,0.7250183203556806,9.666666666666666,0.7674010764959993,0.7441860465116279,19,4.4,0.099,0.001533406352683461,0.23687817463516891,1
11561,0.7287148805273718,9.333333333333334,0.5865772534717777,0.7560975609756098,11,3.5,0.025,0.021121305140701232,0,0
9918,0.668781698282779,18.833333333333332,0.8201557395318445,0.9736842105263158,44,4.2,0.087,0.0032087284168299357,0.15184513006654568,1
25618,0.6601622353846615,20.583333333333332,0.7752033633700123,0.4791666666666667,18,4,0.117,0.003973867766628994,0.4581633648872841,1
32792,0.7188943169815296,103.33333333333333,0.9258415230156604,0.5,55,4.1,0.151,0.0005252201149754579,0.22877531105147597,1
13448,0.8719045569797516,95.33333333333333,0.8675014313182069,0.3333333333333333,55,4.8,0.025,0,0.5262688232013385,1
15949,0.66248132413533,17.25,0.6841377577144439,0.625,49,3.4,0.307,0.000058817598225389035,0.3923879988713672,1
29244,0.7083125601482352,17.833333333333332,0.7504480388258189,0.7954545454545454,23,4.2,0,0,0.6064491861578444,1
17807,0.7483357580825174,18.166666666666668,0.736168736797277,0.975,6,4.1,0.188,0,0.41365755040152746,1
11586,0.5583124553735763,18,0.8035814496704035,0.7027027027027027,14,3.7,0,0,0.56294506063614,0
20895,0.685117327012531,7.166666666666667,0.8040430285307824,0.5675675675675675,3,4.3,0.131,0,0.9675520459440058,1
14937,0.7665797512985258,6.666666666666667,0.7849418683239343,0.575,3,3.7,0.146,0,0.4621409921671018,1
10176,0.7525336295098234,102.83333333333333,0.8870932304684358,0.8095238095238095,68,3.2,0.015,0,0.9092427890521351,1
19837,0.590105857554579,20.5,0.7733762623615227,0.7777777777777778,69,2.5,0.013,0,0.6091142813933559,1
13381,0.6496982114557794,18.666666666666668,0.7095811434412395,0.6444444444444445,49,4.7,0,0.03815761277812935,0.012555584619408842,1
9901,0.7567342858371504,6.083333333333333,0.7277451107623043,0.8478260869565217,21,3.4,0.37,0.04936306342926896,0,1
29210,0.816924224764952,8.666666666666666,0.5623151278176521,0.8947368421052632,19,4,0.106,0,0.7084681353669183,1
10738,0.8048046217854549,91.91666666666667,0.8744178178123267,1,30,4.2,0.09,0.018953902293459654,0.18346060718942075,1
3390,0.8122355767864952,98.41666666666667,0.8571165365733598,0.7857142857142857,24,3.5,0.151,0,0.6584070796460177,1
16994,0.6085541486318673,16.75,0.7362245543918098,0.4444444444444444,66,3.6,0.073,0,0.18512960837967457,0
11241,0.47505314122874254,18.25,0.8061107420496607,0.75,60,4.4,0,0,1.0236199457319515,1
17676,0.7455437048228957,6.25,0.7921539030917347,0.6521739130434783,36,3.1,0.112,0,0.5230403666091482,1
7992,0.5388300268263826,18.083333333333332,0.7295986985773162,0.7777777777777778,61,3.6,0,0,0.9333083083083084,0
9255,0.8260700295722149,97.25,0.8895598384947269,0.6,59,3.7,0.145,0,0.47976660003241667,1
33750,0.7844733933300673,98.5,0.868052847953422,0.8461538461538461,1,4,0.061,0,0.40113186862027583,1
10668,0.8744175465137444,9.416666666666666,0.6951073773990758,0.7692307692307693,30,4.7,0.109,0.05945624540586494,0,1
9067,0.6221756276882316,10.833333333333334,0.6896270615102768,0.9787234042553191,1,3.9,0.154,0,0.37575824418219916,0
19756,0.8372550648655845,93.5,0.8655281339569176,0.7209302325581395,57,3.5,0.106,0,0.5023790240939462,1
4306,0.6945841374093065,17.833333333333332,0.7747295178842253,0.9210526315789473,50,4.7,0.099,0,0.4954128440366973,1
12360,0.7969522278854284,6.5,0.7692307692307692,0.6097560975609756,60,3.9,0.174,0.023836403529750527,0.18164165217039524,1
1886,0.4975214554555051,17.25,0.7516419529656627,0.5945945945945946,8,4.2,0.183,0.006748719873421326,0.5869565217391305,0
21905,0.6342499232305416,96.58333333333333,0.8878111127785956,0.42857142857142855,41,4,0.131,0.0021081123999014484,0.22241497375028532,1
14231,0.6555256806934288,17.916666666666668,0.6838919751154195,0.575,39,4.4,0.025,0,0.3721453165624341,1
1915,0.7774123463499761,6.166666666666667,0.7722662223465849,0.6666666666666666,18,4.5,0,0,0.381201044386423,1
15517,0.7047489548754151,16.416666666666668,0.6949665139578962,0.6571428571428571,17,4.9,0.184,0.016738693680815854,0.14384223754591738,1
19037,0.8348928996897949,6.75,0.7808859339592735,0.35135135135135137,31,3.5,0.107,0,0.39534578310088514,1
24478,0.6173477940370417,7.166666666666667,0.8306951188539414,0.4358974358974359,18,4.2,0.058,0,0.4942805784786339,1
16465,0.6950459712762089,92.25,0.842592754598122,0.9210526315789473,44,3.8,0.21,0.0005138694781964139,0.2548436076525964,1
8191,0.6729952177455505,5.75,0.7527721433444641,0.6666666666666666,23,4.1,0.078,0.00503821915809807,0.30203882309852276,1
13498,0.7772429968630477,101.33333333333333,0.8894227874080816,0.6923076923076923,42,4.2,0.091,0,1.2075569549916652,1
7772,0.7532964359065173,16.5,0.7422757409662006,0.7027027027027027,37,3.9,0.075,0,0.4861039629439012,1
14068,0.7698506076386742,6.666666666666667,0.7377977879574621,0.9736842105263158,69,4.7,0.11,0,0.7972704009098663,1
17154,0.6505883152868811,15.916666666666666,0.7454937255971386,0.675,26,4.8,0.194,0.006028986353449788,0.4105164976098869,1
10405,0.7436262799447186,97.5,0.8954466414812101,0.8918918918918919,36,4.2,0.042,0.05204414691139122,0,1
15530,0.8183217311592454,6.583333333333333,0.764203341643074,0.6410256410256411,32,3.3,0.084,0.03534055326458124,0.31687057308435285,1
30154,0.8234901598343854,6.333333333333333,0.7559574080132709,0.7567567567567568,33,4.4,0.168,0,0.9059826225376401,1
13655,0.7627607387256665,10.666666666666666,0.6722472349468276,0.9736842105263158,1,4.3,0.141,0.012452184791813238,0,1
21105,0.7264144079274535,93.66666666666667,0.8736529503482083,0.574468085106383,25,3.1,0.06,0,0.7827714468478286,1
31395,0.7276791459608458,93.25,0.8839108037822468,1,49,4.2,0.116,0,0.33343420025800696,1
12435,0.7008033210441758,18.583333333333332,0.681298710112441,0.6590909090909091,1,3.7,0.209,0,0.5922232498291045,0
14333,0.7720786004711866,11.25,0.8008247457815,0.7111111111111111,52,4.6,0.087,0,0.4387929530786674,1
10383,0.7399670031166006,19.25,0.7130095403642039,0.6585365853658537,14,4.5,0.153,0,0.7055764229991331,1
5386,0.6995570504276318,92.75,0.855809843642027,0.5714285714285714,56,3.2,0.002,0,0.7707018195321204,1
10328,0.7935481091947023,97.33333333333333,0.9021422461491126,0.5365853658536586,21,4.6,0.089,0,0.5115468409586057,1
17395,0.6433207274819119,7,0.7897199793731465,0.5476190476190477,1,4,0.146,0,0.8226738336830607,0
22797,0.8174802528646863,6.166666666666667,0.7450275369714432,0.9487179487179487,1,3.5,0.159,0,1.0921173838662983,1
7531,0.7355735637041697,10.083333333333334,0.6984886554222365,0.7560975609756098,50,4.4,0.107,0,0.978887265967335,0
24536,0.7501642340049562,10.166666666666666,0.65730254163333,0.3488372093023256,1,4.4,0.172,0.0034884736334879767,0.2925964418903222,1
20767,0.6625326990013927,19,0.7829944407569652,0.5384615384615384,25,4.3,0.094,0,0.5726049165723641,1
1964,0.6865188722127951,95.25,0.8643863066678564,0.775,56,3.8,0,0.004312448079829168,0.2836048879837067,1
8789,0.6523648954845827,18.25,0.7652506130771333,0.5945945945945946,14,3.9,0.154,0,0.7462737512800091,0
9635,0.6593339979688958,11.333333333333334,0.711075254347228,0.9285714285714286,23,4.5,0.121,0,0.9196678775298391,1
6666,0.6804715299311634,6.333333333333333,0.773623019288352,0.5384615384615384,12,4.1,0.08,0.009128364150490623,0.6299129912991299,0
7533,0.7152231366462514,18.083333333333332,0.7149181967148103,0.5476190476190477,79,4.5,0.097,0.08566412617240932,0,1
22688,0.8386422424902436,97.83333333333333,0.8596123953520606,0.8837209302325582,56,4,0.197,0.02523950763602009,0.4528044077134986,1
17599,0.8094675496769077,102.91666666666667,0.8906822613731195,0.4888888888888889,34,3.5,0.14,0.016863719819505508,0,1
16704,0.8408614194724624,6.166666666666667,0.7924014662738215,0.5,39,3.7,0.204,0.004088119548626785,0.28550047892720304,1
16213,0.9137701675669682,97.83333333333333,0.8655684111457571,0.8085106382978723,2,3.8,0,0.0038102753647366572,0.1448882035466461,1
29865,0.6818254684096055,17.25,0.8242847006814182,1,54,3.6,0.097,0,0.8231374518667336,1
2022,0.8159822844245556,99.91666666666667,0.8800071139139493,0.8863636363636364,49,3.6,0.127,0,0.2725698738560475,1
9247,0.9470135059049496,7,0.7979694910895578,0.6590909090909091,88,4.6,0,0,0.7260733210771061,1
15685,0.763788137926349,93.33333333333333,0.8535278810399294,0.7435897435897436,27,3.5,0.002,0.016402474635285453,0.16876534157926615,1
11346,0.5768748878949703,18.416666666666668,0.7487567002370725,0.7380952380952381,90,4.4,0.057,0.004723901122122324,0.05094306363476115,1
11306,0.80423019732966,6.583333333333333,0.7725037879036528,0.631578947368421,38,4.2,0.21,0,1.0592189642209544,0
16770,0.5691106064012019,6.75,0.7808859339592735,0.48717948717948717,47,2.7,0.029,0,0.8470483005366727,0
10528,0.7345737384899444,7.25,0.7883683604652647,0.7,23,4,0.023,0,1.4299962006079028,0
30100,0.4840123100210042,17,0.7562783746145871,0.6923076923076923,1,3.7,0.174,0,0.6268874898254124,0
3705,0.7349391073726659,99.66666666666667,0.8777089946569752,0.6744186046511628,63,4.2,0.222,0.15337337458428732,0,1
17236,0.7802386802652628,16.166666666666668,0.7365580960993683,0.45,27,4.2,0.147,0,0.9313065676491066,1
4349,0.6986395487283157,11.25,0.7094067370972884,0.3695652173913043,43,3.5,0.009,0,0.9565417337318924,0
4293,0.5546061844896197,94.66666666666667,0.8733617569834194,0.9512195121951219,7,4.6,0.054,0,0.748893547635686,1
11587,0.6080269112587898,17.416666666666668,0.7492256903085424,0.7948717948717948,1,4,0.144,0.0004556415432929565,0.5992318646700902,1
5814,0.7809911551330104,9.916666666666666,0.6447653548260798,0.9591836734693877,40,4.9,0.25,0,0.5476436188510492,1
4079,0.7648846929078037,98.83333333333333,0.8330863475241872,0.55,1,3.4,0.119,0,1.018877175778377,0
7042,0.7782750606354207,10.083333333333334,0.6674644704342032,0.5384615384615384,11,3.4,0.28,0.022652200330079874,0.02470888952002272,0
6317,0.6419563886694141,18.166666666666668,0.7519540213835638,0.813953488372093,36,4.1,0.17,0.006984480433706149,0.4984961215766978,1
28757,0.8808046995336528,6.083333333333333,0.7538054691012133,0.75,43,3.9,0.279,0,0.7701429217234065,1
14116,0.6807575234629769,19.666666666666668,0.7685338934958024,0.9767441860465116,55,3.6,0.112,0.0037684738141746214,0.9038999681201516,1
24818,0.7397961043678194,9.5,0.75881180552864,0.5581395348837209,41,4,0.198,0,0.8506728987025546,1
18407,0.42039592548126914,18.75,0.7887602730966019,0.6666666666666666,16,3.8,0,0,0.8144405508923478,0
19230,0.6198458277314371,92.75,0.8540735559715454,1,32,4.1,0.088,0.03938318102892039,0.2483683923138927,1
22147,0.7027851226460968,10.166666666666666,0.7281455089872623,0.6341463414634146,12,4.8,0.176,0,0.6837649289955523,0
12482,0.8862641948378955,103,0.9155470009663438,0.5227272727272727,1,4.6,0.054,0,0.5437429899054639,1
14645,0.9171407205112804,6.083333333333333,0.7829728833184266,0.5263157894736842,32,4,0.077,0,0.6553089791737794,1
23264,0.7280725008580022,97.5,0.8515770683325812,1,54,3.9,0.034,0.003345166152388203,0.6616803146560062,1
9217,0.8269564354653604,11,0.7054208773450972,1,10,4,0,0,0.8907453618313985,1
12680,0.9167441693133638,98.25,0.8590826921526677,0.7272727272727273,14,4,0.122,0,0.6866719242902208,1
28278,0.6877933736079227,18.416666666666668,0.7105840471864727,0.9130434782608695,22,4.8,0.056,0.012852594796778756,0.19654855364594384,1
16955,0.7638492519815873,105.08333333333333,0.9202431750097593,0.5531914893617021,37,3.2,0.129,0.0011956672516841872,0.457741079327632,1
17912,0.8403564147421025,99.33333333333333,0.8682698897557684,0.575,18,3.9,0.022,0,0.3996873517014209,1
8566,0.694976165246753,97.75,0.8662801067581243,0.475,2,3.8,0.16,0,0.4039460626933629,1
16517,0.7549874127930036,10.583333333333334,0.7370738920147402,0.7291666666666666,24,4.1,0.065,0,0.30405957678684953,1
6977,0.8134591969971803,9.75,0.7095274278980097,0.38461538461538464,64,4.1,0.068,0,0.2974057617887344,1
16317,0.761940240843923,97.25,0.879122694647725,0.5333333333333333,61,3.9,0.088,0.019244403446596656,0.16124781662734042,1
23742,0.6789732965517002,9.583333333333334,0.6914574782746058,0.5952380952380952,1,3.9,0.115,0,0.5714767079437284,0
12485,0.935552969701534,6.416666666666667,0.7580787531143227,0.8536585365853658,25,4.3,0.108,0,0.20849018822587104,1
2037,0.6141867046780826,17.416666666666668,0.7261836568837416,0.7894736842105263,1,3.7,0.184,0.079138416846869,0.20034372698256814,0
14378,0.6390452454895805,17.75,0.7116973311202996,0.717391304347826,17,4.4,0.062,0,0.43776734480959834,1
32694,0.6397533328462672,16.75,0.692546974020291,0.8780487804878049,10,3.9,0.333,0.0026554031551274723,0.38942925307395854,0
8954,0.723426427837025,97.66666666666667,0.8919376095632248,0.5641025641025641,80,4.6,0,0,0.5428858610676792,1
9038,0.7961364044118706,10.333333333333334,0.6905915146249859,0.5897435897435898,45,4.2,0.062,0,0.3902627939142462,1
15911,0.5937340201310966,16.833333333333332,0.7301185510804156,0.5348837209302325,17,4.1,0.169,0,0.6450883036892716,0
8911,0.8259426805675103,11.083333333333334,0.6535637283155407,0.6521739130434783,13,4.1,0.12,0.06770694571616198,0.10156556871107121,1
19107,0.7773479964637838,99.75,0.8696661528084365,0.7619047619047619,1,3.6,0.119,0,0.6387187941592086,1
10770,0.8773152536529973,6,0.7642977396044841,0.5675675675675675,1,4.2,0.105,0.07571510233047679,0,1
6756,0.7657575804646959,11.166666666666666,0.7445187646474076,0.6923076923076923,39,3.9,0,0,0.47424511545293074,1
14110,0.5070968797532973,19.083333333333332,0.8178981706376154,0.3902439024390244,1,3.7,0.054,0.0007332427212246943,0.3790928419560595,0
13239,0.7738460304016168,96.33333333333333,0.839109647923008,0.926829268292683,4,3,0.006,0,0.8800513633960269,1
12962,0.5389693640290161,19.416666666666668,0.7740760139355904,0.4,42,4.2,0.284,0,0.46042277426323097,0
22697,0.5845106939461255,10.166666666666666,0.6215279875208133,0.7142857142857143,31,3.2,0.057,0,0.8920318110721918,0
30669,0.7873355083288369,99.83333333333333,0.8789793342274496,0.6666666666666666,12,4,0.123,0.004640152003699909,0.2700490731532354,1
14486,0.8767673700115663,92.91666666666667,0.8828059699966638,0.5227272727272727,48,4.1,0.136,0,0.8780201573933453,1
13803,0.7779051308731335,11.25,0.7911426343722714,0.6046511627906976,8,4,0.171,0,0.7911323625298848,1
11444,0.6570667711861848,92.08333333333333,0.8733969319165611,0.7073170731707317,21,3.2,0.308,0.02277399074745981,0.20718280321565885,1
2348,0.6112738737395009,20.083333333333332,0.801392565248559,0.8888888888888888,53,4.6,0.092,0,0.7883304940374787,1
11753,0.7770680484793646,96.83333333333333,0.8394137874451182,0.6956521739130435,11,3.3,0.034,0,0.41376669786437503,1
16082,0.7532922248705004,6.166666666666667,0.7722662223465849,0.6666666666666666,73,3.8,0.112,0,0.9814699664220868,1
15478,0.7052030741216031,16.583333333333332,0.6940445338715825,0.8863636363636364,1,3.1,0.127,0,0.7037084894689236,0
11772,0.7959839182693389,98.91666666666667,0.8725600004255938,0.6,45,4.5,0.205,0,0.3061501868841318,1
10524,0.8648754186030329,6.083333333333333,0.7728339184688082,0.41304347826086957,26,3.8,0.014,0.01372870183405732,0,1
2440,0.8586263609255484,97.5,0.8910130726202046,0.7380952380952381,23,3.9,0.164,0,0.46885245901639344,1
30330,0.8317472998069575,95.91666666666667,0.8518558392269336,0.7,7,4.2,0.141,0,0.4609297725024728,1
12496,0.6797161011467427,18.75,0.696636143171884,1,24,3.9,0.19,0,0.5965347525109039,0
3255,0.8264174369148855,9.416666666666666,0.561165441833011,0.574468085106383,34,4.6,0.169,0,0.580119834075895,0
22497,0.7546460700749426,15.083333333333334,0.7054155251542922,1,35,3,0.103,0,0.7763874380459183,1
16004,0.7638366936646719,6.333333333333333,0.7394869753523245,0.7380952380952381,34,3.9,0.166,0.06207174570415527,0.054300621738994595,1
3583,0.8813088332791504,7.333333333333333,0.8392939133666937,0.55,29,3.8,0.075,0,1.0905792044661549,1
15780,0.8517551895622155,12.75,0.7644337086151621,0.9111111111111111,1,4,0.091,0.0022036046659447616,0.2154694381951266,1
25514,0.8097278640903317,92.91666666666667,0.8656892654928547,0.4772727272727273,1,3.3,0,0,0.5768710682579811,1
18240,0.6224442883264176,18.833333333333332,0.7780542264781513,0.6511627906976745,68,4.8,0.068,0,1.1538693494887469,1
19931,0.7122244514377278,94.83333333333333,0.8653842802103713,0.6341463414634146,32,4.7,0.023,0,0.8778285083538206,1
15843,0.6607125313369118,7.083333333333333,0.8136120056734722,0.7368421052631579,10,4.3,0.135,0,0.8085845037083793,0
11528,0.8688037021175699,103,0.8811588088868703,0.8157894736842105,1,4.3,0.039,0,0.4923010193016699,1
9008,0.9141387510886733,104.5,0.8854002891917723,0.8409090909090909,1,3.7,0.328,0,0.9142984014209592,1
7474,0.36162730637597273,17.5,0.7525641703473032,0.7435897435897436,61,3.9,0,0,0.39028632592989027,1
21332,0.6313090504000363,15.916666666666666,0.7150081382145166,0.7560975609756098,31,5,0.205,0.03074885942812051,0.49048378023626477,1
13429,0.8544592363312141,99.75,0.8745781589678896,0.5348837209302325,42,4.3,0.189,0,0.37225407699754265,1
11288,0.8279489330657406,10.166666666666666,0.5927953328401895,0.918918918918919,11,4,0.06,0,0.7987596899224806,1
15843,0.38948016850407785,18.166666666666668,0.7509381291651701,0.7441860465116279,23,3.5,0.201,0.0004271235356979981,0.7709398472511519,0
21163,0.8243452320435402,88.5,0.8778214569995586,0.918918918918919,37,4.1,0,0,1.1467655814393045,1
12493,0.8514814169341828,12.083333333333334,0.728745373251074,0.5641025641025641,5,4.1,0.11,0,0.576963099335628,1
13279,0.8184340401092826,10,0.5897155458302943,1,95,4.3,0.222,0.00006292474200855777,0.5270926685996159,1
7384,0.7127614166686714,6,0.7642977396044841,0.6097560975609756,55,4.7,0.195,0.1645390027978711,0,1
15410,0.6472508300545664,18.166666666666668,0.7870057474083688,0.34146341463414637,36,4.3,0.03,0,0.6390655418559377,1
12812,0.6839374289687988,16.166666666666668,0.7003207865206468,0.7045454545454546,9,3.4,0.03,0,0.18584865160207625,1
10089,0.8949012413495232,95.75,0.8589031108056128,0.95,20,3.8,0.167,0,0.8574685300822679,1
19152,0.7963101709395283,6.833333333333333,0.7944841518737473,0.813953488372093,46,3.8,0.207,0,0.2303153717627402,1
24500,0.6911365808162325,102.75,0.8692379157512777,0.5555555555555556,30,2.9,0.041,0.015413483824665218,0.22441274311720646,1
6185,0.7652133741771089,6.583333333333333,0.7994559554714575,0.5384615384615384,44,4.2,0.096,0,0.5426469399304713,1
7168,0.6334182446253486,12,0.7618551638960799,0.5555555555555556,31,4.1,0.049,0.050420912201065114,0,1
26580,0.6411019918462938,21,0.7642977396044841,0.7058823529411765,32,3.7,0.106,0,1.2581264108352144,0
18552,0.7632068204912006,9.666666666666666,0.6612606430277845,0.8292682926829268,21,3.9,0.095,0,0.23323630875377319,1
9682,0.8830257146912679,5.916666666666667,0.7287132354329828,0.575,51,3.4,0.159,0,0.9249122082214418,0
20676,0.8537132332290878,101.16666666666667,0.8719540853257131,0.6571428571428571,22,3.8,0.05,0,0.615979880054169,1
23209,0.643318695135098,18.5,0.7607942694170855,1,34,5,0,0.03607853563700226,0.10599336464302642,1
2054,0.7651682251930103,97.16666666666667,0.8567265209759067,0.8461538461538461,49,4.6,0.348,0.0020418108197207507,0.21324245374878287,1
16047,0.9380459165030218,6.166666666666667,0.7204302585732811,0.6818181818181818,38,3.8,0,0,1.2812139718941826,1
21041,0.627207016669276,16.666666666666668,0.7301852487353593,0.8695652173913043,46,3.1,0.033,0,0.42356407880040875,1
13312,0.7784056607138683,97.66666666666667,0.8756254801482007,0.45652173913043476,64,4.2,0.149,0,1.0862379807692308,1
8446,0.748556878587293,95.5,0.8568403453066957,0.631578947368421,31,4,0.007,0.011646981216093652,0.38114972470546443,1
17880,0.7319095631262068,6.166666666666667,0.7204302585732811,0.7674418604651163,47,3.4,0.159,0.00277944001763724,0.35072706935123044,1
14385,0.6556809512784608,19.583333333333332,0.8201152222310787,0.6829268292682927,24,3.6,0.166,0.11771298392838664,0.05067955090548855,1
19757,0.903895273250805,101.33333333333333,0.877051107953745,0.5,41,3.9,0.223,0,1.1563496482259452,1
33300,0.7339961856100237,11.583333333333334,0.744731007205609,0.5116279069767442,44,3.6,0.031,0,0.8141563687142449,1
7399,0.721829539058638,96,0.8999963831672593,0.6052631578947368,64,3.7,0.205,0,1.0358856524971278,1
9494,0.8995099995203872,11.666666666666666,0.7107363324097631,0.6052631578947368,77,2.6,0.094,0,0.3249591825986201,1
19790,0.9356093392099873,98.58333333333333,0.8365185526475467,0.6888888888888889,54,3.4,0.224,0,0.18191465170923976,1
15829,0.5935174991041087,19.5,0.7492068247671588,0.7692307692307693,1,4.6,0.087,0.002558597488572637,0.1695675522001453,1
11723,0.6011144400760724,18.083333333333332,0.672486692880527,0.6341463414634146,22,3.5,0,0.003853157503035078,0.3238217103860098,1
3680,0.8228671572754006,102.91666666666667,0.9147871855066835,0.6829268292682927,1,4.3,0.135,0,0.5163043478260869,1
15216,0.647491659930674,7.166666666666667,0.780605089952172,0.6578947368421053,19,4.6,0.105,0.09381856093710027,0,1
1911,0.9020741221212676,11,0.7197993635014102,0.7045454545454546,42,4.3,0.037,0,0.5794294687254645,1
13190,0.8390193978271706,96.83333333333333,0.8763030388376527,0.6097560975609756,1,3.1,0.15,0.0029557841997437753,0.2001516300227445,1
22701,0.6718782558056391,18.083333333333332,0.73627826861153,0.36585365853658536,30,3.9,0.07,0,0.5334566759173605,0
11243,0.6787261553341797,96.75,0.8854371071623799,0.625,42,4.8,0.124,0.08620911478453068,0.101578830331332,1
8491,0.7029939843110808,10.416666666666666,0.6877949391825943,0.6,11,4.2,0.062,0,0.5673399681997526,0
22214,0.8259291180545302,107.58333333333333,0.9146013039868911,0.13513513513513514,1,4.4,0.113,0,0.6495903484289187,1
2090,0.6498344115929005,16.666666666666668,0.8050641131038208,0.6888888888888889,76,3.9,0,0,0.7,1
2020,0.45778860260081233,17.833333333333332,0.7689867832839574,0.4090909090909091,123,3.1,0.029,0,0.8061401336964595,0
20026,0.7531433771933522,102.33333333333333,0.8581471557790444,0.918918918918919,31,3.8,0.249,0,0.6385358667698684,1
15910,0.803914022827712,6.75,0.7982699427361952,1,19,4.8,0.166,0.11413094649009688,0,1
12138,0.6541510013235521,17.833333333333332,0.7034274457453751,0.72,35,4.2,0.16,0.0002528508938279097,0.21329708353929808,1
12668,0.6938097005298483,6.75,0.7982699427361952,0.8372093023255814,79,3.8,0.134,0,1.1946637196084622,1
14242,0.7567517246389253,98.16666666666667,0.9026615206572213,0.5227272727272727,81,3.8,0.142,0.060773705718343486,0.004002246875438843,1
36009,0.9482947466502365,90.83333333333333,0.8704503992065773,0.9583333333333334,75,4.4,0,0,1.1121540747323548,1
19159,0.8159495952454003,100.75,0.8614489588469159,0.4,14,3.2,0.184,0,0.3455295161542878,1
16847,0.7983662435638408,108.91666666666667,0.9213348366480356,0.5681818181818182,36,3.8,0.22,0,0.7938740984774285,1
14230,0.5784964469398761,17.416666666666668,0.7558870618406872,0.6363636363636364,1,3.3,0.257,0,0.7835834006816824,0
21674,0.6494564898614359,9.666666666666666,0.6358842744492608,0.75,17,3.9,0.103,0.1451412193212897,0,1
22011,0.7527457757966476,18.083333333333332,0.7605903187491145,0.5609756097560976,65,3.9,0.209,0,0.7980100858661578,1
7624,0.8460279939939915,98.16666666666667,0.8518633155733402,0.8378378378378378,28,3.8,0.085,0.02156263529477094,0.1861227701993704,1
6492,0.5263127260509556,17.25,0.7596648702641015,1,1,4,0.059,0,1.1703635243376462,0
15728,0.679651851788939,7.75,0.8593903566599783,0.6511627906976745,1,4.3,0.244,0,0.9772691146081705,0
25146,0.7382561318404189,6.25,0.73770245902792,0.6153846153846154,28,4,0.212,0,0.2961166013799686,1
5742,0.6208933589807666,13,0.8013854694252607,0.88,25,3.9,0.078,0,1.041017155795524,1
24599,0.8391312575102593,11.25,0.6535898384862245,0.3829787234042553,9,3.3,0.155,0.021808701199929652,0.13338211679573958,1
16708,0.7469659173129717,104.5,0.8836818585536534,0.37777777777777777,15,3.9,0.186,0.008124703170277303,0.21613048032320814,1
2133,0.7712933705158049,100.83333333333333,0.865972936031183,0.5,3,4.2,0.201,0,0.6002344665885111,1
13363,0.8958831888070471,7.083333333333333,0.7965692180495225,0.625,48,4,0.145,0.02190698034212572,0.10985557135373793,1
10523,0.6794570906625121,16.333333333333332,0.7281038246025668,0.6046511627906976,45,3,0.078,0.038188223040848165,0,1
19253,0.828745018453735,99.08333333333333,0.8724412117194029,0.6382978723404256,13,4.1,0.195,0,1.3443099776658183,1
17168,0.8069535568838873,93,0.8756835469819023,0.55,17,4,0.255,0,1.2576887232059646,1
13341,0.7631942694886483,5.666666666666667,0.757464374963667,0.5675675675675675,72,3.3,0.01,0,0.7512930065212503,1
12674,0.6597295089847066,17.75,0.7267702436253247,0.4857142857142857,1,4.1,0,0,0.9619284333451691,0
18446,0.8469914055435879,96.91666666666667,0.8884352887773067,0.9318181818181818,77,3.9,0.102,0.008844139526528086,0.3770025209400667,1
15215,0.8355482315379825,6.833333333333333,0.720840898969278,0.48717948717948717,20,5,0.006,0.2208886245384024,0,1
13797,0.8541513706507501,10.583333333333334,0.728717587764532,0.6382978723404256,25,2.5,0,0.05824617779719904,0,1
19214,0.7862173696515248,10.25,0.7124432653036197,0.7619047619047619,17,4.5,0.055,0.0036992451032026685,0.6314145935255543,1
30240,0.7229380499033304,100.08333333333333,0.8731898018911425,0.75,7,3.5,0.119,0.03410567707779562,0.15499338624338624,1
17534,0.6656261444588971,10.333333333333334,0.6831147950905081,0.5531914893617021,44,4.3,0.055,0.0834993233242759,0.00992357705030227,1
15366,0.7291021417602596,6.416666666666667,0.7418882218915352,0.4,56,4,0.192,0.0004228219059165133,0.5169204737732657,0
18680,0.6882633095176403,97.5,0.87646098143484,0.5813953488372093,63,4,0,0.012387126045826667,0,1
2110,0.8554383898398209,9.083333333333334,0.5495235340480398,0.46511627906976744,31,3.5,0.169,0,1.0898317136762266,0
19924,0.7621314512154509,9.583333333333334,0.7324055208099284,0.9148936170212766,97,5,0.145,0,1.4511644248142943,1
13490,0.8471146922285218,9.25,0.745984285047357,1,39,2.9,0.056,0.000756798418501113,0.3069053708439898,1
9605,0.8164675781771307,6.166666666666667,0.7628388003407535,0.47619047619047616,3,4.2,0.119,0.002780329176420913,0.23999167057108647,1
7934,0.5990667290566336,6.083333333333333,0.7829728833184266,0.7142857142857143,9,4.3,0.059,0,0.43499086153652233,1
17286,0.6014659945962908,18.75,0.762357255372536,0.4318181818181818,42,3.2,0,0.028317180236952014,0.255061899803309,1
6404,0.8596670294772744,97.41666666666667,0.838590613808594,1,37,4.1,0.123,0,0.3990005465760912,1
12751,0.8429118401503581,103.16666666666667,0.9059529591093514,0.6904761904761905,25,4.1,0.044,0.0016776874803642206,0.3650694063210729,1
13976,0.846652071480732,105.91666666666667,0.8906769227680574,0.9166666666666666,28,4.7,0.173,0,0.5161174913241029,1
7888,0.6566574441176702,9.833333333333334,0.6682985459189674,0.9534883720930233,26,4.3,0.25,0.0024818354897618218,0.4155679513184584,0
7444,0.6889563229099858,9.166666666666666,0.6824681964259458,0.6,1,5,0.12,0,1.1021696782427621,0
10178,0.9320415245037317,102.41666666666667,0.8843014401204933,0.8809523809523809,21,3.7,0,0,0.3547848300255453,1
2680,0.8203091833539053,10.166666666666666,0.7081230522169696,0.7674418604651163,36,4,0.127,0.0024690196554819402,0.3560365739876843,1
17178,0.6929174199096715,16.833333333333332,0.7312104562277578,0.5897435897435898,27,5,0.084,0.001986226219165736,0.9665550865958376,1
22687,0.8510027335250375,10.916666666666666,0.6860933558022582,0.6842105263157895,29,4.5,0.05,0,1.0824260589765065,1
21648,0.6386679781634932,17,0.7118247361431556,0.5,21,3.8,0.229,0.0024858789301514493,0.27947799976902643,0
11210,0.7993813388592252,99.66666666666667,0.9098539667428525,0.4418604651162791,19,3.9,0.052,0.03133534517629611,0.4615521855486173,1
1678,0.7577970338365577,10.416666666666666,0.6952640487241455,0.8775510204081632,40,3.5,0.13,0.0013573622553557116,0.45961251862891206,1
31528,0.6281738446649013,96.66666666666667,0.8550903352451676,0.7209302325581395,78,5,0.102,0,0.6692569978590119,1
1963,0.7543316897805726,6.583333333333333,0.7725037879036528,0.6,39,3.6,0.114,0.032665246721202086,0.09526235354049924,1
17572,0.7871468898346399,6.416666666666667,0.8262456083083163,0.7,23,3.9,0.26,0,0.2534786443957545,1
2733,0.8157110137683276,12.5,0.7588914490663317,0.7954545454545454,70,4,0,0,0.43220494053064956,1
15969,0.7623888147233281,96.91666666666667,0.8863084299392083,0.5957446808510638,21,4.6,0.203,0,0.5152644268403419,1
2410,0.5946997646894503,5.75,0.6895031118024848,0.7619047619047619,1,3.9,0.331,0,0.7526970954356846,0
12535,0.7397172841995749,19.916666666666668,0.8172836354736565,1,40,4.5,0.012,0.017339567237936296,0.19896290386916635,1
28717,0.7500999261968486,104,0.8919962150929857,0.8095238095238095,14,3.2,0.193,0.0003023870059983708,0.3149354041160288,1
31094,0.4607422139486791,17.916666666666668,0.7468211832510357,0.65,82,3.7,0.014,0,0.4805107094616325,1
2857,0.7255871525566082,10,0.6511925077257275,0.5869565217391305,64,4.6,0,0,0.2989149457472874,1
2036,0.7326334824384078,10.833333333333334,0.6942368167022801,0.7948717948717948,32,4,0.076,0.10415171467366496,0,1
5303,0.8752243150141806,10.75,0.7915607804690116,0.9210526315789473,68,4.6,0.18,0,0.7232437529467233,1
3206,0.656592718596726,19.083333333333332,0.744662813868232,1,31,4.2,0.114,0.09785810132884358,0,1
3258,0.898871298904015,100.41666666666667,0.8908753136411669,0.6739130434782609,35,4.7,0.115,0.00007024445068839562,0.3410590943975441,1
16396,0.8180824138492067,11.5,0.6530808926496863,0.6818181818181818,71,3.5,0.235,0.0018358658545667577,0.2055379360819712,1
21607,0.527139468811245,16.916666666666668,0.7129722732619268,0.5675675675675675,36,4.8,0.116,0.03407143995843375,0.3573841810524367,1
21292,0.7894553664737164,100.66666666666667,0.8827889402620672,0.5641025641025641,72,3.8,0.043,0,0.6397858300260667,1
22718,0.8388593602898364,96.58333333333333,0.8616402309672094,0.8958333333333334,62,4.1,0.177,0,0.31591689409278984,1
8346,0.8279676740885111,9.833333333333334,0.7069217548171087,0.5434782608695652,15,4.9,0.1,0,0.363287802540139,1
7574,0.838744929870588,11.75,0.7771875450722694,0.6304347826086957,41,3.8,0.173,0.06312755027369642,0.23356218642725113,1
15701,0.6590212424884658,99.58333333333333,0.8707851153850675,0.5348837209302325,25,4,0,0,0.6117444748742118,1
2083,0.6124823471489076,10,0.6348516283298893,0.7142857142857143,50,4.3,0.109,0,0.7346938775510204,0
11371,0.8704992516614711,6,0.6881952177688382,0.43902439024390244,7,3.7,0.123,0.048976054171542,0.1258519854008179,1
7147,0.7445832040609107,11.416666666666666,0.7459895964772947,0.775,63,4.2,0.159,0,0.5734275519485063,1
10257,0.5188506711759863,18.833333333333332,0.6815388634434233,0.6888888888888889,8,3.7,0,0,0.24646582821487764,0
1947,0.7680111794623665,6.666666666666667,0.8458896499257756,0.6511627906976745,26,3.4,0.211,0.1163653291623582,0.05394297456974056,1
22585,0.6356246197250149,19.5,0.7880410808950898,0.8837209302325582,20,3.9,0.075,0.0012789395034992124,0.0781492140801417,1
15705,0.742758116434782,94.33333333333333,0.8618966625734077,0.6666666666666666,24,5,0.063,0,0.7498487694609826,1
20775,0.79417133135978,98.41666666666667,0.8433302074063517,0.975609756097561,32,3.5,0.096,0,0.5899540301812318,1
13551,0.8585518526646383,92.08333333333333,0.876780093701362,0.7021276595744681,24,4.4,0.031,0,0.6076528541382237,1
6503,0.8107742754916294,6.583333333333333,0.7900870385851013,0.1,1,3.2,0.158,0,1.0153775180685838,0
29335,0.8203049725556454,11,0.7298097803011059,0.8157894736842105,1,4.6,0,0.06914440083453535,0.24268352963234416,1
15968,0.7572314643217769,93.58333333333333,0.841718767416569,0.38461538461538464,2,4.2,0.111,0.0367598824786099,0.0006888777555110221,1
15483,0.7554573000957974,11.75,0.6928987929842416,0.9512195121951219,25,3.4,0.17,0,0.7357101336950204,1
5830,0.6635741528381001,17.333333333333332,0.7394958233818448,0.6304347826086957,47,4.4,0.014,0,0.6727272727272727,1
7470,0.7016963192835244,96.75,0.8590921536001025,0.75,15,3.7,0.21,0,0.30843373493975906,1
13272,0.7516516046675988,9.916666666666666,0.7224345451275,0.6739130434782609,1,4.4,0.064,0,0.6679475587703436,1
14444,0.9032160438324375,92.66666666666667,0.8739723162492457,0.8536585365853658,11,4,0.038,0,1.1885904181667128,1
14726,0.8816096205981347,9,0.6991096887171866,0.8444444444444444,2,3.8,0.189,0.0635553440913262,0,1
23989,0.6284304346225866,5.916666666666667,0.680371669918022,0.8095238095238095,35,3.3,0.18,0.001145545426065539,0.1653257743132269,1
13975,0.6915481880877301,99.33333333333333,0.8968154908622699,0.8666666666666667,42,4.8,0.158,0,0.5625245983756127,1
25474,0.6817647212589406,16,0.7633788189249886,0.6923076923076923,37,4,0.116,0,0.8127269515378727,1
8372,0.7484848354435388,6.583333333333333,0.7811187789140432,0.8636363636363636,33,4.1,0.072,0,1.046526906767007,1
22070,0.8217965570355928,100.75,0.8939369217212778,0.5263157894736842,17,4,0.143,0,0.9538287267784322,1
10281,0.7782742122550859,6.916666666666667,0.7834674607757659,0.6458333333333334,1,4,0.301,0,0.7157864021009629,0
6646,0.8948135081449888,9.75,0.5410805552595283,0.6136363636363636,23,4.4,0.035,0,0.9707320743360168,0
10419,0.5548289587956412,20,0.725379049111932,0.45652173913043476,22,3.9,0.225,0.047841063808691485,0.22325670681959975,0
21906,0.7305712739060441,6.166666666666667,0.782101141937877,0.55,15,4,0,0.054919129663031696,0,1
1968,0.6787052899017317,18.833333333333332,0.8380265024980255,0.5434782608695652,38,4.1,0,0,0.5367217280813215,1
14021,0.8340448807180074,5.833333333333333,0.7492867317887965,1,1,3.8,0.206,0.08000255825888185,0,1
1963,0.5887634057432276,95.25,0.844154003895272,0.7674418604651163,18,3.4,0.282,0,0.553375796178344,0
11158,0.626521745659847,9.916666666666666,0.669479656482401,0.5208333333333334,12,3.9,0.184,0.027117484352197085,0.37956531481066547,0
25975,0.7577219766801411,6.75,0.8173006347290279,0.6341463414634146,26,3.7,0.21,0,0.2774205967276227,1
3168,0.6350760531915486,17.583333333333332,0.7878915260606612,0.7045454545454546,15,4.5,0.142,0,0.5972222222222222,0
17842,0.6910726975096285,10.583333333333334,0.7000630400828203,0.5526315789473685,64,4.4,0.182,0,0.6067314967911891,1
14834,0.6763210941858817,21.583333333333332,0.842359415732868,0.9772727272727273,46,4.1,0.157,0,0.6867331805312121,1
9056,0.7883760711179161,6.166666666666667,0.7283817399697057,1,1,3.2,0.177,0.0991396509045419,0.005631625441696113,1
6711,0.5834294138692141,6.583333333333333,0.7725037879036528,1,33,4.2,0.069,0,1.0902995082700044,0
5766,0.6902684940301371,16.916666666666668,0.7264789692236111,0.9512195121951219,1,3.9,0.153,0,0.6910068510970427,1
21539,0.7375315626558558,18.75,0.7704755318457714,0.7027027027027027,62,4,0.108,0.000025768679715926073,0.2233158456752867,1
17881,0.82100762623194,6.666666666666667,0.7238659745703184,0.7317073170731707,58,4,0.16,0,0.9896538224931491,1
2105,0.8132778914808457,8.083333333333334,0.6138490556633394,0.6666666666666666,48,4.3,0.222,0,0.30886196246139225,1
20994,0.7190690444217309,18.5,0.8069884208501932,0.6739130434782609,30,4.7,0.157,0,0.358435743545775,1
7295,0.8476585693121593,7,0.7979694910895578,0.8604651162790697,1,5,0.004,0.011674745529948455,0.12680786894235382,1
8378,0.7493326947907455,96.33333333333333,0.8891382744387488,0.3783783783783784,18,4.5,0.189,0.009681078276635887,0.5584004774694121,1
18290,0.6822057357089504,18.833333333333332,0.7150222621574404,0.7254901960784313,43,3.8,0.139,0,0.645489338436304,1
19322,0.6731833604087387,5.416666666666667,0.7941678744575439,0.7,1,3.9,0.218,0,1.1005589483490321,0
17802,0.712206399557002,6.5,0.7448750161265076,0.7428571428571429,35,3.5,0,0.011461017269417775,0.031120098865296035,1
10168,0.7307076397730936,102.16666666666667,0.8812044044656606,0.7209302325581395,61,4.1,0.148,0.009116603380415929,0.09018489378442171,1
2214,0.7505275144124077,18.25,0.73709572291352,0.5581395348837209,1,3.9,0.125,0,0.24576462615766886,0
8701,0.8789477460004624,6.5,0.7870096445405621,0.6285714285714286,36,3.6,0.228,0.07204261743023226,0.014481094127111826,1
19887,0.6985920523810433,6.166666666666667,0.7722662223465849,0.6136363636363636,21,3,0.045,0,0.4077035249157741,1
15815,0.6245290939619995,19,0.7927892664733733,0.723404255319149,10,4.3,0.23,0,0.7890859654114895,0
14194,0.7132515240177113,20.166666666666668,0.7830676901089804,0.7714285714285715,1,4.5,0.042,0.072275871192414,0,1
20455,0.7759183614388938,98.25,0.8768682685245295,0.7906976744186046,8,4.5,0.034,0,0.21559520899535567,1
10261,0.7636246537229733,11,0.7623577705854829,0.6153846153846154,18,4.5,0.079,0.008971860913884815,0,1
14403,0.7047159996329906,6.5,0.8398718461949128,0.9069767441860465,32,3.9,0.103,0.0577922555030853,0.2809928831800035,1
30272,0.6502845711988762,6.25,0.73770245902792,0.5,51,3.7,0.019,0,0.6712914787836745,1
18793,0.8092294177595089,10.083333333333334,0.6279155641490768,0.6190476190476191,12,4.5,0,0,0.5048156228382908,1
13588,0.7987281198714724,6.833333333333333,0.8224363441638898,0.8292682926829268,52,4.5,0,0,0.4515915363385465,1
23347,0.6487666203312354,18,0.7789382150682718,0.8461538461538461,15,4.5,0.069,0,0.7717051441298668,1
24651,0.818208485696001,99.5,0.8946320103697384,0.8260869565217391,39,3.5,0.207,0,0.5626546590402012,1
12730,0.7689856858043985,6.75,0.8385592983873824,0.5476190476190477,20,3.4,0.046,0.07756258875200976,0.1640219952867243,1
10916,0.610676970943177,18.583333333333332,0.7864886841772661,0.8444444444444444,28,3.7,0.081,0.0010446838040067583,0.5934408208134848,1
20506,0.723673745547355,95.5,0.8597418777637832,0.7045454545454546,75,5,0,0,0.70800516934481,1
31760,0.8537937360151879,98.16666666666667,0.8834195966037155,0.75,54,4.6,0.275,0,0.5880445221114942,1
9945,0.7847752188968704,11.25,0.7482571041782751,1,32,4.7,0.095,0.007140571385441473,0.34479638009049773,1
11332,0.47644526094554007,19.583333333333332,0.7931459642087382,0.925,55,4.5,0,0.02564770138509544,0,1
9730,0.5957280757392556,9.75,0.664700081266102,0.6222222222222222,10,4.1,0.083,0.0004045618798467702,0.5384378211716341,0
8909,0.6500920957333274,96.25,0.8756769044802668,0.9523809523809523,20,4.8,0.227,0,0.793848571588932,1
15127,0.6218208916017974,109.41666666666667,0.9443499915852809,0.3333333333333333,53,4.3,0.032,0,0.8665961525748661,1
24116,0.8240124970110468,100.58333333333333,0.8610809598822218,0.6052631578947368,1,3.2,0.096,0,0.9132111461270526,1
24552,0.8435562698333744,9.166666666666666,0.7224665905004772,0.6666666666666666,48,2.8,0.251,0.08448612516681071,0.17559008614544935,1
7159,0.716783061191415,10.25,0.7069785155944699,0.8536585365853658,1,5,0.124,0,0.8020673278390836,1
10541,0.7989907667525082,10.083333333333334,0.7489180573394494,0.9090909090909091,44,3.9,0.163,0,0.2948486860829143,1
12569,0.7487306324731742,9.833333333333334,0.6925702178437787,0.7297297297297297,16,3.8,0.239,0.008708814822992956,0.1066953097028285,0
11929,0.7704556067666726,6.916666666666667,0.8002033258822048,0.8604651162790697,45,3.5,0.165,0.06120394384371103,0.17177348367355494,1
1999,0.715748647737973,92.58333333333333,0.8536557718512405,0.6444444444444445,35,4.3,0.255,0,0.6775081310983238,1
18531,0.6323073780299899,17,0.6962366002974575,0.5813953488372093,38,4.6,0.058,0,0.7205763315525336,1
10071,0.6457529859062067,9.583333333333334,0.7065297907706747,0.6511627906976745,39,3.5,0.269,0,0.624069109323801,0
20497,0.728309082928831,6.583333333333333,0.764203341643074,0.5384615384615384,15,3.4,0.071,0,0.30853295604234765,1
16862,0.7087769108718782,17.083333333333332,0.7816834731648756,0.4583333333333333,32,3.9,0.256,0.03444131468728515,0.09358320483928359,1
23882,0.7781390643031184,95.91666666666667,0.8957899034728964,0.25,51,2.6,0.052,0,0.4915101647718946,1
22215,0.922352289567349,6.083333333333333,0.7039700988359683,0.7555555555555555,58,4.4,0.143,0.00034125325257006357,0.2638757596218771,1
14129,0.7736428206697096,101.75,0.8931557007117499,0.8780487804878049,12,3.2,0.055,0,0.66183027815132,1
17885,0.7754404080412249,95.58333333333333,0.8698562213003869,1,21,3.9,0.119,0.03058910111724789,0.2470785574503774,1
12463,0.8860532822311529,9.583333333333334,0.7981184910218453,0.7142857142857143,43,4.1,0.173,0,0.3991173520561685,1
11428,0.6864558027827344,17.416666666666668,0.7438068223879895,0.8478260869565217,47,4.1,0.223,0,0.9828046379348064,0
17636,0.6443463104895277,17.25,0.7148939772042608,0.627906976744186,14,4.8,0.142,0,0.9461597346261802,0
6448,0.831504359039035,6.916666666666667,0.8283396765207831,0.5609756097560976,35,4.6,0.079,0,0.6825901512214037,1
14980,0.5635119508600417,19.333333333333332,0.8107370827577574,0.4666666666666667,38,4.4,0.124,0.025005966857124067,0.3620948629794052,1
14844,0.6121249013940713,17.75,0.7296899686293938,0.8333333333333334,1,3.7,0.07,0,0.7776205874427378,0
26052,0.702672835482362,17.833333333333332,0.6771978310435411,0.8536585365853658,23,4.8,0.146,0.009409498184168773,0.287315509663551,1
16881,0.9409279345854348,102.66666666666667,0.8924643171319533,1,11,4.5,0.036,0,0.8427225875244357,1
26874,0.870248611937966,9.416666666666666,0.6573723772990099,0.6521739130434783,33,3.7,0.361,0,1.5103354605838466,0
17774,0.6872432411445568,6.416666666666667,0.7498524638408023,0.6666666666666666,11,3.8,0.181,0.026526619502839088,0.09671702253354714,1
23345,0.646335873052713,19,0.8164171093293302,0.5813953488372093,44,4.7,0.136,0.061557446126882576,0.03088455772113943,1
17879,0.8078982170662767,6.666666666666667,0.7307417596432748,0.3695652173913043,11,4.4,0.111,0.011965058344663146,0.36026512291299606,1
28342,0.8702166369877049,100,0.8568217893672365,0.46153846153846156,1,4,0,0,0.1735617380872572,1
18359,0.748587335412453,5.916666666666667,0.7035554200021241,0.717391304347826,20,4.3,0.133,0,0.23568821831254425,1
8242,0.8518764650479997,5.916666666666667,0.7768594434119034,0.631578947368421,1,4,0.191,0.0001980731444507828,0.4312060179568066,0
14274,0.8576899013805537,100.83333333333333,0.8790900335016423,0.7272727272727273,60,4.1,0.086,0,0.7603601078922478,1
7203,0.7822248075852498,97.25,0.8473590629411275,0.5789473684210527,67,3.8,0.097,0,0.812161599333611,1
1968,0.7260728656990825,18.166666666666668,0.7323678505355079,0.6923076923076923,79,3.5,0.126,0,1.0744599745870393,0
20148,0.8467808109576194,95.5,0.8616439931903763,0.6136363636363636,26,4.3,0.13,0,1.3143736351002582,1
45836,0.7817749857196972,104.5,0.886068125360855,0.5555555555555556,63,3.5,0.029,0.00046197583511016347,0.3926826075573785,1
13114,0.6128255334464325,96,0.857363917316363,0.8888888888888888,3,4.2,0.142,0.011768356273949307,0.07633063901174318,1
22178,0.6609728284489471,10.166666666666666,0.6215279875208133,0.5952380952380952,12,3.8,0.157,0.017209436764977323,0,1
13281,0.7154924535561096,100.16666666666667,0.8741256036179222,0.5121951219512195,31,3.1,0.192,0,0.5449137866124539,0
2367,0.49936421914401596,18.583333333333332,0.7452614809556273,0.4318181818181818,3,4.4,0.217,0,0.5442636805408831,0
17232,0.8559941726234498,101.16666666666667,0.8712565126552683,0.6888888888888889,32,4,0.053,0,0.4710422469823584,1
15711,0.6631979288176509,6.5,0.729855031978135,0.7021276595744681,45,4,0.117,0.00007728572532653218,0.5399573533624009,1
2037,0.7641568657327706,8.75,0.6763305625149252,0.46153846153846156,41,3.7,0.161,0.033537825427221106,0.3784977908689249,0
5039,0.656052759489222,91.75,0.86904906940661,0.6097560975609756,37,4,0.177,0,0.2885493153403453,1
16677,0.8150359807736327,7.416666666666667,0.8136727645867753,0.675,11,3.3,0.205,0,0.5697238629208767,0
26542,0.32725078615021475,18.166666666666668,0.6349822703838943,0.7073170731707317,41,3.8,0.077,0.0023255559366397983,0.22243990656318288,0
9808,0.789270821333068,6.333333333333333,0.803070663854003,0.4090909090909091,23,3.4,0.099,0,0.5036961509049197,0
14923,0.822042427817442,103.25,0.8968075972082536,0.6585365853658537,46,4.5,0.222,0,0.9066175238733456,1
14384,0.766292913656907,10.75,0.7311295318445794,0.7380952380952381,1,4.1,0,0.008523777397854287,0.3398220244716352,1
1866,0.6710838138866319,99.25,0.8582764295910055,0.625,20,4.7,0,0,0.45832216563923883,1
2058,0.6541133236231114,94.91666666666667,0.8536695932458289,0.7857142857142857,1,4.2,0.324,0.014442221084884431,0,1
9435,0.8536620676524767,101.5,0.9237380721199795,1,1,4.6,0.178,0.0020062489722085185,0.12845786963434022,1
31101,0.7083002874116548,93.25,0.8738616107295115,0.813953488372093,34,3,0.116,0,0.4618575264063279,1
7571,0.7599129714648308,7.333333333333333,0.8299246642375482,0.9512195121951219,23,4.1,0.081,0.050205604626921,0,1
7367,0.6305796823147791,18.166666666666668,0.762351672532319,0.5853658536585366,51,4.8,0.183,0,0.4098004615175784,1
9091,0.7313753913735614,97.16666666666667,0.8995287502874273,0.6341463414634146,51,3.9,0.234,0.04122796012473024,0.18524833617512787,1
33385,0.6541352922006854,19.416666666666668,0.7271047668329694,0.5952380952380952,1,4.1,0.249,0.0053811208381561,0.6446105228474291,1
19767,0.8511603218979178,12.083333333333334,0.7576374704716472,0.4878048780487805,70,3.8,0,0.0012904662571428724,0.2957454343097081,1
2076,0.7920780090875781,93,0.8597333911874588,0.7659574468085106,39,3.9,0.087,0,1.0961214165261384,1
11283,0.756966228924632,102,0.8696901827622425,0.475,58,4.6,0.003,0,1.0718369155772214,1
2022,0.8410403998664442,6.333333333333333,0.8139192681088033,0.6976744186046512,29,3.6,0.219,0.056934067651710295,0,1
6921,0.8058921838519589,10,0.6258342613226059,0.4,68,3.8,0.032,0,0.6605981794538361,0
12580,0.7108096478783295,18.083333333333332,0.7240019876094185,0.6808510638297872,1,3.3,0,0,0.29245995468818314,1
3825,0.7094458266499637,89.08333333333333,0.8773342312636072,0.5365853658536586,83,3.6,0.069,0.003504840235219186,0.20081056347234932,1
15006,0.697525625041309,94.91666666666667,0.8496169358918183,1,44,2.8,0.269,0,0.4790083966413435,1
23234,0.9137731447747864,92.41666666666667,0.8725454548914198,0.8157894736842105,1,4.5,0.156,0,0.6299093980674457,1
43714,0.9425645443310848,91.75,0.9170987176841231,0.9512195121951219,42,5,0.099,0.08372800436462785,0,1
20272,0.5424500067815796,17.166666666666668,0.7848687397460161,0.926829268292683,1,3.3,0.128,0,0.4055447302863626,1
1527,0.5710870608856289,9.75,0.5981087881877352,0.9761904761904762,10,3.8,0.176,0,0.8319685555191615,0
19790,0.5805890199606416,100,0.8694881869969874,0.7857142857142857,55,4.4,0.1,0.0000923505837253877,0.39116703302256245,1
22717,0.8594666737358885,7.166666666666667,0.8510901340131896,0.6956521739130435,24,4,0.06,0,0.45975392335967247,1
17060,0.6630985022894091,15.833333333333334,0.7073381310640454,0.9523809523809523,56,3.5,0.046,0,0.5214536928487691,1
22087,0.8910855521170993,102.41666666666667,0.903057142801418,0.7111111111111111,18,4.1,0.089,0,0.6243491646669986,1
7790,0.8088112163877206,100.75,0.8550208632277214,0.7727272727272727,36,3.8,0.217,0.006539755329744923,0.3901155327342747,1
13750,0.7083039318913531,19.416666666666668,0.8247686209219434,0.4,5,4,0.27,0,0.8299938179570167,0
4275,0.6725473013828209,10.75,0.7535176264250443,0.7209302325581395,30,3.4,0,0,0.20608187134502923,1
17683,0.7547029483607811,94.41666666666667,0.8491920175316795,0.4772727272727273,32,3.4,0.141,0,0.7412769326471752,1
13835,0.5756924055112629,17.333333333333332,0.7749096171015457,0.4117647058823529,1,3.6,0.101,0,0.506487404676714,0
22247,0.6848932697031707,18.833333333333332,0.7511086529128277,0.8837209302325582,45,4.9,0.062,0.026978314712690982,0.4672989616577516,1
2420,0.8651728244423993,98.66666666666667,0.876192687825617,0.7333333333333333,1,5,0.122,0,0.5574380165289257,1
22485,0.8448650311879534,6.083333333333333,0.7195960343772778,0.8695652173913043,44,4.7,0.216,0,0.4283299977762953,1
6285,0.7370755800548665,10.166666666666666,0.6434661775257123,0.6428571428571429,15,2.5,0.052,0.04333350842963376,0.12108194112967383,0
16974,0.5336273190696155,18,0.6784489749224938,1,81,3.8,0.181,0,0.5216366689250891,1
17327,0.8071855567609927,96.41666666666667,0.8725891253840405,0.7441860465116279,34,4.3,0.131,0.044422578705156125,0,1
6659,0.4968626864873047,20,0.7726969717169024,0.4878048780487805,48,3.4,0.079,0.09793264177420197,0.06142063372878811,1
2239,0.625165488269749,17.416666666666668,0.7709837714110178,0.7272727272727273,17,3.5,0.128,0.021368795829795135,0.4905070359615814,1
11666,0.7725857968415042,6.166666666666667,0.7628388003407535,0.7608695652173914,33,4.4,0.094,0.08935446098397076,0.1281501800102863,1
15334,0.8093934746470506,97.91666666666667,0.8745409515483702,0.6923076923076923,38,4,0,0.11103152713124109,0,1
12666,0.8939557250976392,7.166666666666667,0.7338250432032651,0.9111111111111111,43,4.5,0.157,0,0.934312332228012,1
21679,0.8121249107205378,6.833333333333333,0.8327889121853403,0.6153846153846154,33,4.6,0,0.035349241245736594,0.07768065133657771,1
24438,0.771552252840665,6.25,0.7545072981397071,0.6976744186046512,52,3.4,0.1,0,0.4279488491048593,1
30458,0.7767161363489394,6.25,0.73770245902792,0.4444444444444444,10,5,0.159,0.012401590285700918,0.45337842274607654,1
22536,0.6555051522731499,99.5,0.871654185899561,0.6363636363636364,21,4,0.148,0.030598503281699174,0,1
8840,0.8473640589768295,6.416666666666667,0.8262456083083163,1,49,2.9,0.121,0,0.4438914027149321,1
26725,0.7560954400047248,101.83333333333333,0.8662035716266623,0.7317073170731707,14,3.9,0.167,0,0.2783962281801343,1
21852,0.791397157527066,6.25,0.7219112851384772,0.825,65,3.5,0,0,0.612804319970712,1
26638,0.6854093670794046,99.16666666666667,0.9079611323018953,0.6666666666666666,6,3.7,0.175,0.028968695182371187,0.11220812373301299,1
19111,0.7820734010375807,16.75,0.8190394678659382,0.525,50,4.5,0,0.008827211910551823,0.09560189424661836,1
11385,0.7880154973307041,20.25,0.8139935904528474,1,29,3.2,0.091,0,1.051383399209486,1
23610,0.7162584518301508,9.666666666666666,0.683021098088789,0.8043478260869565,12,3.3,0,0,0.6256670902160102,1
9095,0.7095515176136913,95.08333333333333,0.8648742611597056,0.6052631578947368,35,3.8,0.111,0,0.6142935678944474,1
30381,0.652605625480094,17.916666666666668,0.7499161849531151,0.9473684210526315,29,3.3,0.298,0,0.5570586879957868,1
14222,0.8401927254784958,6.916666666666667,0.8500012096627864,0.6410256410256411,29,4.4,0.048,0.02170475374037467,0,1
6663,0.456157584175264,18.75,0.7516275198640379,1,15,3.4,0.108,0.029322923436668546,0.2826266416510319,1
1964,0.6491290179910179,6.083333333333333,0.7448227943808609,0.7804878048780488,19,4.3,0.223,0,0.7695441813088872,0
20706,0.7283612836109405,7,0.8155722216091706,0.7708333333333334,48,3.5,0.223,0,0.08326290116152713,1
9726,0.6350407962857565,17.166666666666668,0.8145148235481282,0.7209302325581395,34,3.6,0.114,0,0.8127088581563929,0
10244,0.8201174697111471,6.416666666666667,0.7942470192499369,0.5789473684210527,1,3.5,0.077,0,0.282618245716796,1
15078,0.6134176851969336,100.08333333333333,0.8570306874870649,0.6136363636363636,30,4.1,0.159,0,0.6054717293981098,1
11973,0.8191533442294994,94.33333333333333,0.8404993808721927,0.5555555555555556,9,3.7,0.11,0,0.2935894758822301,1
15224,0.8016753869339308,104.08333333333333,0.8904233437942712,0.5714285714285714,24,3.9,0.194,0,0.5947383978717115,1
18576,0.6444439362923483,20.833333333333332,0.8386060719853439,0.7073170731707317,15,5,0.316,0.00021243656004097408,0.3138996554694229,1
16993,0.7803041728540606,10.5,0.6829367562628861,0.5333333333333333,19,3.5,0.328,0,0.35496969340316603,0
7880,0.8066781166638032,98.16666666666667,0.8768544121847973,0.75,27,4.1,0,0.01007955819292804,0.012564249000571102,1
22651,0.5915601237673509,18,0.7632090397676959,0.4888888888888889,31,3.7,0.193,0,0.5620060924462497,0
22368,0.6229542974787904,6.416666666666667,0.7193482755198142,0.8863636363636364,21,3.1,0.096,0,0.8924803290414879,0
24735,0.8915297957331695,10.25,0.6570878583908433,0.5714285714285714,24,3.7,0.194,0,0.39543157469173235,1
8606,0.7646868565819837,11.166666666666666,0.7607280665390836,0.48936170212765956,1,5,0,0,0.33048631689036084,1
25550,0.6523323080117147,15.083333333333334,0.7454363307511984,0.7027027027027027,7,4.2,0.158,0,0.8684148727984344,0
16286,0.8403699265834838,6,0.7642977396044841,0.6046511627906976,46,2.7,0.085,0,0.9279749478079332,1
11015,0.8921361874039749,11.75,0.6558273600411084,0.725,72,3.9,0.068,0,0.6310485701316386,1
2121,0.6929027196109205,17.25,0.7493968628146292,0.6,1,4.1,0.148,0.06498350694659806,0.04903347477604903,1
22559,0.7928711519211298,10.416666666666666,0.6853446329712458,0.9782608695652174,12,4,0.093,0,0.4211179573562658,1
34342,0.8230968540624425,6.75,0.8385592983873824,0.7804878048780488,20,3.7,0.037,0,0.4660765243724885,1
8934,0.7043055896678154,10.416666666666666,0.7416359158087177,0.6428571428571429,44,3.4,0.01,0.010017636355352593,0.21503330161750714,1
13300,0.7241763879046043,19.666666666666668,0.8665422394235287,0.6842105263157895,55,4.6,0,0,0.5678947368421052,1
15196,0.8205044784623117,5.916666666666667,0.7768594434119034,0.975,35,3.8,0.147,0,0.7062384838115293,1
24048,0.664820426729037,17.333333333333332,0.7331839052786229,0.6097560975609756,33,4.6,0,0,0.7353363135461066,1
11894,0.7597576682660978,9,0.6605499485217896,0.825,6,3.4,0.204,0.006337525468673016,0.3710430066843234,0
16513,0.6390700239395618,9.5,0.700724173522246,0.8541666666666666,36,4.6,0.135,0,0.27929510082964937,1
9822,0.5734633656423247,19.166666666666668,0.7508426298800974,1,30,4.4,0.065,0.06296678314139045,0.14294441050702505,1
16613,0.8988188714287937,6.75,0.7497143835467495,0.725,55,3.3,0,0.018685177779942577,0.25913441280924576,1
16851,0.6274002297000916,18.166666666666668,0.7158924299595959,0.5238095238095238,76,4.3,0.295,0.11049039105042392,0,1
25477,0.7452198067616942,6.5,0.7087739309846013,0.9545454545454546,19,3.9,0.11,0.003377302932633003,0.6170392322336271,1
20112,0.764296712352757,9.5,0.5607023148930206,0.9722222222222222,1,4.2,0.047,0,0.3827660791089675,1
3963,0.7026785781956735,18.666666666666668,0.7734182582062585,0.6829268292682927,69,3.4,0.128,0,0.8262460567823344,0
5168,0.8286249410468831,6.833333333333333,0.8438262381113939,0.8125,41,5,0.186,0,0.7781325592646348,1
13406,0.893430739527987,11.75,0.67199060766391,0.1794871794871795,19,3.8,0.281,0.06001343809156506,0.045354518667711015,1
30437,0.7245601020627763,16.5,0.7340919882608448,0.6086956521739131,55,4.6,0.091,0.016780787615232495,0,1
12811,0.8568771828115029,102.66666666666667,0.8661329342331928,0.7380952380952381,39,4.1,0.014,0.08382376571418843,0.12825416650403965,1
6006,0.7184255928449235,100.75,0.9206860524216797,0.725,21,4.8,0.104,0,0.5311355311355311,1
6552,0.7114791392984379,99.41666666666667,0.8272142062708328,0.32558139534883723,39,3.1,0.17,0,1.0627289377289377,0
22266,0.8091002959709374,11.083333333333334,0.7183711157845407,0.8717948717948718,116,3.6,0,0,1.1036108865534897,1
15631,0.7604941387437443,96,0.8657232809884062,0.4,9,4.3,0.059,0,0.7790928283539121,1
23737,0.8941054597565167,97.91666666666667,0.8799939642381069,0.631578947368421,36,4.8,0.112,0,0.24880987487888107,1
8013,0.7244230361915848,103.5,0.9034219085515371,0.975,32,4.2,0.277,0,0.6534381629851491,1
19271,0.5692049871948525,97.08333333333333,0.8832018583594067,0.9523809523809523,30,3.8,0.204,0,0.6758860463909502,1
9124,0.7143416094034274,18.75,0.7967668735080236,0.43243243243243246,12,4.2,0.056,0.030243846138419007,0.290223586146427,1
9615,0.7903186675358529,10.166666666666666,0.7341430370454614,0.7555555555555555,46,3.8,0.118,0.16587949387427578,0,1
13637,0.7031423134646502,105.25,0.8603548959239633,0.9,44,4.4,0.066,0.024591490820137372,0.40500109994866906,1
15518,0.7135499850665881,6.5,0.8064145016597244,0.8055555555555556,62,3.9,0.128,0,0.4412437570484936,1
16538,0.7710920127855412,6.666666666666667,0.8232233047033631,0.55,50,4.4,0.111,0,1.1957671957671958,0
16842,0.6841691061407926,10.416666666666666,0.6595532347047486,0.5918367346938775,21,4.3,0.259,0.036091537422044136,0.13044769029806436,1
15544,0.7745115955692969,94.66666666666667,0.8768612080982696,0.05128205128205128,1,3.3,0,0,0.6005082510374111,0
11700,0.9047700797293745,10.833333333333334,0.7505034655349715,0.4473684210526316,3,2.7,0.201,0,0.7848198640967563,0
20929,0.7054424306081769,10.5,0.6200409776639422,0.7906976744186046,43,4.6,0.22,0.00792426770679751,0.23489499964163701,1
10718,0.7721313441256998,95.75,0.8738693489333047,0.5813953488372093,19,3.9,0.016,0,0.709680429204572,1
7442,0.6584324911386736,18,0.7167211381337342,0.6341463414634146,36,3.1,0.028,0,0.9464489686219176,0
20832,0.85570111495775,12.666666666666666,0.7759291267641263,0.7142857142857143,15,3.8,0.311,0,0.667162710318508,1
3519,0.7753586414076404,6.75,0.7425104492022937,0.7317073170731707,28,4.1,0.012,0.037758759091320225,0,1
18743,0.734834680666041,17.5,0.7603857976112548,0.6410256410256411,36,4.6,0.134,0,0.47880485527544353,1
22317,0.7855243297854104,103.08333333333333,0.9013511033530287,0.46511627906976744,1,4,0.258,0,0.6809311495978312,1
13914,0.7478684754491194,7,0.8250364469440588,0.7,7,3.4,0.116,0,0.8223667660904876,0
10938,0.7996894501844304,102.83333333333333,0.8846762383972757,0.7777777777777778,79,4.6,0.157,0.07583161532008166,0,1
19255,0.5169280746558372,18.416666666666668,0.7546943679922209,0.525,1,4.3,0.03,0.01182449834059752,0.4381832818302215,0
18483,0.8183941539373489,6.5,0.7527269035642832,0.9523809523809523,2,4,0.251,0.11742659985719565,0,1
24476,0.8032989366308697,101.66666666666667,0.8725521854060537,0.8947368421052632,33,4.9,0.232,0,0.2562510214087269,1
10214,0.8398694837306835,6.333333333333333,0.803070663854003,0.7209302325581395,33,4.1,0,0,0.6253488030547805,1
19950,0.8490530270370119,97.91666666666667,0.8587054612778591,0.9285714285714286,1,3.6,0.129,0,0.9303258145363409,1
5758,0.9070424572894369,12.083333333333334,0.6840355534081295,0.6458333333333334,52,2.7,0.098,0.0031584879912193668,0.5667390360399479,0
16136,0.8005364672000468,8.833333333333334,0.6546602789108844,0.7021276595744681,1,4.5,0.093,0.002234137622877569,0.436305041678287,1
23707,0.7708174228881357,9.666666666666666,0.6508886770462657,0.43902439024390244,34,4,0.307,0,0.758863602809356,0
25668,0.850729558774658,7.166666666666667,0.8040430285307824,0.225,16,4.5,0.115,0,0.6441873149446782,1
20268,0.8290674497862575,98.25,0.866636563039403,0.5238095238095238,52,3.9,0,0,0.6688869153345175,1
10842,0.8189964962729609,94.75,0.8836554214120467,0.6326530612244898,44,4.3,0,0.0007436326454731364,0.35731414868105515,1
18711,0.8937535551581465,6.916666666666667,0.8002033258822048,0.6764705882352942,25,4.6,0.113,0,0.3934689078325005,1
7186,0.6446806310952109,9.5,0.7069597703773673,0.6097560975609756,1,4.1,0.192,0,0.7137986222253149,0
17399,0.7319074012438589,19.166666666666668,0.803817144822983,0.6136363636363636,107,3.6,0.256,0.19369083605844198,0,1
15690,0.7723930334734253,11.25,0.7508863448770335,0.6666666666666666,9,3.8,0.037,0.000625195724368402,0.14570253991522994,1
6120,0.865160622688976,6,0.7848342585440324,0.6904761904761905,9,3.7,0,0,0.6680284336955634,1
27763,0.7831056006540041,7.083333333333333,0.8227468332550663,0.6590909090909091,25,4.7,0.196,0,0.47002251238181,1
1738,0.7442135415884004,10.666666666666666,0.6185451370083217,0.6904761904761905,31,2.7,0.068,0,0.6831654676258992,0
21885,0.5551362359232728,10.666666666666666,0.6656103975151141,0.9,55,3.5,0.07,0,0.8988805117660498,1
8809,0.8085729004067463,6.333333333333333,0.7394869753523245,0.8125,37,4,0,0,0.4918833011692587,1
14788,0.9167292938284606,96.75,0.8783515515640823,0.8043478260869565,43,3.7,0.266,0,0.3454152015147417,1
15916,0.614599638183154,11.75,0.742034986106763,0.6888888888888889,64,4.9,0.159,0,0.39834129178185473,1
24406,0.726471074793528,99.91666666666667,0.8584926425819431,0.5952380952380952,11,4.1,0.077,0,0.5767142652271005,1
26513,0.8365929375341019,101.33333333333333,0.8812823524169829,0.5217391304347826,21,3.9,0.135,0.006144034360849968,0.3536378380417154,1
1979,0.7247518445700403,9.5,0.6522065333052806,0.7441860465116279,12,3.2,0,0,1.1321708364922922,0
13272,0.823895418745635,106.41666666666667,0.8905163773285771,0.30952380952380953,13,3.8,0.124,0.003528404499486099,0.3379422069848924,1
7910,0.7786836266692261,6.916666666666667,0.760546904646364,1,41,4.1,0.115,0,0.9249636513053923,1
19485,0.6970984587507506,100.5,0.8812552693867791,1,18,4.5,0.189,0,0.9867330442146321,1
16034,0.7965126420408416,10.583333333333334,0.728717587764532,0.6382978723404256,15,4.5,0.077,0,1.0718473244355744,1
15469,0.5945642747921864,16.083333333333332,0.7780471503564363,0.225,51,4,0.133,0,0.8043183140474497,0
4144,0.6330269870913474,99.58333333333333,0.8959277036195545,0.7555555555555555,34,4.7,0.036,0,0.507480694980695,1
13065,0.8738307062824604,99.25,0.8448272762593306,0.6486486486486487,13,3.3,0.131,0,0.46949866054343664,1
29910,0.644851128421996,16.666666666666668,0.717157287525381,0.9,30,3.9,0.231,0.031198145742940577,0.39070544968238047,1
11435,0.742670825075554,15.416666666666666,0.7242183563497493,0.7333333333333333,51,4.4,0.126,0,0.5486663751639703,1
27936,0.6940747443566339,20.583333333333332,0.7850434987456149,0.74,28,4,0.079,0,0.9479166666666666,1
15647,0.6610800481609016,6.416666666666667,0.784634753873026,0.9285714285714286,19,4.7,0.152,0,0.5590848085895059,1
6377,0.5497969735011756,6.916666666666667,0.791667271496499,0.5909090909090909,25,4.6,0,0.01648165978769205,0.4471104838077315,1
15200,0.7515954593662799,100.75,0.8768187293645173,0.5,16,4.9,0.13,0.011996102997449362,0.2931578947368421,1
11568,0.7307828170006037,10.916666666666666,0.7190051554304433,0.5641025641025641,50,3.7,0.166,0,1.2523340248962656,0
8826,0.9533163212950155,6.583333333333333,0.7994559554714575,0.47368421052631576,33,4,0.123,0,0.4738273283480625,1
4162,0.7858955695123376,10.25,0.7069785155944699,0.5853658536585366,74,4.2,0.182,0,0.6595386833253244,1
10289,0.7721364640692238,6,0.7642977396044841,1,88,4.1,0.126,0,0.46447662552240254,1
11559,0.8512841747341899,6.666666666666667,0.793844718719117,0.6388888888888888,32,3.4,0.01,0,1.3956224586901982,0
27050,0.8282907492137915,7,0.7979694910895578,0.5652173913043478,18,3.8,0.204,0,1.2342557163718368,0
11147,0.8163317459664365,10.833333333333334,0.5772728718758743,0.5384615384615384,50,4.8,0.026,0,0.8748542208666009,1
14953,0.9261776267432781,97.83333333333333,0.8553964711897035,0.6486486486486487,35,4.3,0.011,0.000424358158285593,0.2941982945995653,1
2219,0.6816148368927838,17.333333333333332,0.723986536646013,0.627906976744186,1,3,0.116,0,0.4835511491662911,0
11505,0.583048681616668,19.166666666666668,0.676386190157767,0.7959183673469388,35,2.8,0.194,0.01665493631797588,0,0
20645,0.6470924532909643,7.583333333333333,0.8631879165056183,1,7,4.1,0,0,0.7426495519496246,1
9546,0.5577197003822076,94.08333333333333,0.8588280017145463,0.6923076923076923,68,4.2,0.116,0,0.5794049863817305,1
12151,0.5953501219000746,19.416666666666668,0.7673281344475571,1,14,4.4,0,0.005775529685368941,0.5904040819685623,1
13324,0.8031455032480425,11.583333333333334,0.8054891246820752,0.8095238095238095,20,2.9,0.137,0.07752619019342286,0,1
20809,0.7085551711870496,7,0.8065705141753343,0.5531914893617021,82,3,0.056,0.03401187320504976,0,1
22928,0.6172157538487307,9.833333333333334,0.7657580515070297,0.6976744186046512,28,5,0.132,0,0.5974790648988136,1
12522,0.5733714463513098,18.75,0.7545072981397071,0.6666666666666666,14,4.9,0.112,0,0.5413888112446592,0
10919,0.5947082137255587,10.583333333333334,0.7516250347151574,0.7073170731707317,1,3.8,0.044,0.002033492822966507,0.8378056598589615,0
15242,0.7686349556132318,11.666666666666666,0.7949614272227525,0.6666666666666666,40,3.6,0.105,0.007861646939195636,0.4536150111533919,1
17339,0.7443947551490648,6.75,0.8276019747682847,0.35,46,4.8,0.157,0.0907845219432119,0.06696080975862964,1
2272,0.6630065147642772,10.25,0.5671161134317354,0.8536585365853658,32,4,0.193,0,0.42473591549295775,0
22265,0.5699837985764613,18.166666666666668,0.6986409595292322,0.9772727272727273,1,4.2,0.227,0,0.41038424397583595,1
22629,0.6142733143035879,6.25,0.8383419246269048,0.7142857142857143,15,4.7,0.086,0,0.5262832269041253,1
13321,0.9093541008454868,96.66666666666667,0.8540478797581497,0.9375,20,3.9,0.128,0,0.8068766187455426,1
22637,0.8082207958475578,7.25,0.8394914937497823,1,48,3.9,0.123,0,0.25710688489828376,1
4469,0.6513338971913534,93.58333333333333,0.841238565373787,0.868421052631579,1,4.1,0.089,0,0.503244573730141,1
14139,0.6616083216882893,6.25,0.7921539030917347,0.46153846153846156,16,4,0.152,0.0063765229887058515,0.13883584411910319,0
25731,0.8096652935859862,6.5,0.7779422041578362,0.7608695652173914,81,4,0,0.0029029014512090188,0.360343554467374,1
1781,0.7377911767539387,7.416666666666667,0.7980651600493098,0.7317073170731707,33,3.5,0.174,0.10120563802027759,0,1
15010,0.904396726286167,7.25,0.8121823604785265,0.7272727272727273,43,3.9,0.122,0,0.776374962523735,1
22698,0.8876468103840914,6.833333333333333,0.7944841518737473,0.8,36,3.9,0.151,0,0.7153934267336329,1
24772,0.8153169201411626,97.58333333333333,0.872729672699356,0.36585365853658536,50,3.8,0.139,0,0.7434349958621803,1
17469,0.5870266027723148,16.416666666666668,0.7282011465943644,0.6078431372549019,16,3.8,0.118,0.014226887196761675,0.6208317829235481,0
18176,0.9301179232582734,105.08333333333333,0.9034628746403692,0.925,41,4.2,0.005,0.07218637637206786,0.14001980633802816,1
2012,0.6404826245199831,10.583333333333334,0.6351517216313987,0.9574468085106383,33,4.6,0.095,0.010935317221375246,0,1
7905,0.7860490008323404,6.416666666666667,0.7754335523923301,0.5348837209302325,3,4.3,0.162,0.029192692771303468,0.43377609108159393,1
24439,0.8275706030132957,97.08333333333333,0.8436471792009221,0.8372093023255814,32,3.7,0.024,0.005386978429801567,0.3798846106632841,1
9434,0.7403364767912681,5.583333333333333,0.8456107398091254,0.9772727272727273,1,4.5,0.142,0.017677423189542792,0,1
24247,0.8452142027696427,11.75,0.7196113843862298,0.65,2,3.6,0.065,0.16112280790445702,0.07217536551667252,1
6980,0.7157867699254243,11.666666666666666,0.7150008950962856,1,59,3.7,0,0.004816594946068638,0.34271795973923636,1
16740,0.6314856843532108,17.583333333333332,0.6812642051685237,0.9090909090909091,70,3.9,0.144,0.006136762422170652,0.4115292712066906,1
11964,0.6850105003998224,18.583333333333332,0.7098339368818514,0.6122448979591837,18,4,0.055,0.008117250483002587,0.44886529861662555,1
12668,0.7957338261726905,100.33333333333333,0.8723413551040475,0.9777777777777777,17,4.1,0.226,0,0.8560489441484113,1
10675,0.5083939813789049,17.583333333333332,0.7409788924750766,0.8260869565217391,44,4.3,0.182,0.001483188559948,0.3089606070541946,1
6584,0.6165320085086262,18.916666666666668,0.7415106501818396,0.972972972972973,17,4.1,0.044,0.08298118812371337,0.08186512758201701,1
17751,0.8662070444429161,94.75,0.8477181632664055,0.7948717948717948,62,4.1,0.088,0,0.6193628348497225,1
14475,0.8727131383165352,10.666666666666666,0.7857607937374673,0.7209302325581395,47,4.1,0.215,0.08167709094541332,0,1
15099,0.7097275570881263,18.416666666666668,0.749736528343442,1,44,4,0.241,0.09829249545946757,0,1
12544,0.7965308432243143,96.08333333333333,0.8600145517979062,0.7045454545454546,42,3.9,0,0,0.4377566070076135,1
8788,0.7287239134068162,17.833333333333332,0.7830245464253476,0.6428571428571429,26,4.4,0.209,0.0010327321453345534,0.2885753299954483,1
11275,0.9084221730781279,6.416666666666667,0.7193482755198142,1,1,2.5,0.157,0,1.229943678211894,0
12235,0.6502488039439807,19.583333333333332,0.7702521704392665,0.5319148936170213,29,4,0.116,0,0.943359215365754,0
19330,0.7474107051984291,10.583333333333334,0.7457046415440135,0.46808510638297873,63,4.9,0,0.04783670288233246,0,1
9833,0.7243522658543116,98.25,0.8520886348159428,0.7948717948717948,18,3.8,0.156,0,0.3755911517925248,1
5737,0.802571235392173,7,0.7391797345213494,0.47368421052631576,47,4.5,0.101,0.007384137318586508,0.10371274185114171,1
20007,0.7669527867318112,6.166666666666667,0.7924014662738215,0.725,53,4.1,0.028,0.019582519302762592,0,1
7235,0.8942104224185824,102.08333333333333,0.8538000433585933,0.7380952380952381,17,4.5,0.157,0.11347244420455031,0,1
1963,0.8469946724650959,88.5,0.8592853571132004,0.7777777777777778,32,3.5,0.024,0,0.9681528662420382,1
10807,0.8135057875020069,101.41666666666667,0.8684188014623351,0.6428571428571429,38,4,0.203,0.008073232793785154,0.1177994725396752,1
9713,0.705051528826508,95.5,0.8277017521266562,0.9047619047619048,23,3.5,0.178,0,0.6075362915680016,1
1965,0.8639159904113309,6.416666666666667,0.7665947953816697,0.5277777777777778,20,3.7,0.289,0.05048621507024584,0,1
1914,0.707502023195778,11.166666666666666,0.7317581976774414,0.6382978723404256,14,3.6,0.209,0,1.1246407107394827,0
3987,0.8598794341008198,96.58333333333333,0.8617048121379608,0.575,49,3,0.147,0,0.4966762824532798,1
12364,0.6483464036110129,18.5,0.736573125815974,0.8636363636363636,25,4.6,0.104,0.013717727269700601,0,1
9311,0.7242561422876999,96.83333333333333,0.8742367279715555,0.675,22,4.4,0.076,0,1.0054773923316507,1
15174,0.8200731135528325,6.75,0.7647832236634858,0.6,1,3.6,0.031,0,0.9845454245889215,0
22610,0.6967172725223489,5.75,0.7238759582136572,0.5116279069767442,55,3.9,0.15,0,0.574657231313578,0
18672,0.7450438319556023,18.166666666666668,0.7132385393011416,0.45454545454545453,39,3.8,0.001,0.0210850955923501,0.09618937953565594,1
26019,0.8119313891852358,11.083333333333334,0.6345060269853644,0.5681818181818182,73,4.2,0.266,0.02181567983167831,0.09174065106268496,1
4851,0.8346762146876994,10.166666666666666,0.669274737674885,0.7567567567567568,4,3.8,0.14,0.032036075528221936,0.1591588496031337,1
13317,0.8579703861251844,9.5,0.7165702733087103,0.358974358974359,59,4,0.163,0,0.6291442946720234,1
2090,0.656610493776389,97.25,0.8708071690255266,1,43,4.8,0.117,0.02148228873228881,0.0641301746829385,1
18979,0.7160420446979407,14.083333333333334,0.8024164750643313,0.7619047619047619,3,4.5,0.101,0,0.5413351599135887,1
11037,0.7445793016851548,99.25,0.8778315891714851,0.8723404255319149,1,4.1,0.229,0,0.7205762435444414,1
14983,0.7433017898761407,6.25,0.73770245902792,1,28,3.4,0.022,0,0.8589067609957952,1
18030,0.6519676028560868,6.833333333333333,0.7859764783562897,0.5348837209302325,44,3.3,0.042,0.07466194824322188,0,1
20873,0.9314868086925311,6.083333333333333,0.7116771893171345,0.9545454545454546,23,3.3,0.167,0,0.19115603890193072,1
15736,0.822217621868264,97,0.9133366308390481,0.9111111111111111,1,4.2,0.092,0,0.37272409519875443,1
11338,0.5290892449509881,19.333333333333332,0.7832792225866114,0.38636363636363635,17,3.6,0.251,0,0.4892397248191921,0
15707,0.7616467036492425,100.5,0.8798736669885608,0.9318181818181818,79,3.5,0.121,0.001095290251916758,0.49215293031547447,1
10570,0.8155535190757188,12,0.7174029173697805,0.5588235294117647,50,4.3,0.146,0.15423631360414738,0.05421002838221381,1
9522,0.8113848823112902,98.66666666666667,0.8646960513885082,0.7272727272727273,35,3.5,0.155,0,0.6519638731358958,1
14851,0.6654879158151163,19.166666666666668,0.7472270981956759,0.6590909090909091,5,4.6,0.094,0.04065704068999507,0.03925661571611339,1
12308,0.3527203290603542,18,0.7278344730240913,0.4634146341463415,20,3.5,0.074,0.08490557296880573,0,0
18318,0.7317936644100442,11.916666666666666,0.7566473756460795,0.7631578947368421,25,4.6,0.065,0.0010362460859183167,0.7584004367408216,1
26329,0.7037208146736218,16.416666666666668,0.7714608287413112,0.7317073170731707,33,4.8,0.115,0.0012250713683979897,0.1337688480382848,1
17266,0.8008685001305703,11.166666666666666,0.7367881777828598,0.6190476190476191,87,4.4,0.008,0.00040579819561360465,0.3834815093683936,1
14291,0.7832090386715742,101.16666666666667,0.8741993660585667,0.7555555555555555,8,3.4,0.13,0.0009295600082627557,0.5033237702050242,1
23976,0.8729325465959298,96.58333333333333,0.8569421041620581,0.39473684210526316,25,3.8,0.059,0,0.5108858858858859,1
19562,0.8269724105524543,100.91666666666667,0.8870573613114322,0.7380952380952381,27,3.6,0.243,0,1.0119619670790307,1
4017,0.5797307069809426,6.166666666666667,0.782101141937877,0.5365853658536586,72,4.3,0.201,0,0.2974856858352004,0
20658,0.6975591922480736,16.166666666666668,0.7502259496992636,0.7021276595744681,35,3.6,0.161,0,0.6364120437602866,1
11676,0.7758777459878499,95,0.8632253877645054,0.813953488372093,49,3.8,0.069,0,0.2267997087919147,1
21702,0.7126584926476218,18.166666666666668,0.7550269738932351,0.7368421052631579,17,3.8,0,0.003939372472537462,0.07455705826786167,1
4756,0.8616941318855373,9,0.623203889826374,0.6341463414634146,20,4.3,0.071,0.009843728495148007,0.38061192303648406,1
26368,0.7279434845814252,8.5,0.7304367238261271,0.7441860465116279,37,4.4,0.238,0,0.5656205556082299,1
16043,0.8441186011227928,12.166666666666666,0.8167248197224706,0.7804878048780488,36,4.7,0.032,0,0.6478214797731098,1
12449,0.9203002660224351,6.916666666666667,0.7916672714964991,0.5833333333333334,1,4.2,0.109,0,0.20773587179178216,1
19397,0.7109103019528501,11.333333333333334,0.713329578093854,0.6041666666666666,41,4.4,0.239,0,0.9943030959193669,0
5375,0.5154725653863522,6.25,0.73770245902792,0.46511627906976744,58,4,0,0,0.7997022978881756,0
20114,0.6221689265305015,17.416666666666668,0.7077420468119531,1,39,3.7,0.06,0.05483221190763037,0.24018693912049122,1
24833,0.5509132696264583,6.583333333333333,0.7994559554714575,0.7692307692307693,60,3.9,0.133,0,0.918535819272742,1
21087,0.5932326685476638,94.25,0.8880376830441696,0.6585365853658537,40,4.1,0.019,0.1427190318625951,0,1
17574,0.8049336547369595,6.25,0.8026846855073502,0.7804878048780488,13,4.6,0.218,0.06455940793163907,0.013030984152274732,1
12123,0.7433945769401331,10.416666666666666,0.6877949391825943,0.2857142857142857,48,4.7,0.14,0.011029581321602434,0.12282944937100433,1
14154,0.8499848857688548,6.916666666666667,0.791667271496499,0.7317073170731707,1,4.1,0.014,0,0.8235127879044793,1
20040,0.5522016587076646,17.166666666666668,0.7418497902852752,0.6578947368421053,21,4,0.01,0,0.704441117764471,0
1816,0.8092657218275484,9.833333333333334,0.7189301025122543,0.75,33,4.1,0.173,0,0.6090308370044053,1
18862,0.8109131730070573,98.66666666666667,0.8822161433462141,0.9565217391304348,59,3.9,0.163,0,0.5189937173607614,1
13633,0.7353889062996508,6.666666666666667,0.8031498031497047,0.6666666666666666,21,3.9,0.127,0,1.0286804078339324,0
16841,0.8908260971402812,10.75,0.6752502315402572,0.55,8,4.7,0,0,0.6155399186484962,1
14438,0.7979598749863801,100.33333333333333,0.857684717670406,0.6428571428571429,1,4.3,0.08,0,0.23313478321097106,1
25803,0.7418614182939711,96.83333333333333,0.8728312463885309,1,28,5,0.112,0,0.4087200852630559,1
7758,0.7546728283628635,11.416666666666666,0.6956108107738241,0.6,84,4.7,0.126,0,0.5292601185872647,1
12738,0.7290787051198502,18.333333333333332,0.7692985901736451,0.5777777777777777,40,3.7,0.024,0,1.3117173699705593,0
13375,0.5738139417186265,19.333333333333332,0.7598553745313082,0.4418604651162791,1,4.2,0.186,0.0006906101456649709,0.5478335638715466,0
23799,0.7384486363897285,101.08333333333333,0.8631318359451644,0.6585365853658537,19,4.8,0.089,0.00010490811725944263,0.1146686835581327,1
27221,0.7232152185552445,9.833333333333334,0.5956996460380826,0.7755102040816326,53,4.7,0.139,0,0.7342995169082126,1
34124,0.7299174159288133,6.416666666666667,0.6853495729977737,0.7692307692307693,25,3.3,0,0.11884103810671914,0,1
28500,0.9000853849715976,97.08333333333333,0.9243709112363877,0.6521739130434783,57,3.6,0.167,0,0.23080701754385965,1
8481,0.6256276218639314,19.833333333333332,0.7756129424736354,0.7441860465116279,1,3.5,0,0.0428262643502396,0.38452921407935853,1
24993,0.8051812963258114,6.5,0.6891190858209707,0.40540540540540543,37,4.7,0,0,0.8975892767830349,1
13289,0.7227504704914176,93.41666666666667,0.8478912318913476,0.6341463414634146,65,3.8,0.18,0,0.6498852391165293,1
14900,0.7631601137551755,95.5,0.8410525469589707,0.9375,40,4.1,0.103,0,0.8071411792342025,1
1811,0.5848985014352299,10.25,0.6835528381133567,0.9591836734693877,1,4.2,0.126,0,0.4632799558255108,0
5923,0.6429946414865362,18.916666666666668,0.7958778354501658,0.575,17,3.5,0.277,0,0.7316167159138878,0
14876,0.81989806339597,11,0.7007815506343712,0.75,21,3.8,0.108,0.006286576356681659,0.2543780041007025,1
15255,0.5116421909846125,21,0.7961074193862678,0.6,4,4.4,0.304,0.11667952141758604,0,0
9337,0.7020005819710453,103,0.8543150045909724,0.7659574468085106,1,3.5,0.073,0.05362183913338303,0.09885402163435793,1
18900,0.704748016930342,18.75,0.8112811222616698,0.7027027027027027,39,4.9,0.158,0.00858028515182602,0.41069869573269135,1
13858,0.5386344307423083,16.25,0.6535898384862247,1,38,3.1,0.1,0,0.7483312285765831,0
14571,0.7720146466504905,6.916666666666667,0.8091207287017487,0.4,69,4.5,0.111,0,0.5600851005421728,1
2053,0.6917150118640698,21.166666666666668,0.8508086982559337,0.5813953488372093,45,3.5,0.17,0.003646255050020905,0.5060886507549927,1
22357,0.6740434001621302,18,0.8102416524822297,1,63,4.8,0.133,0.06141768925360442,0.09424552143671863,1
12585,0.8510400543051335,10.583333333333334,0.7232868757353452,1,59,3.6,0.049,0,0.648893480074695,1
10434,0.7144044970469395,11.333333333333334,0.7178922633345459,0.575,82,4.6,0.151,0,0.5836967460583696,1
23463,0.7492227208396983,6.25,0.73770245902792,0.7777777777777778,8,4.2,0.137,0,0.4032732387162767,1
14790,0.778347320548082,99.16666666666667,0.864844269324249,0.2978723404255319,9,3.7,0.123,0,1.658271070692045,0
20409,0.6740865394980371,10.5,0.6877410226522858,0.5277777777777778,84,4.3,0.308,0,0.23930618844627372,1
9465,0.8226393198292774,11.75,0.7174668895455023,0.8372093023255814,39,4.5,0.082,0.02983442496262603,0,1
24614,0.8780793617670544,98.16666666666667,0.9133792800079857,0.6829268292682927,11,3.9,0.276,0,0.8160562293050562,1
27376,0.7466056641327595,11.833333333333334,0.7116973311202996,0.6216216216216216,51,4.6,0.153,0.0009570395576350489,0.22253068381063706,1
22209,0.6394354577005563,18.166666666666668,0.7449277289090304,0.5348837209302325,10,3.3,0.089,0,0.4827772524652168,1
38946,0.6400913596161373,17.75,0.7532195004516165,0.631578947368421,21,4,0.023,0.0000936181086058171,0.6298031865042174,1
1963,0.8133064713464702,11.25,0.6244071901011194,0.9534883720930233,1,3.7,0.059,0.04508796549475078,0.24356687898089172,1
8019,0.8521404952233642,12.166666666666666,0.7703691148734217,0.6818181818181818,9,4.2,0.149,0,0.45731745338903784,1
11663,0.7121357699813646,6.583333333333333,0.7811187789140432,0.44680851063829785,27,4.7,0.175,0,0.21239013933547696,1
10245,0.7635550816975301,102.16666666666667,0.895277299538636,0.8292682926829268,50,4.1,0.314,0,0.12542703757930698,1
12648,0.7477340664789551,9.5,0.6741372698068998,0.7391304347826086,44,4.4,0.099,0,0.5363693864642631,1
7072,0.6549838361746454,17,0.7721774502230931,0.925,66,3.4,0.057,0.015348542890191427,0,1
14139,0.877581178079491,7,0.8065705141753343,0.5,5,4,0.08,0,0.46601598415729545,1
11231,0.7749498319922832,10.5,0.6555153267585603,0.8333333333333334,50,4.2,0.016,0,0.7229419883353368,1
20481,0.7582562553564314,20.166666666666668,0.7783952449951749,0.5531914893617021,61,4,0.178,0,0.10649154073386881,1
15225,0.6193696050441311,17.416666666666668,0.7406098340970373,0.9791666666666666,44,4.8,0.113,0.11442983600490003,0,1
18275,0.5468060372175685,20.25,0.7846277513065099,1,62,3.3,0.308,0,1.1043804208049468,0
18379,0.8904524315727272,6.75,0.7893984924786175,0.7222222222222222,27,3.8,0.171,0,0.6602823951900318,1
10494,0.6213934363272064,11.666666666666666,0.7193302470801642,0.6976744186046512,67,3.2,0.086,0,0.20935772822565277,1
29788,0.8355420078442474,94.25,0.8602362793517263,0.5555555555555556,20,3.9,0.154,0,0.822559798573227,1
1919,0.9094143387348219,6.166666666666667,0.7450275369714432,0.6341463414634146,71,3.4,0.206,0,0.9872296064633829,0
13237,0.9296006960607315,6.25,0.7633568086760154,0.4222222222222222,12,3.8,0.112,0,0.5054206172326521,1
14985,0.6542650904681631,6.166666666666667,0.7126987618179825,0.7368421052631579,57,4.2,0.129,0,1.1936334212019086,0
19358,0.510692133221301,18.25,0.7390060426951006,0.9117647058823529,7,3.1,0,0.0064618058176559,0.37850962159369755,1
20572,0.888015847230976,7.083333333333333,0.8049044240967411,0.627906976744186,13,3.6,0.262,0.09325809005182988,0.09279603344351546,1
33961,0.8747856260764222,5.916666666666667,0.8246493014367784,0.65,1,4,0.161,0,0.4734618159332165,1
8845,0.7132784802888557,101.25,0.8643322778487293,0.7317073170731707,9,4.3,0.206,0.032837534901886734,0.006105489287127594,1
25644,0.8286568378234602,99.91666666666667,0.8722574549342782,0.46808510638297873,12,3.8,0.097,0.01925431267317243,0.21954453283419123,1
22161,0.6193518159126294,17,0.8124399365714805,0.9333333333333333,37,3.6,0.122,0,0.9351323300467047,1
12211,0.7455073436288174,6.666666666666667,0.7849418683239343,0.25,29,3.3,0.093,0,0.5466606609065968,0
33755,0.7278512069684248,16.916666666666668,0.7475159206159705,0.6428571428571429,23,4.1,0.039,0,0.599090491638152,1
11996,0.7412995895757426,97.16666666666667,0.8612329772200282,0.7391304347826086,10,4.6,0.072,0,0.3668875828435663,1
11312,0.817901573053637,7,0.7391797345213494,0.8222222222222222,26,3.7,0.102,0,0.31613844317729745,1
21204,0.692611226252366,17,0.7785962786149762,0.9285714285714286,40,3.8,0.098,0,0.7810974603249463,1
16387,0.7786813911599325,6.166666666666667,0.7450275369714432,0.7045454545454546,7,4.1,0.048,0,0.6510038445108928,1
20117,0.6103301034712112,18.833333333333332,0.8409539756140582,0.7954545454545454,14,4.7,0.055,0.0025216195768424004,0.5372206894837571,1
22502,0.7654920282262333,9.416666666666666,0.6982054353100897,0.6744186046511628,9,5,0.178,0,0.7476224335614612,1
22740,0.6968912186425233,19,0.7307717674873192,0.8604651162790697,38,4.5,0.363,0,0.742584489544625,1
19848,0.6959687394289985,100.5,0.8943444747184314,0.4186046511627907,1,3.8,0.035,0,0.44272578410379143,1
14008,0.6449737023306463,19,0.7377207651276131,0.8604651162790697,54,3.4,0.201,0.016256923957133768,0.057324386065105655,1
29690,0.687277128973913,5.583333333333333,0.7873461664361939,0.8837209302325582,58,4,0.12,0,0.7321106788595295,1
8323,0.8053661800386457,98.83333333333333,0.9250953378937173,0.5135135135135135,55,3,0.063,0,0.8393608074011775,1
29185,0.8630764953155025,95.25,0.8720534133438709,0.9487179487179487,47,3.6,0.132,0.0004614066310724408,0.5878019530580778,1
24416,0.8315279106641652,6.666666666666667,0.7238659745703184,0.6666666666666666,63,3.8,0.106,0,0.43000491480996067,1
27947,0.7824091564585944,7,0.8065705141753343,0.75,1,4.3,0.101,0,0.736192367559444,1
23411,0.6262705489664011,20.5,0.7786884944907935,0.975,47,3.9,0.178,0,0.20934603391568066,1
17897,0.6670415698440131,17.833333333333332,0.7292944232156964,0.717391304347826,57,4.1,0.157,0.0015550832321367886,0.22556853103872157,1
4556,0.8078286627138225,10.25,0.6688550917981089,0.6,11,3.6,0.146,0.05596149495681249,0.20700252442102954,1
16837,0.739595976480649,17.75,0.7386447763433468,0.75,66,3.6,0.134,0.044048559031783556,0.36515902948950196,1
20699,0.7782662084660665,95.5,0.8659372309800445,0.6428571428571429,19,3.6,0.156,0,0.7585573833852695,1
21680,0.6240298990055546,18.083333333333332,0.6827631561383278,0.46511627906976744,46,3.4,0.046,0.05136626029548024,0.010470479704797048,1
9996,0.8460185243928849,7.583333333333333,0.8259013239807158,1,22,4,0.099,0,0.9036614645858343,1
16700,0.6964478826200757,102.16666666666667,0.8653295052687412,0.4146341463414634,56,3.9,0.167,0,0.5642683912691997,1
14681,0.7395583693873984,6.416666666666667,0.8043309198270212,0.7272727272727273,1,4.1,0.12,0,0.9462211777528013,0
7201,0.8120075469511743,6.833333333333333,0.7859764783562897,0.8222222222222222,33,3.3,0.118,0,0.6253732379695854,0
5507,0.822225750798995,10.25,0.747705355297839,0.35555555555555557,46,3.1,0,0,0.36375192953781893,1
36776,0.7413090519699399,9.5,0.6241353458661658,0.4878048780487805,44,4.4,0.004,0,0.4393626278007396,1
8586,0.6808966088176843,16.5,0.8059659321990046,0.5454545454545454,44,3.7,0.037,0,0.2704560013977054,1
21220,0.5810681635540816,20.416666666666668,0.8077295393744673,0.782608695652174,1,4,0.156,0.1436905141880378,0.1260603204524034,1
1935,0.7291910463873045,10.416666666666666,0.6733687093985024,0.7317073170731707,24,4.8,0.236,0,0.3876970793486689,0
2012,0.8286522668040858,94.66666666666667,0.8706734670971341,0.45,46,4.2,0.007,0,0.6953280318091452,1
17826,0.6943649121187817,92.25,0.8555019242626745,0.6052631578947368,88,3.9,0.211,0,0.4190064794816415,1
35627,0.7009877097819301,20.083333333333332,0.8120831224195144,0.45454545454545453,1,3.7,0.226,0.10816513296473262,0.09748361472499403,1
13847,0.910260726539226,95.91666666666667,0.8527143273288511,0.7619047619047619,24,3.7,0,0,0.8673358850292482,1
11826,0.6451760635911055,17.083333333333332,0.8081369713239304,0.6190476190476191,1,4.2,0,0,0.2202866686398038,1
11345,0.6338164504711865,19,0.7726055895295487,0.35714285714285715,21,4.7,0.084,0,0.15495813133539005,1
2009,0.9029108776635577,6.083333333333333,0.7829728833184266,0.6190476190476191,1,4,0.022,0,0.7889497262319562,1
16008,0.8590563184256623,9.416666666666666,0.641292598238739,0.8636363636363636,1,4.3,0.183,0,1.0288927065438076,0
13086,0.8334807168185083,102.5,0.8813453697615738,0.42857142857142855,39,3.8,0.031,0,0.6872994039431454,1
35356,0.6706776412542226,18.583333333333332,0.7743989017380222,0.7254901960784313,23,4.2,0,0.0025075866786198747,0.5603857902477656,1
1853,0.9300617033864125,5.583333333333333,0.8291712963841851,0.7111111111111111,1,3.3,0,0,0.40582838640043173,1
1932,0.8285511393190241,10.833333333333334,0.6919233170076803,0.6888888888888889,40,4.4,0.18,0,0.7263784623349728,1
1949,0.7239850236731844,6.416666666666667,0.784634753873026,0.6976744186046512,34,3.2,0.164,0.10417465280329631,0,1
1869,0.8531217835534691,9.916666666666666,0.6330318393126377,0.95,71,4.3,0.112,0,1.2209737827715357,1
18715,0.8152981850920256,10.5,0.6621619578763054,0.725,37,4.2,0.091,0.04264780362919889,0,1
15527,0.7555679189875542,15.916666666666666,0.7520402044771808,0.975,27,3.6,0.263,0,0.9714359321160596,0
19606,0.7389089550431283,6.666666666666667,0.812917130661303,0.6666666666666666,12,4,0.145,0,0.5050113488561884,1
2016,0.7086952120134941,16.75,0.7610386077905905,0.8421052631578947,1,3.5,0.116,0,0.6438492063492064,0
16557,0.6315315052659678,17.75,0.7163215710794217,0.6153846153846154,1,3.8,0.02,0,0.5479418959321113,1
7296,0.6323242176866555,10.416666666666666,0.721604597739115,0.4883720930232558,18,3.8,0.318,0.001075573836370943,0.3657048865739154,0
22133,0.6136929337549758,94,0.8664904212977539,0.7631578947368421,7,3.8,0.032,0,0.8914944086750254,1
8371,0.9081089148499374,6.166666666666667,0.8032402732626887,0.9777777777777777,70,3.7,0.367,0.03248724896439751,0.08863935013737904,1
2006,0.7595693313337182,95.75,0.8774513660292289,0.6976744186046512,67,3.7,0.274,0.0013260173754000915,0.2746759720837488,1
10078,0.7150598835445414,10.5,0.6425926905016602,0.3953488372093023,17,4.8,0.125,0,1.319374844951625,0
12768,0.7928393547664176,99.75,0.8640057356253666,0.625,31,4,0.147,0,0.5994674185463659,1
16852,0.6088625026089074,10.916666666666666,0.6905806381754009,0.7608695652173914,13,4,0.292,0.012354981817430563,0.031331592689295036,1
21500,0.699881544191088,11.75,0.735108519191729,0.9318181818181818,63,4,0.001,0.03275118309466627,0.16148837209302325,1
9357,0.8100928610151357,6.5,0.8398718461949128,0.717948717948718,44,4.1,0.078,0.0013805220883534137,0.12793245337465933,1
18068,0.7341050754474978,100.16666666666667,0.878012659745298,1,1,4.5,0.143,0,0.694949494949495,1
34434,0.6124577163404201,17.5,0.7176387222785983,1,49,3.8,0.092,0,0.4048673530137802,1
17315,0.8711767089058877,6.75,0.7497143835467495,0.5,37,3.9,0.055,0,0.365116950620849,1
3832,0.7458668984651495,8.333333333333334,0.6738098713939982,1,37,3.7,0.17,0,0.7152922755741128,1
16691,0.5638321229902497,16.5,0.6974751690530921,0.8409090909090909,4,3.6,0.05,0.08583745123881037,0.10083580479913723,1
15675,0.6295920805705721,18.25,0.7876344117948222,0.6410256410256411,27,4.2,0.058,0.025246466329434256,0.24389932693227853,1
16463,0.6350116334540596,17.416666666666668,0.6697871232922753,0.7105263157894737,45,3.9,0.141,0,0.5087772580939075,0
6251,0.8166024553482119,8.333333333333334,0.6040202025355335,0.6976744186046512,17,2.5,0.087,0.10594303284777758,0,1
2203,0.7377221033520958,100,0.8486725404957844,0.625,1,4.4,0.199,0,0.2687244666364049,1
15202,0.6743757562928192,5.666666666666667,0.757464374963667,0.6136363636363636,55,4.3,0.103,0.08836427928117487,0,1
13519,0.7585598184249777,16.583333333333332,0.7737577048343632,0.4523809523809524,22,3.3,0.153,0,0.9144167468007989,0
15206,0.7144020639504565,18.083333333333332,0.8477866860376613,0.8947368421052632,43,4.2,0.197,0.06410427316005277,0,1
11994,0.7184827830050686,11.416666666666666,0.7019787494511882,0.7441860465116279,58,3.4,0.08,0,0.7854760713690179,0
11545,0.6939792167039968,5.416666666666667,0.7562618535730021,0.92,19,4.2,0,0,0.5205076010221318,1
11400,0.6888525370675862,12.666666666666666,0.8619988357670854,0.975609756097561,33,3.8,0.145,0,1.0348699504364227,1
10659,0.7910990953994681,7.083333333333333,0.8323787429555881,0.8,14,4.1,0.064,0,1.0013134440379023,1
13616,0.6741559758567442,19.25,0.7695033850740409,0.7073170731707317,36,4.6,0,0,0.49096650998824914,1
9636,0.6499845124249857,10.75,0.7338250432032651,0.9487179487179487,72,5,0.16,0.004879378816858411,0.3975922370401121,1
9174,0.8071837243170163,100.33333333333333,0.8750282865527972,0.4090909090909091,1,4.3,0.103,0.00014548099654482634,0.3630021256881234,1
12564,0.7544971544490829,6.166666666666667,0.7204302585732811,0.7619047619047619,17,4.2,0.149,0,0.9683607275042783,0
5267,0.7664363515564109,6.75,0.7029331008514577,0.5945945945945946,23,4,0.201,0,0.4714706161587392,0
15433,0.7716418746099606,10.25,0.7016138324633729,0.6052631578947368,2,3.7,0.317,0,0.44484043414871216,0
16658,0.6971324042811999,17.666666666666668,0.7233419188940532,0.4883720930232558,22,3.6,0.159,0.0005368310365819912,0.20440629127146115,1
2177,0.8336969181282409,99.16666666666667,0.8859988713807623,0.5,12,4.1,0.096,0,0.3799678382724558,1
8239,0.8870215664093427,93,0.8597333911874588,0.5952380952380952,1,3.5,0,0,0.5068576283529554,1
11327,0.8391093556957196,6.416666666666667,0.8043309198270212,0.8285714285714286,1,3.7,0.305,0.0828481846294639,0,1
1757,0.6897321755279543,14.916666666666666,0.6665314507056226,0.9210526315789473,28,3.8,0,0.0075000283406463876,0.41434262948207173,1
12691,0.7292010429359561,6.666666666666667,0.7849418683239343,0.5945945945945946,13,4,0.163,0.07633044504779653,0.161695756668374,1
16189,0.7871467924871837,6.333333333333333,0.7829944407569652,0.6585365853658537,96,4.1,0.164,0,0.4663042806844153,1
9390,0.6590178144952761,11.416666666666666,0.6956108107738241,0.46511627906976744,36,3.9,0.006,0.07901241957005048,0,1
15021,0.7148945186856555,12.916666666666666,0.7989621103111886,0.10256410256410256,55,3.7,0.046,0,0.7575394447773117,0
22592,0.7177873313881605,9.416666666666666,0.6771427195229256,0.6904761904761905,41,3.9,0.122,0.0919572576084326,0,1
10732,0.7476203084307248,17.666666666666668,0.7233419188940533,0.42105263157894735,40,4.8,0.048,0,0.32875180543260496,1
27461,0.8902670293478776,95.08333333333333,0.8911715459738272,0.6744186046511628,29,4.2,0.101,0,0.7238032810764553,1
13534,0.840830759964118,96.66666666666667,0.8711156441997879,0.7073170731707317,51,3.7,0.217,0,0.2943067203605867,1
13339,0.7615377561288122,10,0.7231125379027308,0.6808510638297872,28,3.7,0.144,0,1.1589758968399746,0
11736,0.7813364435539054,102.08333333333333,0.9027405946962798,0.5581395348837209,67,3.7,0,0.008627236164271431,0.12764688338801072,1
19042,0.6821124333087503,91,0.8418320277847318,0.6530612244897959,1,4,0.042,0.04293080583354134,0,1
12044,0.6281235227735993,18.166666666666668,0.7409982713120531,0.6585365853658537,4,3.4,0.17,0.0016153968128121779,0.628528727997343,0
12070,0.720720942229338,18.75,0.7735949221875551,0.3684210526315789,69,3.7,0.037,0.06526881620456512,0,1
21780,0.8999792149551324,95.83333333333333,0.8399338511031008,0.5,1,3.7,0.123,0,0.9101219036249685,1
12270,0.9120669103383524,90.08333333333333,0.8761823057395433,0.5714285714285714,29,3.8,0.246,0.03807346606991805,0.09715147316516566,1
5378,0.7497724087587895,9.583333333333334,0.6373798354435993,0.85,1,4.4,0.034,0,0.4319449609520268,1
7889,0.7082107776347509,19.166666666666668,0.790400507944453,0.717391304347826,38,5,0.046,0,0.6116111040689568,1
1863,0.6745718587070395,98.83333333333333,0.8678291861215096,0.7560975609756098,47,3.7,0.082,0,0.41181208053691276,1
20763,0.7338614107854938,11.083333333333334,0.6821584753707031,0.34782608695652173,33,3.9,0.083,0,0.5530162552679109,1
6570,0.6389528100148074,6.333333333333333,0.803070663854003,0.7045454545454546,81,4,0.155,0,0.5485540334855403,1
23634,0.7516288556894397,7.416666666666667,0.7766898099511035,0.2765957446808511,55,5,0.005,0.10698536725289508,0,1
6335,0.7119830638508493,96.58333333333333,0.8573172702969387,0.627906976744186,38,3.6,0.155,0.034478596819511716,0,1
10187,0.7850898127332143,102.83333333333333,0.8825099209112517,0.6666666666666666,7,4.8,0,0.08194145914293949,0,1
10185,0.9138513691994126,95.5,0.857608306079349,0.5454545454545454,15,4.3,0.207,0,0.5347079037800687,1
11490,0.675443807313174,19,0.8007400580420957,0.2857142857142857,5,4.7,0.088,0,0.8684451020496976,0
18085,0.5817040823053157,7.25,0.8394914937497823,0.6046511627906976,1,4.2,0.259,0.0001758136005700062,0.5567597456455626,0
15061,0.726897052623415,17.416666666666668,0.7322711036643488,0.38636363636363635,36,5,0.144,0.0013026018850391611,0.36572490953155606,1
15911,0.7318479542838523,6.666666666666667,0.812917130661303,0.6590909090909091,30,3.2,0.152,0.024361431625702788,0.1884231035132927,1
20978,0.8377183023952477,7.083333333333333,0.8425989628204746,0.9574468085106383,60,3.2,0.07,0.0069719453508795505,0.10458824931474199,1
21719,0.7834249474919053,11.666666666666666,0.6786508034513716,0.6363636363636364,46,4.1,0.333,0,0.6448419550153095,1
17109,0.7391388635537041,97.08333333333333,0.8845724930246766,0.7142857142857143,13,3.9,0.094,0,0.7130749897714653,1
16124,0.7345369960573753,18.75,0.8176694089176354,1,30,4.1,0.216,0.002954232803249924,0.3161224299934878,1
9703,0.6863969078150447,19.5,0.7483344980455477,1,36,3.5,0.077,0,0.4417418191187838,1
7063,0.7259685820155233,101.83333333333333,0.8859140299977516,0.5,33,3.7,0.129,0,0.38739823008849555,1
1679,0.7118128292913167,11.5,0.6795167480073045,0.75,39,4.5,0.316,0,0.6315162347333929,0
10123,0.757477501123462,6.5,0.7448750161265076,0.875,1,4.2,0.122,0.0032679738562091504,0.6744048207053245,1
16256,0.7099004391825937,6.666666666666667,0.7377977879574621,0.8372093023255814,20,4.4,0.144,0.034581269020186066,0,1
14223,0.8318513971115351,9.666666666666666,0.7094431112697808,0.5365853658536586,15,4.6,0.121,0,0.7814807002742038,1
5883,0.7158028333850177,16.333333333333332,0.7918767545472333,1,38,4.2,0.054,0.01338925856697683,0.2350841407445181,1
8453,0.7440597201887365,12.416666666666666,0.755148505410004,0.9523809523809523,7,4.4,0.176,0,0.9151138716356108,1
25427,0.8482870848707298,6.916666666666667,0.7533796446932685,0.5476190476190477,43,4,0.147,0,1.298108310064105,0
10951,0.5870039486920776,16.916666666666668,0.7533499947365508,0.7727272727272727,47,3.6,0.144,0.022136420800525622,0.3342313136386466,1
39391,0.5685746279271294,17,0.7539235216076248,0.3,48,4.1,0.185,0,0.47381982965435826,1
23024,0.5505125283127041,19.166666666666668,0.8132964299688358,0.8043478260869565,30,4.6,0.038,0,0.6082348853370396,1
17224,0.5380770497525788,9.583333333333334,0.7034540364351316,0.47619047619047616,70,4,0,0.005046843631496766,0.48079658605974396,1
7847,0.5845089787782727,92.91666666666667,0.899956775011929,0.9777777777777777,40,3.4,0.194,0,0.5987001401809608,1
20200,0.7299229246863431,19.583333333333332,0.7591699881390465,0.7555555555555555,59,4.2,0.101,0.0013703384556465125,0.3023267326732673,1
10420,0.7072644729843206,11.666666666666666,0.6291212861215094,0.9230769230769231,12,3.9,0.074,0,0.7079034502615289,1
5646,0.7300959882335597,10.333333333333334,0.7197073032744714,0.6904761904761905,1,3.6,0.14,0,1.0710237336167199,0
16945,0.7875290135912342,95.75,0.8506414825280192,0.6818181818181818,66,3.6,0.084,0,0.3833579226910593,1
9306,0.7489605710047678,11.833333333333334,0.7589120736813565,0.6829268292682927,90,3.8,0.151,0.011380019184322793,0.4284562892912793,1
24629,0.7741834293925322,10.666666666666666,0.6744895835000053,0.5813953488372093,1,4.1,0.091,0,0.5601526655568638,1
4252,0.8124230850099781,11.666666666666666,0.7750283464568054,0.5681818181818182,46,4.2,0.13,0.08472229368063618,0.06139009761260732,1
14567,0.5437113947497983,17.75,0.7865527150860224,0.7,35,3.8,0.107,0.039319380543811996,0,1
4463,0.813380202336864,5.75,0.763186454516403,0.4358974358974359,32,4.6,0.02,0,1.0445888415863769,1
2123,0.7149241747071841,19.25,0.8383129922339125,0.5789473684210527,1,3.8,0.021,0,1.4912859161563825,0
18681,0.7700851124352913,6.75,0.7497143835467495,0.6111111111111112,89,4.3,0.06,0.00484745879124008,0.31524852118519314,1
7344,0.6693212761123173,10.833333333333334,0.6508675163719934,0.7317073170731707,24,3.5,0.22,0,0.6628991625246817,0
14232,0.8186043865321092,97.16666666666667,0.8879811878747466,0.926829268292683,13,4.4,0.191,0,0.6807897695334457,1
20780,0.754966478247053,104.25,0.8696993326507786,0.35714285714285715,22,3.8,0.192,0,0.6941456724175269,0
8816,0.6315492228613881,10.166666666666666,0.6048534166165918,0.9523809523809523,63,3.7,0.035,0,1.3119328493647913,0
15654,0.6527634998407728,5.833333333333333,0.7492867317887966,0.9787234042553191,37,3.6,0.095,0.059915809722529745,0,1
22165,0.5853135291231077,16.75,0.6441829443594284,0.2727272727272727,34,4.6,0.102,0,0.43230318069027746,0
19024,0.7181985522611416,97.33333333333333,0.8548656157505679,1,34,4.6,0.12,0,0.5663898233809924,1
19689,0.6897049141822835,16.75,0.712517010682713,0.4634146341463415,40,3.4,0.117,0.03597654291072567,0.2559804967240591,0
4538,0.8232152713470924,8.75,0.6382205730814747,0.4318181818181818,34,4.3,0,0,0.4130027548209366,1
9447,0.5691857383601308,19.416666666666668,0.7571027777368065,0.9047619047619048,8,3.6,0.16,0.0009481783763634219,0.30866941886313115,1
9271,0.7940249681445912,12.416666666666666,0.7125040269717597,0.7948717948717948,50,3.4,0.003,0,1.2748355085751268,1
8265,0.550369589012977,17.333333333333332,0.7342254815175913,0.4878048780487805,1,3.6,0.19,0,0.8762250453720508,0
24387,0.7297483670779474,20.833333333333332,0.8153056579101569,0.525,27,3.7,0.067,0,0.21503259933571164,1
19728,0.8764754691309748,6.583333333333333,0.7994559554714575,0.6944444444444444,22,3.8,0.104,0.022763543154113098,0.039943227899432276,1
2237,0.603649800618252,18.666666666666668,0.7455748777004463,0.5454545454545454,23,3.1,0.132,0,0.45149754135002235,0
11697,0.8013056987288085,97.75,0.8814207214517252,0.8571428571428571,27,4,0.143,0,0.1867145421903052,1
24502,0.8466676614004632,97.75,0.8768034823037966,0.6590909090909091,1,3,0.113,0,0.41951677414088645,1
28660,0.7167157691714989,6.5,0.7692307692307692,0.7906976744186046,12,3.5,0.228,0.0014619481660443662,0.32274947662247033,1
17155,0.6698928042695569,17.916666666666668,0.723304675018868,0.7441860465116279,39,4.5,0.178,0,0.6428446517050422,1
7213,0.7012917861620558,11.5,0.6895031118024848,0.7916666666666666,42,4.7,0.25,0.01357195013761008,0.08789685290447803,1
19597,0.8288852063281795,10.166666666666666,0.6323334181638393,0.7368421052631579,19,4.7,0.115,0.024390277473561473,0.1721692095728938,1
2309,0.6441000397543817,17.333333333333332,0.7448750161265076,1,1,3.8,0.175,0.08523927621252887,0,1
22209,0.670196693484053,17.5,0.6944949536696107,0.9761904761904762,14,4.7,0.174,0,0.3649053290406826,1
14097,0.762935418062212,91.16666666666667,0.8845365069496298,0.9487179487179487,44,3.5,0.15,0,0.6356671632262183,1
9810,0.6837952125737882,6.083333333333333,0.7936093263928854,0.5121951219512195,27,4.2,0.124,0,0.9281345565749235,0
24117,0.8138524419504656,6.75,0.7571319065073333,0.9761904761904762,35,3.9,0.059,0.0629844003230656,0.07563286546555263,1
3640,0.640364738589103,99.33333333333333,0.8755897656918347,0.6153846153846154,29,3.3,0.187,0.05888041578432287,0.2681318681318681,1
22937,0.7111400331731613,99.33333333333333,0.943299512588202,0.6046511627906976,75,3.5,0.338,0.03598870483905581,0.18760081963639536,1
2219,0.8037067341307901,10.25,0.6218856600249274,0.5897435897435898,30,3.3,0.093,0.11074622784004758,0,1
2078,0.6294461968654217,17.416666666666668,0.7923753688636638,0.4782608695652174,82,4.1,0.167,0.087678892518238,0.06448508180943215,1
12214,0.7864276717355716,9.833333333333334,0.712863146676315,0.7441860465116279,4,4.1,0.008,0,0.6979695431472082,1
26224,0.6098057803652861,18.25,0.7972787864801543,0.972972972972973,1,4.1,0.148,0,0.6452609300817969,1
14934,0.6561349196036803,16.416666666666668,0.7181483794537717,0.7674418604651163,67,4.1,0.112,0.029195110314307434,0,1
15220,0.8247865077940376,6,0.736476861652635,0.725,67,4.2,0.226,0,0.5726018396846255,1
22915,0.7200843277553519,6.5,0.7226499018873854,0.7727272727272727,36,4.2,0,0,0.2715311265792402,1
16362,0.5638778946673544,19,0.7927892664733733,0.575,59,4,0.036,0.010964524909324558,0.12914463832778167,1
4302,0.810821565366906,96.33333333333333,0.8564535051024806,0.7142857142857143,35,3.8,0.331,0,0.4186424918642492,1
2024,0.7404242645674864,99.91666666666667,0.8935739292396496,0.3333333333333333,52,4.4,0.211,0,0.6666666666666666,1
14072,0.7654035726078978,10.666666666666666,0.8112024066625848,0.6428571428571429,37,4.4,0.144,0.0011594332989243452,0.2991152329175994,1
13041,0.6496580947601562,17.25,0.7218548952563327,0.8604651162790697,24,4,0.2,0,0.7558469442527413,0
14903,0.7079021373294241,100.41666666666667,0.871085843026783,0.7551020408163265,12,3.8,0.292,0,0.4139573896997148,1
15237,0.7455276470174905,6.5,0.8168864505501834,0.6976744186046512,40,3.1,0.112,0.0015687468815136192,0.0677320907032455,1
8909,0.7809231957007385,97.25,0.9027090490897229,0.675,42,3.4,0.194,0,0.48467841508586823,1
24316,0.8010519485447758,10.333333333333334,0.7490911421596121,0.8958333333333334,1,4.1,0.161,0,0.3853429840434282,1
3896,0.5703108999052315,6.583333333333333,0.764203341643074,0.8222222222222222,20,3.9,0.131,0.0035093959505769472,0.2895648825567963,0
20670,0.8121173374671063,12.25,0.7617104777124218,0.5333333333333333,73,4.2,0.013,0,0.4791969037252056,1
19724,0.8053269526999268,10.416666666666666,0.6927541700852557,0.8048780487804879,41,3.8,0,0.009334511377881998,0.07584668424254715,1
14442,0.6871961147719452,10.916666666666666,0.6773059330099503,0.6046511627906976,30,4,0.092,0,0.9092923417809168,0
2289,0.6304433227740162,100.16666666666667,0.8811160021437854,0.8913043478260869,42,4.5,0.026,0,0.20401922236784623,1
17050,0.7252024471989522,17.75,0.7144628882716437,0.6666666666666666,28,4.4,0.098,0,1.1016422287390029,1
17008,0.6559369076728132,16.583333333333332,0.6814292289327545,0.6,45,4.2,0.106,0,0.39905923857121856,1
1791,0.7669839539368193,10.333333333333334,0.6593756115815665,0.9047619047619048,4,4.1,0.168,0,0.3472920156337242,1
3598,0.6933200245811735,95.83333333333333,0.8401607612924041,0.9523809523809523,1,3.4,0,0.01279767436874176,0.09701181375955524,1
12868,0.6026223288330632,7.25,0.8394914937497823,0.6136363636363636,43,3.3,0.072,0,0.39774625995725665,0
8170,0.78241819789962,12.25,0.7481155295023998,0.975,14,4.1,0.107,0,0.650713017932554,1
2175,0.6223055660838119,17.833333333333332,0.7133109971929352,0.6428571428571429,37,4.1,0.131,0,0.7206254311335939,0
19559,0.640622803081881,10,0.7654792120088285,0.6111111111111112,41,4.4,0.224,0.056744778032315916,0,1
2005,0.6226251384403152,9.5,0.7101278659323105,1,6,4.5,0.308,0.00659529578083913,0.4035919181840858,0
26241,0.691195742477799,18.583333333333332,0.7945522656689631,0.47619047619047616,45,2.8,0.126,0.004291560861562394,0.06291800842209562,1
26767,0.4996907810563054,16.333333333333332,0.7677590474134481,0.6857142857142857,25,4.8,0.071,0,0.8868174770702184,0
13130,0.6488764489088729,95.33333333333333,0.8529388752110972,0.7804878048780488,23,3.6,0.197,0.005078281658047854,0.8266118283255265,1
19335,0.8962885780129531,11.416666666666666,0.7173947345604972,0.9302325581395349,40,3.9,0,0,0.6884923713472977,1
12564,0.5439752508348142,16.166666666666668,0.6661003146247084,0.85,30,4.6,0.006,0.008219151834173597,0.36795606494746896,1
9799,0.7880347655067871,6.833333333333333,0.8126549817593022,0.7317073170731707,50,3.4,0.025,0.02060995039995302,0.2525896820941981,1
13852,0.5168653080047274,17.333333333333332,0.7470587223468095,0.9523809523809523,18,3.6,0.213,0.030923786496169392,0.09803992347399199,1
26287,0.5146433792166167,20.333333333333332,0.7834451669897884,0.37209302325581395,35,3.1,0.14,0,0.4468748811199452,0
18497,0.7558208888182366,10.416666666666666,0.6441123772874364,0.7692307692307693,1,3.2,0.007,0,0.7042763691409418,1
16159,0.7738088633554394,6.166666666666667,0.782101141937877,0.8444444444444444,62,5,0,0,0.8040969149364112,1
10596,0.6924901233047176,7.166666666666667,0.8405661720836967,0.9347826086956522,3,3,0.171,0.030044203935155583,0,1
10583,0.8590864081858337,6.333333333333333,0.7927892664733733,0.7727272727272727,94,3.3,0.036,0,0.7969384862515355,1
9051,0.8097544724470292,6.666666666666667,0.8232233047033631,0.6,4,4.3,0.199,0,0.949397856590432,0
12732,0.8651604647036478,94.08333333333333,0.8828845916911419,0.6666666666666666,14,4.3,0.126,0,1.0070688030160226,1
5333,0.6440967108645019,6.833333333333333,0.8327889121853403,0.7317073170731707,1,4,0.201,0.0024505285152409046,0.5794655414908579,0
18139,0.8488565512520414,93.83333333333333,0.8633942501238099,0.6923076923076923,26,4.5,0.085,0,0.6337900046861648,1
1966,0.8035603268630357,10.833333333333334,0.6253601334804333,0.6190476190476191,30,4.1,0.019,0,0.41414398371915545,1
22284,0.6428655862386454,17.583333333333332,0.7878915260606612,0.5952380952380952,1,4,0.193,0,0.3924789086339975,1
11937,0.7397541527706197,98.66666666666667,0.8922355546774555,0.6136363636363636,1,4.8,0.165,0.00016203703703703703,0.8917186780044402,1
17122,0.7005250802761371,16.833333333333332,0.7576784504847441,0.8648648648648649,15,4.2,0.285,0.1385235832245373,0.12387571545380213,1
18113,0.9294703167342458,6.083333333333333,0.7538054691012133,0.75,11,4.3,0.257,0.07857862345043852,0,1
12561,0.6102785547326212,17.083333333333332,0.7856431947051724,0.925,3,4.1,0,0,0.5527426160337553,1
1902,0.7812032335170904,11.25,0.7094067370972884,0.6842105263157895,45,4,0.137,0,1.2576235541535226,0
7290,0.7475985636307179,10.75,0.6496158331786195,0.851063829787234,1,2.9,0.091,0,1.0157750342935528,0
8715,0.6178691721721191,17.916666666666668,0.7407419998256413,0.7659574468085106,27,4.3,0.097,0.011270857928824976,0,1
2095,0.8466006513770423,98,0.8805642866253099,0.6739130434782609,7,3,0.165,0.1720831639899076,0,1
14844,0.7436450068026716,6.583333333333333,0.7561853128574908,0.7567567567567568,4,4.8,0,0,0.15016673965035202,1
9994,0.6947664538476941,17.5,0.7264493977839034,0.9767441860465116,1,3.6,0.037,0,0.4031620553359684,1
12679,0.7508841685118562,10.083333333333334,0.5982586908186238,0.5957446808510638,66,4.1,0.001,0,0.6302547519520467,1
9892,0.660661776861189,11.25,0.7430793304292649,0.7209302325581395,25,4,0.119,0,1.4863526081682168,0
9823,0.6990609624258715,18.5,0.774414702242362,0.925,25,3.9,0.082,0,1.0940188343089845,1
3955,0.8823830978801872,95.83333333333333,0.8849936304878926,0.3888888888888889,56,4.3,0.209,0.011716647773843888,0.020986093552465234,1
22484,0.798547556365679,6.083333333333333,0.7538054691012133,1,77,4.4,0.179,0,0.655947694976316,1
25159,0.8195310322794569,6.083333333333333,0.7195960343772778,0.7804878048780488,65,4.4,0.068,0.002822475355243721,0.09527405699749593,1
2368,0.5360960230637589,20.166666666666668,0.8028618108780734,0.5365853658536586,50,4.8,0.109,0.06066973061450068,0,1
24581,0.8084025849023557,7,0.8155722216091706,0.4489795918367347,73,4.3,0.043,0,0.39995118081405995,1
15556,0.7571984951869307,11,0.7173521499063995,0.6136363636363636,24,4.2,0.048,0.004981787335970741,0.6133324762149653,1
23329,0.7134643085163105,92.08333333333333,0.8588612418394679,0.6363636363636364,13,3.9,0.002,0,0.6235720256338813,1
20468,0.7075493509349631,15.333333333333334,0.7178096742228877,0.8,1,4.9,0.024,0,0.6264077195553927,1
16339,0.6438107089648459,19.75,0.7791752893142696,0.7560975609756098,25,4,0.077,0,0.43625680886223145,1
11721,0.8354974663843759,97.83333333333333,0.8461772327753687,0.5609756097560976,1,4.4,0.119,0.022676161451623877,0.14060833582185062,1
2108,0.8472645605964122,97.25,0.8621618856714189,0.9512195121951219,27,4.7,0.187,0.013871113439509362,0.31736242884250476,1
21162,0.7609540835195572,6.5,0.7870096445405621,0.8409090909090909,52,4.5,0.123,0.02853566617499308,0.06989107577440162,1
1819,0.7977358343527882,93.83333333333333,0.8396199567302689,0.8837209302325582,85,4.5,0.148,0,0.8119846069268829,1
28376,0.550917051924025,100.75,0.8896130202504455,0.8,34,3.5,0.016,0.03306957284427011,0.24859035804905555,1
5814,0.8011968833111062,5.916666666666667,0.7993266641017605,0.42857142857142855,44,4.3,0.073,0,0.5123839009287926,1
15390,0.6677206594370957,18.333333333333332,0.7703758010851802,0.525,21,5,0.183,0.001612780714557699,0.08174139051332034,1
8594,0.8973427148643054,6.666666666666667,0.8585786437626906,0.9069767441860465,3,4.6,0.195,0.0939643375894435,0,1
10115,0.8799110504793531,95.75,0.8973056896120254,0.9473684210526315,17,4.2,0.042,0.11388947332832461,0,1
15771,0.6317370581003577,5.583333333333333,0.7033640759051971,0.475,40,3.5,0.047,0.06727109460789218,0.18863737239236572,0
5440,0.7012811399255598,93.75,0.8381660659125466,0.631578947368421,1,5,0.218,0.0005774802286430193,0.28860294117647056,1
30385,0.6846008778026552,5.666666666666667,0.8899512533301782,0.5217391304347826,70,3.3,0.064,0.06711317754582503,0.033471013181062714,1
11989,0.6619165381534664,9.75,0.6275425885555397,0.7021276595744681,1,3.7,0.184,0,0.7990991366726446,0
21946,0.6886763455955618,17.583333333333332,0.7152057026052394,0.5263157894736842,5,3.6,0.114,0.04962545386214321,0,1
5446,0.604316660044133,18,0.7546733092686709,0.8157894736842105,34,3.8,0.095,0,0.5055550454503719,1
9775,0.8698205168141138,6.416666666666667,0.7498524638408023,0.8157894736842105,34,4.5,0.047,0,0.4719181585677749,1
13313,0.6490344643732087,101.66666666666667,0.8887659314512304,0.6571428571428571,72,4,0.135,0.027420444615996232,0,1
10649,0.7000305838315583,10.083333333333334,0.612803081814133,0.6888888888888889,14,4,0,0,0.5212940789782599,1
4590,0.6202360685734074,6.333333333333333,0.7165702733087103,0.975,80,4.6,0.092,0,0.4054907942041617,1
2026,0.8190139237418759,98.08333333333333,0.8717471238182397,0.6410256410256411,57,3.7,0.179,0.0032446248817229995,0.26061204343534056,1
2421,0.6760014716011877,95,0.8727374660819499,0.5,14,4,0.276,0,0.4444444444444444,0
2897,0.8210393208768838,99.66666666666667,0.8662416404292895,0.575,48,4.2,0.168,0,0.6537797721781153,1
9856,0.6656030136200795,96,0.8947968235587284,0.6341463414634146,28,4.4,0.153,0.008554116074277746,0.16792653848105119,1
9522,0.8466994369510332,96.25,0.8705721817838858,0.8297872340425532,31,5,0.139,0,0.42020690017329204,1
7629,0.7535790346446145,97.16666666666667,0.8944728067562812,0.8780487804878049,1,3.1,0.043,0.09003200815303321,0.006553938917289291,1
2039,0.7719657182807893,11.25,0.7405291868424149,0.6666666666666666,26,4.6,0.096,0,0.3389747363257297,1
5978,0.660252855751302,10.25,0.6640987274778277,0.6666666666666666,48,3.6,0.157,0,1.1450317832050854,0
17227,0.6133778170558648,19.916666666666668,0.8664360694601476,0.8043478260869565,65,3.8,0.069,0.030430268591704335,0.3279154815115807,1
13230,0.6492313112494522,17.166666666666668,0.7248810230037912,0.6578947368421053,1,4,0.298,0.014199224755760784,0.24882842025699167,0
6077,0.7046634797211333,20.5,0.7681857328555569,0.7906976744186046,16,3.3,0.055,0.0009896864256693405,0.23481981240743788,1
16503,0.8543690207143667,9.5,0.6827519066662259,0.6136363636363636,51,4.5,0.127,0,0.5707447130824699,1
1918,0.7350690743795956,7.333333333333333,0.8392939133666937,0.9210526315789473,41,3.7,0.068,0.03130313295587712,0,1
22446,0.6547340102780019,19.75,0.8507616946512456,0.6842105263157895,28,4,0.072,0,0.6062104606611423,1
19057,0.7022560899629287,11.583333333333334,0.7842925992724468,0.5,15,3.9,0.097,0.012422774110204452,0.11381644540064019,1
14583,0.8584204077914344,10.166666666666666,0.7664293959217212,0.782608695652174,66,3.5,0.122,0,0.3763971747925667,1
18606,0.8905487452531539,9.083333333333334,0.6254228318790165,0.7380952380952381,38,4.7,0.2,0.002852403064549784,0.09319574330861012,1
6064,0.9185184051281311,6.583333333333333,0.7335751243057065,0.6190476190476191,9,3.6,0.128,0.11633705650842663,0,1
2087,0.8340740794000725,100.16666666666667,0.8835155698955931,0.525,33,3.6,0.141,0,0.7251377905583513,1
8233,0.8691580093008286,94.08333333333333,0.8812084838266308,0.6410256410256411,43,3.6,0.197,0.0007736227336122733,0.14393295275112353,1
20048,0.8106598053057542,6.75,0.8385592983873824,0.6904761904761905,17,3.9,0,0,0.30047885075818037,1
6761,0.7478383098312609,9.25,0.7169679626593692,0.7142857142857143,68,3.7,0.182,0,1.3127727239109532,0
31339,0.566674353965225,16.833333333333332,0.7301185510804156,0.5652173913043478,47,3.9,0.057,0,0.5042998229015428,0
15895,0.8265894835833583,6.333333333333333,0.7394869753523245,0.6888888888888889,7,3.3,0.149,0,0.8102802856333952,0
20762,0.7032066681162235,96.66666666666667,0.8853999354628699,0.5945945945945946,19,3.9,0.272,0,0.772276273962046,1
16283,0.5349528391633226,19.666666666666668,0.7567338967049606,0.775,33,3.7,0.151,0,0.6940981391635448,0
22030,0.8341900478818818,6.083333333333333,0.7936093263928854,0.6818181818181818,27,3.6,0.186,0.003569780679879725,0.09455288243304584,1
14746,0.7730098425873906,10.916666666666666,0.688328921181777,0.5476190476190477,14,4.4,0.233,0.0011289364230540702,0.36614560374351496,0
18523,0.483673777404352,18.083333333333332,0.745123376792169,0.7111111111111111,1,4,0.222,0.07896336302613696,0,1
3601,0.7049794200273365,20.166666666666668,0.7188867545174389,0.7209302325581395,80,3.5,0.114,0,0.40155512357678425,1
15738,0.6656715738867859,17.833333333333332,0.7589944493789228,0.2558139534883721,41,3.4,0.016,0,0.6553564620663362,0
19602,0.7188875803600978,93.41666666666667,0.8617018245240892,0.7555555555555555,10,3.4,0,0.01144211023798438,0.2878787878787879,1
19711,0.7364558918509008,6.25,0.7459658815565646,0.9444444444444444,1,5,0.182,0,0.8176352705410822,1
19243,0.7894111218112883,5.916666666666667,0.7993266641017605,0.48717948717948717,51,4,0.227,0,0.5179160711965701,1
31818,0.8335221139734313,11.333333333333334,0.7769742516455427,0.9722222222222222,11,3.2,0.11,0.06769383878651056,0,1
20190,0.7956348592504427,94.58333333333333,0.8647785175789121,0.972972972972973,46,3.6,0.095,0.1511293010344258,0.20183758884568712,1
25295,0.8566879838136607,9.083333333333334,0.6281290238621791,0.41025641025641024,56,3.6,0.034,0,0.29021545760031625,1
16832,0.8471515361085655,6.166666666666667,0.8703829318023589,0.8536585365853658,1,2.6,0,0.06531377361568766,0.0970175855513308,1
2479,0.8357886751859919,6.083333333333333,0.7728339184688082,0.9318181818181818,14,4.6,0.151,0,0.5939076054064959,1
1969,0.7865162013115432,102.08333333333333,0.8741400261087543,1,9,4.1,0.266,0,0.8387096774193549,1
10931,0.7920035265000654,95.33333333333333,0.8555178076126266,0.3902439024390244,74,4,0.131,0,0.9756655383770927,1
20294,0.7756987427522212,6.333333333333333,0.8254408005076106,1,19,4.4,0.102,0.01676249204081998,0.23292598797674188,1
20181,0.7207701611344772,17.916666666666668,0.7205042011614211,0.7333333333333333,6,4.2,0.046,0.001233939393939394,0.5444364609400163,1
19324,0.8092590367539323,7.166666666666667,0.7959310607583228,0.6,1,4.7,0,0,0.5678430966673567,1
20886,0.8638400179923907,9.833333333333334,0.7069217548171087,0.6956521739130435,38,3.8,0.243,0,0.33227999616968307,1
24829,0.6847982431517916,18.583333333333332,0.7568944185035014,1,2,4.1,0.093,0,0.9116942223654269,1
20985,0.5728640297727976,6.083333333333333,0.8167248197224706,0.65,31,3.6,0.095,0,0.653148752650766,1
13984,0.8032561824668663,103.41666666666667,0.8577514499346933,0.5909090909090909,29,3.4,0.224,0,0.20631458504666214,1
8156,0.6189955785123226,6.166666666666667,0.782101141937877,0.9512195121951219,76,3.8,0.153,0,0.2766061794997548,1
10319,0.6742772475662979,6.5,0.7964806683796468,0.7708333333333334,33,3.5,0.14,0,0.7148948541525342,0
22425,0.7842452382029381,96.91666666666667,0.8536266600430565,0.8604651162790697,73,2.6,0.212,0,0.7479152731326645,1
5120,0.9281413515851543,94.75,0.8631948808951645,0.5641025641025641,32,3.9,0.08,0.08383660673749972,0.10137708760621154,1
10445,0.4579604902757439,20.416666666666668,0.7879514251777872,0.5348837209302325,45,4,0.112,0.16433620920688846,0.049499736703528176,1
1972,0.8976683951642884,11.5,0.7477261567314608,0.8409090909090909,29,3.9,0.251,0,0.5694726166328601,1
13059,0.5157573548348593,18.333333333333332,0.7119458269499117,0.9047619047619048,20,4.2,0.032,0.05442742820410493,0,1
10541,0.8911046789841094,103,0.9218260690667885,0.7380952380952381,59,4.3,0.081,0,0.5401072055405342,1
20771,0.9228513339509676,7,0.7897199793731465,1,63,3,0.081,0.005431180471869425,0.4863628704171782,1
20706,0.807089883356453,9.5,0.6522065333052806,0.6956521739130435,29,3.3,0.126,0,0.7263595093209698,1
8692,0.7885175099312375,9.5,0.6340937962348384,0.6956521739130435,36,3.6,0,0,0.4329517344532014,1
9065,0.6966196678232233,97.33333333333333,0.8836624126612121,0.8157894736842105,24,3.5,0.164,0.0072851145163852805,0.48541011638810744,1
8334,0.8257496345064341,10.666666666666666,0.712737870142965,0.6829268292682927,44,4.2,0.021,0,0.41708663306935445,1
24860,0.757367210481547,100.25,0.8732915112667099,0.723404255319149,31,3.9,0.113,0,0.9012651099177377,1
28395,0.7559631599768537,6.416666666666667,0.7754335523923301,0.7027027027027027,17,3.4,0.193,0.011456641226278796,0.18298996302165874,1
21700,0.726240898765879,10.666666666666666,0.7692996396838532,0.8888888888888888,13,3.9,0.187,0,0.5846217654784672,1
19578,0.6669574155497934,18,0.6873714256271457,0.7105263157894737,48,4.1,0.141,0.0012439151443300821,0.41649853147746135,1
25632,0.7421976384219929,94.41666666666667,0.870610688412634,0.7674418604651163,51,4.1,0.219,0,0.6429073033707865,1
16479,0.4459271398129817,6.5,0.7870096445405621,0.725,38,4,0,0.0025957607058317194,0.7388191031009164,0
17854,0.7732092707980162,17.083333333333332,0.728095268109819,0.9777777777777777,37,3.7,0.057,0,0.5171950263246331,1
29060,0.8241660255468971,10.25,0.6688550917981089,0.8571428571428571,6,4.6,0.17,0,0.27884168688380734,1
13597,0.7173131372055932,10.166666666666666,0.602818313456206,0.8604651162790697,24,3.3,0.316,0,0.42546149886004264,0
13587,0.8914160296892044,6.166666666666667,0.7450275369714432,0.4523809523809524,66,4.1,0,0.002699952667785942,0.33076951385566555,1
8833,0.7561697212370271,10.75,0.6621897896201407,0.75,26,4.1,0.093,0.021187722832359045,0.13597509198981036,1
18112,0.727168497659653,16.833333333333332,0.6802424700602941,0.5,1,4.6,0,0,0.3863736749116608,1
6685,0.7906929863645287,6.083333333333333,0.7631285415645126,0.9534883720930233,38,3.9,0.021,0.07846450303865891,0.13657442034405384,1
21111,0.6692290169237054,10.666666666666666,0.7231242945832914,0.9333333333333333,33,3.8,0.3,0,0.4701451884133488,1
1889,0.8902262960737911,10.166666666666666,0.6345328391867548,0.575,20,2.6,0.102,0.0004991518417721381,0.13396875827376226,0
9988,0.8562907837746444,101,0.8557261188488818,0.725,1,3,0.143,0,0.421205446535843,1
29447,0.7004961157059538,101.41666666666667,0.8590826987293261,0.5348837209302325,1,4.1,0.137,0,0.6490304615071145,1
20807,0.6580217533227484,15.416666666666666,0.7045759260121144,0.6923076923076923,65,4.3,0.222,0.006321372658240875,0.5039290606300916,1
10979,0.8872516600876926,99.25,0.8635064369301313,0.625,60,4.1,0.041,0.02770802036840171,0.2808088168321341,1
8342,0.7517823012432389,7.083333333333333,0.8136120056734722,0.9523809523809523,40,3.6,0.135,0.0037283175579240213,0.18641731103518552,1
8522,0.9145246133818086,7.25,0.7883683604652647,0.9767441860465116,12,3.7,0.205,0,0.5439183242386904,1
8674,0.6557770560900751,99,0.873636404008113,0.6818181818181818,7,4.1,0,0,0.46209719259814375,1
13817,0.5778273538341081,19.083333333333332,0.7428766969429601,0.6666666666666666,32,4.2,0.197,0,0.38821741333140336,0
9450,0.8364357076903512,7.416666666666667,0.7906973482000319,0.7555555555555555,56,4.5,0.214,0,0.4948409968781417,1
17612,0.6464888222118716,18.583333333333332,0.7712125377789399,0.75,73,4.1,0.027,0.0004546616714524304,0.15500794912559618,1
9052,0.8461740859233248,10.5,0.6425926905016602,0.6153846153846154,34,5,0.142,0.005990433258229883,0.5067668342263714,1
12896,0.667227678364434,16.833333333333332,0.7588951354081996,0.925,53,4.1,0.199,0.03735107645400034,0,1
27231,0.7827075510428283,100.16666666666667,0.8751192772315421,0.6216216216216216,54,3.7,0.203,0,0.7873379604127648,1
7551,0.7320509377099327,7.166666666666667,0.8040430285307824,0.775,54,3.7,0.098,0,0.8503509468944511,1
22037,0.589256387312308,91.58333333333333,0.8641720526219687,0.5121951219512195,57,4.1,0.182,0.0013244477014916257,0.12924012433916457,1
12963,0.7950548920255911,95.58333333333333,0.8473434037401917,0.9743589743589743,3,4.5,0.083,0.03986102324101035,0,1
16062,0.6080926576249407,17.583333333333332,0.7731545413502499,1,58,4.1,0.097,0.023722457214927776,0.07091271323620969,1
19245,0.7154947145466045,6.166666666666667,0.8401059518081184,0.7272727272727273,45,3.6,0.151,0.04727043663214905,0.11691348402182385,1
6764,0.6928234332520906,17.25,0.7765733124667212,0.7954545454545454,22,3.5,0,0,0.5905226583869299,1
2603,0.7543012992059731,11.25,0.7589460726626225,0.975609756097561,12,4,0.266,0,0.6190201729106628,0
3774,0.5596911110986321,16.166666666666668,0.7305745495799593,0.7560975609756098,58,4.2,0,0,1.4488606253312135,0
10231,0.734896728737487,17.75,0.7287132354329828,0.9736842105263158,80,3.5,0.048,0,0.3446388427328707,1
5580,0.8115831398935073,93.5,0.8674558898750709,0.5952380952380952,50,3.9,0.344,0,0.47939068100358423,1
19103,0.6016026522866826,7,0.8456966500379081,0.696969696969697,1,3.7,0.28,0,0.9179186515207035,0
4653,0.7719064248364056,6.333333333333333,0.8139192681088032,0.8048780487804879,1,4.6,0.107,0,0.8666308436324557,0
15418,0.6320825424458263,18.416666666666668,0.834919128081858,1,50,4.2,0.255,0.14483513670092815,0,1
17075,0.6509050642315761,11.666666666666666,0.6637542201160052,0.6842105263157895,47,4.2,0,0,0.8830126797270784,1
30702,0.6636109939117456,18.666666666666668,0.7446366134629447,0.5686274509803921,84,4.2,0.105,0.05429793412871398,0.39844309816950035,1
6215,0.8611452947742788,10.916666666666666,0.6974363178228028,0.972972972972973,64,3.9,0.268,0,0.504424778761062,1
17552,0.7007879354213589,98.08333333333333,0.8846927642129666,0.5476190476190477,45,4.6,0.145,0.10409193757932939,0,1
19358,0.6860641527018887,6.416666666666667,0.7266549976642962,0.9111111111111111,25,3,0.236,0,0.9366153528257052,0
11595,0.8048557655831222,8.75,0.5876069505788388,0.7555555555555555,1,4.4,0.115,0,0.7107373868046571,0
16125,0.7386945004648828,9.5,0.6856759146110716,0.47619047619047616,52,4.9,0.12,0,0.7871871996030885,1
13721,0.65674616272197,10.916666666666666,0.6308151972719467,1,8,3,0.135,0.036910931542920015,0.21412433496100866,1
12186,0.7798902110247823,93.83333333333333,0.85278964387216,0.65,47,5,0.016,0,0.6524968199909729,1
10264,0.5109360817110411,18.833333333333332,0.7473610190509699,0.6,1,4.6,0.081,0.00482691694358873,0.8578944804403956,0
1909,0.8501737390954814,11.5,0.7019280608521286,0.55,47,4.8,0.214,0.0035812162198456125,0.05657412257726559,1
1867,0.8455300679032752,11.833333333333334,0.7689969089175109,0.5555555555555556,10,4.5,0.061,0,0.6979110873058383,1
11960,0.8324435406158286,6.583333333333333,0.8424063342026743,0.9555555555555556,1,4.2,0.156,0.007104825037970073,0.2532608695652174,1
15873,0.7091078292272446,18.916666666666668,0.7300526220290127,0.868421052631579,49,4.7,0.124,0.0018612946471320503,0.4403213104425894,1
2964,0.7773418395575867,9.333333333333334,0.625425411367803,0.5609756097560976,20,3.6,0.13,0.03594773621034613,0.35667285304538554,1
20538,0.8938817465872698,5.416666666666667,0.6850847770698658,0.9302325581395349,1,4,0,0,0.5289835666463786,1
12230,0.6138120027783587,11.333333333333334,0.6519953068764932,0.8181818181818182,1,3.9,0.041,0.00009314239143089999,0.46927511345516987,0
27163,0.6391934368836167,18.75,0.7253419634581266,0.6428571428571429,44,3.3,0.044,0.09875541222280466,0,1
2149,0.6838063234981868,17.916666666666668,0.7716189079592388,0.5333333333333333,6,3.4,0.076,0.08654593324664217,0.07677989762680316,1
7787,0.614690187922351,17.666666666666668,0.7262524881406244,0.631578947368421,52,3.4,0.286,0.007621539254517887,0.7502729082386181,0
30677,0.8600035512225958,5.833333333333333,0.7492867317887965,0.6388888888888888,12,4.3,0.141,0.10478823804990417,0,1
9032,0.6744957724570833,19.083333333333332,0.7701297434366488,0.5952380952380952,1,4.4,0.046,0.01316389380038078,0,1
4231,0.9214422276765498,93.41666666666667,0.8880295068008972,0.75,53,4.6,0.144,0.002812658950048307,0.26828980026001653,1
13691,0.5696912235214988,18.333333333333332,0.7660967212678436,0.6097560975609756,15,4,0.106,0,0.5215835220217662,0
13573,0.7836617343172183,7,0.7817821097640076,0.6046511627906976,66,4.1,0.151,0,0.6406837103072276,1
26352,0.8480710288819036,9.583333333333334,0.7290358878107325,0.7619047619047619,55,3.2,0.101,0,0.5657742443504165,1
23218,0.6695956080682375,102.66666666666667,0.9090329498303773,1,39,3.8,0.041,0,0.8286674132138858,1
18994,0.6988181894027711,10.833333333333334,0.7109493195683703,0.4634146341463415,76,5,0.13,0.018076786476612396,0.19053385279561966,1
9681,0.5748188168572808,19.333333333333332,0.7516403398122771,1,26,4.8,0.155,0,0.4483007953723789,1
15017,0.8808954237032256,5.916666666666667,0.7200759589527916,0.4864864864864865,42,4.4,0.291,0,0.3460859720973596,1
4895,0.6109705634088011,17.25,0.7790944277261125,0.6571428571428571,1,4.5,0.062,0,0.7634320735444331,0
8734,0.5769558434390047,15.666666666666666,0.712963030569531,0.5531914893617021,1,4.7,0.105,0.06051513753245297,0.03228946012480678,1
14687,0.8704805346897291,95.41666666666667,0.8886368699932925,0.27906976744186046,40,3.4,0.046,0,0.5695026044326422,1
24612,0.7558086343231537,91.33333333333333,0.8236051682686923,0.8048780487804879,22,3.9,0,0,0.290514596834813,1
10618,0.8758546731524329,12.25,0.7888963176981918,0.75,39,4.4,0,0,1.1335468073083443,1
11652,0.6917199085745298,18.333333333333332,0.7119458269499117,0.65,1,4.7,0.091,0.005452466233189554,0.35624785444558876,1
1836,0.5789194880583124,17.916666666666668,0.7682339069153303,0.75,43,4.4,0.115,0,0.5588235294117647,1
8837,0.7731951081869824,9.583333333333334,0.6373798354435992,0.9444444444444444,1,4.3,0.17,0,0.8371619327826185,0
12353,0.7488962836405351,6.333333333333333,0.7394869753523245,0.6976744186046512,7,5,0.057,0,0.5643163603982838,1
29493,0.7147106591068438,19.083333333333332,0.7086645623734336,0.6829268292682927,46,4.2,0.132,0.10952388887829556,0,1
14224,0.815325828788982,6.833333333333333,0.7777943029477,1,1,4.5,0.169,0.05185726241172603,0.20212317210348707,1
5829,0.8536917063245761,6.833333333333333,0.762273308663196,0.5238095238095238,49,4.2,0.185,0,0.8593977867375826,1
24409,0.6658841993178672,8.833333333333334,0.5523090370677483,0.5111111111111111,73,4,0.173,0,0.758834012741463,0
9487,0.6863526961192832,17.833333333333332,0.7216584558535433,0.8372093023255814,60,4.1,0.015,0.023609780906268363,0.018236441258630685,1
4472,0.8346137739457276,105.33333333333333,0.8935513405597838,0.3902439024390244,48,4.5,0.091,0,0.448345259391771,1
12237,0.8857293814716443,97.5,0.8482478692651885,0.6046511627906976,58,4.6,0.106,0,1.046253166625807,1
18554,0.6493827176183793,17.916666666666668,0.8199212959757587,0.3181818181818182,17,4.2,0.015,0.016657074689984636,0,1
12176,0.922720521973605,105.66666666666667,0.8948054763373308,0.5531914893617021,17,4.1,0.114,0,0.4925262812089356,1
21648,0.7416844452945623,10.25,0.6989673401370143,0.5434782608695652,26,3.3,0.205,0,0.30926644493717664,0
14349,0.7062799070662413,10.25,0.6547825407225667,0.7209302325581395,1,5,0.16,0,1.0454751367738788,0
4797,0.6952445432884233,11.166666666666666,0.6672612416476424,1,14,4.2,0.152,0,0.720316897737934,0
15963,0.6610161534421348,19.416666666666668,0.749046284874786,0.7142857142857143,1,3.8,0.136,0,0.8143832612917371,0
9634,0.7774408164373838,11.5,0.6405913980395002,0.6410256410256411,33,4.4,0.216,0,0.47936886905070847,1
13327,0.7884579288465567,6,0.7454124613913422,0.6341463414634146,35,4.9,0.165,0.02795223420387612,0.3278307195918061,1
12953,0.7692660811222567,6.333333333333333,0.7394869753523245,0.6097560975609756,62,3.9,0.075,0.002018608895766377,0.4757971126379989,1
31915,0.9432352576099091,103.41666666666667,0.8655228132445767,0.975,15,3.5,0.141,0,0.37734607551308164,1
14962,0.6895391356283124,10.416666666666666,0.727177713520321,1,22,3.8,0.018,0,0.4826894800160406,1
12200,0.7027533102953323,18.5,0.7680289515390318,0.6097560975609756,39,4,0,0.08174799945127618,0.07508196721311475,1
18990,0.8256811101913327,6.666666666666667,0.8031498031497047,0.6052631578947368,30,3.8,0.247,0.04515751477249683,0,1
26052,0.7690634962752437,98.75,0.8912374105682247,0.6585365853658537,13,4.1,0.141,0.0009074091055048831,0.17250115154306772,1
3471,0.896733999956023,95.66666666666667,0.863955240380804,0.5897435897435898,1,4.3,0,0,1.1724535369543294,1
9624,0.6537120983749969,17.75,0.7238813905627679,0.35714285714285715,59,3.7,0.134,0.07356472937460848,0,1
13391,0.8808005784069352,100.91666666666667,0.8639843887571914,0.8297872340425532,20,3.5,0.071,0,0.6709730415951012,1
20535,0.7426616918814624,9.25,0.6024790725601764,0.5476190476190477,81,3.9,0.391,0,0.6289262235208181,0
19544,0.6258125424489196,6.166666666666667,0.7924014662738215,0.2765957446808511,52,3.1,0.041,0,0.8337298846163687,0
9894,0.7063498066600726,6.25,0.7459658815565646,0.5365853658536586,37,4.1,0.227,0,0.5076814230846978,1
18313,0.6517105308874166,18.916666666666668,0.7516184077707411,0.5806451612903226,18,3.5,0.093,0,0.4744170807623,1
24580,0.7410419185361165,104.08333333333333,0.8599199396096667,0.7674418604651163,68,3.5,0.072,0.00010578242876456443,0.48060375516182186,1
25211,0.8322077121253867,6.166666666666667,0.7204302585732811,0.6216216216216216,54,3.8,0.063,0,0.5576247991908133,1
7499,0.7734495548766961,8.75,0.6900735219948004,0.6666666666666666,47,4.4,0.197,0.14362732069858072,0,1
11293,0.6050475892580812,6.5,0.7779422041578362,0.4634146341463415,68,4.1,0.129,0,0.39387231028070485,0
4677,0.8990173048377329,98,0.8693904124419981,0.6,47,4,0.316,0,0.6147760076980648,1
24289,0.7338690827592316,6.833333333333333,0.7777943029477,1,17,4.4,0.075,0.017798013723170244,0.19774383465766396,1
2034,0.7061280126904768,18.75,0.7288160389316124,0.6666666666666666,63,4.1,0.117,0,0.8635357757560855,1
7226,0.8351563790543769,98.16666666666667,0.8837910698903388,0.8205128205128205,21,4.6,0.052,0,0.7736488824302816,1
16416,0.5450480424835549,18.5,0.7356504369167349,0.6086956521739131,29,4.3,0.143,0.082802522271225,0.16441777588255002,1
14151,0.7529960865374927,97,0.8672409362743515,0.6486486486486487,41,4,0.124,0,0.37905448378206485,1
1775,0.5248257777860623,20,0.7681595376126074,0.65625,65,3.6,0.042,0.0020508885279472114,0.41194702733164273,1
14418,0.853578542237242,9.166666666666666,0.7448060209523963,0.9347826086956522,74,4.4,0.052,0,0.33729842205652855,1
2034,0.8064543586186865,6.5,0.7608364345361842,0.40540540540540543,32,4.2,0.084,0,0.9097614949594296,0
21245,0.7290239497312672,100.58333333333333,0.8785434216831104,0.9047619047619048,36,3.8,0.138,0.04829211732803629,0.03125441280301247,1
2022,0.6697284805993708,98.58333333333333,0.8835712144597323,0.7209302325581395,5,4.5,0.199,0.0019982433025911286,0.6078140454995055,1
16097,0.5198593479156663,19.5,0.8086920573880394,0.5897435897435898,39,4.3,0.04,0.01913573561883564,0,1
16551,0.4489353943337787,18.25,0.698111695414327,0.6052631578947368,1,4.4,0.082,0.08359674231029636,0,1
13632,0.7515520352117698,6.25,0.7296915342304895,0.8809523809523809,8,3.8,0.116,0.04299058501550232,0.10659135091515974,1
15248,0.5749647858706841,15.166666666666666,0.7952974064813499,0.6086956521739131,1,4.1,0.17,0,0.5500573864567962,1
16348,0.6553098388147016,18,0.7095483862711458,0.45454545454545453,31,3.6,0.251,0,0.704183998042574,0
5369,0.6131155549672263,12.166666666666666,0.7404480092945696,0.6666666666666666,26,4,0.05,0.004098053940880069,0.5885639783944868,0
2207,0.5546213647381613,17.333333333333332,0.7459645228149441,0.5238095238095238,42,4.3,0,0.004742810120562193,0.28506684794924086,1
29284,0.8388986401009109,9.333333333333334,0.6896759429110221,0.6,1,3.9,0.078,0,0.686381641852206,1
11692,0.7438398840236621,10.25,0.6434794804995009,0.7317073170731707,36,4.5,0.223,0.0001717605951749995,0.2440985289086555,1
8496,0.6621303754268294,99.5,0.8917166073105931,0.8809523809523809,15,4.5,0.088,0.06378346088666546,0.19279661016949154,1
20692,0.7646301813579125,6,0.7454124613913422,0.7,100,3.8,0.215,0,0.5914363038855597,1
27597,0.6821602228048051,6,0.77433226653789,0.6097560975609756,50,4.4,0.223,0.08667729069585463,0.06859441243613436,1
25168,0.7062314378519678,11.083333333333334,0.6477381421015797,0.6956521739130435,13,3.5,0.143,0.059153492061539165,0.006794477004072713,1
1835,0.8491733094001556,11.333333333333334,0.7983630999882045,0.9767441860465116,24,4.7,0.138,0.07697730579353741,0.262125340599455,1
11640,0.7689337850725483,6.833333333333333,0.8438262381113939,0.5897435897435898,29,3.6,0.085,0.21585943829806623,0,1
15466,0.8216220902829646,6.333333333333333,0.7829944407569652,0.6904761904761905,55,4.3,0.155,0.024726413059141084,0.19417412951407972,1
2059,0.8554990949550093,9.583333333333334,0.668765270352332,0.6808510638297872,19,4.2,0,0,0.978630403108305,1
10899,0.5507002144548854,10.416666666666666,0.6550710218030384,0.575,26,3.8,0.171,0.012803258649735387,0,1
20788,0.8611525136423018,6.25,0.8138101327497475,0.5348837209302325,15,3.7,0.12,0,0.43992784125075163,1
3292,0.7280267153087137,7,0.7897199793731465,0.7659574468085106,27,4.7,0.167,0,0.41561598055597754,1
2171,0.6492906170985415,17.916666666666668,0.7773749219762918,0.7209302325581395,25,4.4,0.156,0.002240875114868406,0.3188205482607694,0
13309,0.6372478026284263,10.416666666666666,0.6111144127124277,0.868421052631579,52,3.6,0.055,0.00851062593302664,0.27943496881809304,1
11845,0.886102927761301,94.08333333333333,0.865032931879292,0.8918918918918919,1,3.4,0.193,0,0.3382861967074715,1
3237,0.7488835246366607,9.166666666666666,0.6642511761341929,0.6444444444444445,5,4.1,0.27,0,0.7712034605283485,0
17631,0.7511964333795975,9.583333333333334,0.6398907958113278,0.2727272727272727,35,4.8,0.149,0,0.6586313490825558,0
9921,0.6487587387547032,11.166666666666666,0.8036873665975238,0.6511627906976745,31,4.1,0,0.02196790625522441,0.2591472633807076,1
21322,0.6008499780389103,18.083333333333332,0.7324409517604648,0.8823529411764706,17,3.7,0.157,0,0.5438514210674421,1
18570,0.7320420791999379,7,0.7391797345213494,0.6122448979591837,34,4.2,0.001,0,0.660527732902531,1
10187,0.966239301197997,6.583333333333333,0.7994559554714575,0.4186046511627907,44,3.9,0.107,0.09239584602565948,0,1
12894,0.682231098685306,17.25,0.7005220533366402,0.8536585365853658,1,3.5,0.062,0,0.4160235777717455,1
9908,0.7804998386142153,10.583333333333334,0.6739168623488401,1,30,4.1,0.206,0.012238988469935303,0.2351635042389988,1
16103,0.6727376070992901,10.5,0.7237000764201713,0.6363636363636364,18,4,0.093,0,0.5171086133018692,1
11605,0.6868933870639531,92.16666666666667,0.8560029001691251,0.17142857142857143,9,4.6,0.143,0,0.4425007540178379,1
15255,0.5689685374015866,6.583333333333333,0.7725037879036528,1,1,3.8,0.179,0,0.4714519829564077,1
20558,0.7215037730705535,10.333333333333334,0.688079361196553,0.9791666666666666,25,4,0.038,0.10601871149097786,0,1
18665,0.9120980167191715,96.16666666666667,0.8879364772247681,0.2608695652173913,6,3.6,0.001,0,0.8761552680221811,1
19747,0.6270759409653129,93,0.854275617560888,0.725,47,4.2,0.073,0.008688927712482601,0.18645870258773484,1
14846,0.7303898193209796,18.083333333333332,0.685182281967676,0.775,36,4,0.01,0,0.9437203192886733,0
5449,0.7931796005367224,6.25,0.7633568086760154,0.8260869565217391,1,4.5,0.164,0.0002476648740447212,0.5458383041204001,1
19134,0.7812637111876406,11.666666666666666,0.744449374000024,0.42105263157894735,71,4.7,0.039,0,0.43938641649462984,1
13290,0.812756920850543,94.66666666666667,0.8591769383392872,0.7659574468085106,16,3,0.101,0.12233547464247013,0,1
5025,0.7420743070619555,9.833333333333334,0.6505842690154525,0.7333333333333333,30,4.2,0.012,0.0078432739115819,0,1
10125,0.7685739273853526,8.666666666666666,0.7083509444595557,0.6304347826086957,29,4.3,0.182,0,0.7467654320987654,1
18864,0.783649588619536,6.333333333333333,0.7829944407569652,0.7111111111111111,6,3,0.134,0,0.6691051738761662,1
8750,0.5956645077179102,17.666666666666668,0.7195081368430472,0.6046511627906976,51,3.7,0.131,0,0.8179428571428572,0
25403,0.677084591534888,18.083333333333332,0.7471309692475769,0.5609756097560976,69,4.1,0.192,0,0.3678378112390513,1
10660,0.7827751822890932,8.75,0.6234781447472229,0.7948717948717948,48,4.1,0.21,0.020521624617934515,0.4106941838649156,1
10628,0.7419688210352713,10.666666666666666,0.6954126767247198,1,48,3.6,0.254,0,0.6516113855563397,1
15993,0.7438795205471405,18.083333333333332,0.7431314744816262,0.7209302325581395,36,4.4,0.066,0,0.6417807790908523,1
13539,0.8535288009855159,10.666666666666666,0.6548324682128981,0.627906976744186,19,3.6,0.234,0,0.4256749270598663,1
5918,0.7042343266084459,100.08333333333333,0.9067629672384081,0.42105263157894735,60,4.4,0.005,0.04911891405787367,0.23844528939585974,1
4434,0.7022886839997975,9.666666666666666,0.6483434818211873,1,77,4.3,0,0,0.5692377086152458,1
2057,0.9360467741730168,94,0.8346779758731909,0.5813953488372093,25,4.6,0.149,0,0.18818380743982493,1
18334,0.8410150761289319,99.16666666666667,0.8999329368295517,0.46153846153846156,7,3.6,0.03,0,0.434820551979928,1
15769,0.8240832354923537,7.166666666666667,0.8624167492302415,0.6428571428571429,33,3.7,0.201,0.030092194959764795,0,1
11901,0.8067307099355296,9.25,0.7924014662738215,0.5952380952380952,6,4.1,0.26,0,0.23678682463658515,1
2855,0.7404479847162562,16.166666666666668,0.7593274736097164,0.7142857142857143,12,4.2,0.147,0,0.860746190225959,0
21334,0.7343172454113797,95.5,0.8670321979141331,0.7222222222222222,38,4.2,0.072,0.0012794790759448548,0.39139401893690823,1
12391,0.6684834900611958,18,0.7836421954528162,0.7142857142857143,26,3.8,0.241,0,0.7191800169484686,0
18751,0.9065900106422484,8.5,0.6655152527601573,0.7692307692307693,40,3.5,0.163,0,0.5199722681456989,1
12301,0.809757511762816,11,0.7030921523899178,0.7142857142857143,1,3.1,0.221,0.03309949710447436,0.23259217104995733,1
18539,0.8113442132600437,6.583333333333333,0.7900870385851013,0.7857142857142857,1,3.8,0.044,0,0.5087250856326024,1
16528,0.6867126955557754,96.91666666666667,0.8740891783294997,0.5217391304347826,64,3.1,0.095,0,0.5590513068731849,1
17890,0.6657966185814242,16.416666666666668,0.7398260501778782,0.9767441860465116,59,3.1,0.126,0,0.641866964784796,1
18467,0.5070545600309295,18.25,0.7610253130935247,0.5434782608695652,1,3.4,0.149,0.02333429797178282,0.21601277989873555,0
12697,0.9506636968429694,6.416666666666667,0.7942470192499369,0.9302325581395349,1,4.2,0.011,0,0.4074351199149372,1
15098,0.6317714127905042,18.333333333333332,0.7714580892731538,0.7837837837837838,41,3.5,0.166,0,0.7372743831760226,1
22405,0.8013599494624835,93.41666666666667,0.9046078863267464,0.475,76,4.4,0.173,0,0.653648739120732,1
15661,0.6953831180093826,10.583333333333334,0.731474127480631,0.3333333333333333,1,4.4,0.146,0,0.4791034769004821,0
19341,0.748423936906276,10.75,0.6558453816988665,0.7045454545454546,29,4.6,0.194,0,0.7030324965745457,1
18660,0.8313317800608462,11.083333333333334,0.6163939543210798,1,20,4.2,0.234,0,0.5862808145766345,1
3462,0.6215801211996943,10,0.6890873648970395,0.5384615384615384,59,4.4,0.198,0.010150944633386514,0,0
13436,0.6661459513225179,12.333333333333334,0.7204302585732811,0.6666666666666666,9,4,0.089,0,0.7271035689032787,0
9819,0.6417587412172381,19.333333333333332,0.7981948291255236,0.6976744186046512,1,4.4,0.061,0.06169949433135433,0.08076178836948773,1
14602,0.6954692416916832,9.75,0.6275425885555397,0.6904761904761905,20,3.8,0.035,0.10013644235739123,0,1
10062,0.8203251464971919,6,0.7454124613913422,0.7906976744186046,40,4.2,0.003,0.004895931882686849,0.08865477314515728,1
11273,0.7623687944925908,100.25,0.869043665011812,0.9210526315789473,51,4.1,0.184,0.00855772563267221,0.42980705256154356,1
18229,0.8186455603733629,10.583333333333334,0.7342592593592724,0.4358974358974359,13,3.6,0.038,0.016640541998816604,0.04509422058863867,1
13830,0.8595202101621867,97.66666666666667,0.8751347567923091,0.8536585365853658,1,4.5,0.267,0,0.584526391901663,1
13665,0.7076159151625732,98,0.9165799423916278,0.8536585365853658,1,3.1,0.168,0.007091501689839676,0.2446395901939261,1
12481,0.8614301181905768,90.33333333333333,0.8927347464667997,0.5769230769230769,36,4,0.152,0.0018532761978808838,0.394439548113132,1
12410,0.7703043607376729,6.666666666666667,0.8031498031497047,0.7027027027027027,22,3.9,0.196,0,0.44222401289282837,1
9870,0.8469337680099991,6.416666666666667,0.7665947953816697,0.8260869565217391,57,3.8,0.252,0,0.9577992806119864,1
16116,0.6715698713041014,11.25,0.6982901947493881,0.6046511627906976,20,2.9,0.142,0,0.6145636188762371,0
11606,0.6450334071242583,18.333333333333332,0.6816883381816073,0.9565217391304348,3,4.5,0.122,0.09574728971877838,0,1
22938,0.48435390823401114,18.5,0.8416360735923698,1,1,4.2,0.09,0.02687561997716545,0.05894149446333595,1
7795,0.7081017484387115,10.75,0.8173764497769032,0.7894736842105263,45,4.1,0.116,0.00572374642757957,0.2615779345734445,1
16523,0.7651595360442816,95.16666666666667,0.8901408435197045,0.8444444444444444,8,3.9,0.197,0,0.7857164472688758,1
9404,0.8356913237400554,96.5,0.8667879779048452,0.7560975609756098,18,4.2,0.066,0,0.3998298596341982,1
15853,0.645445848214399,9.25,0.5718113643850038,0.6,25,4.2,0.374,0,0.601274206774743,0
22395,0.8856066433365167,9.583333333333334,0.6038941922111174,0.975609756097561,21,3.5,0.103,0.000026983686434144385,0.3132842152266131,1
12083,0.8066528477720935,95.66666666666667,0.87829791500646,0.9767441860465116,53,3.7,0.098,0,0.6463626582802284,1
14974,0.7348318969452552,97.08333333333333,0.8671911313846137,1,60,4.1,0.138,0.07179339046596063,0,1
12392,0.8312105284172524,9.416666666666666,0.6920404842246847,0.5853658536585366,76,3.5,0.076,0,0.2960093612556995,1
6694,0.8207457051725929,6.666666666666667,0.7525126265847084,0.5675675675675675,18,4.4,0.173,0,0.827756199581715,0
17320,0.6982220850473723,18.166666666666668,0.762351672532319,0.75,35,3.8,0.111,0.16556862656389365,0,1
25324,0.6223947744682417,9.5,0.6241353458661658,0.6944444444444444,35,4.3,0,0,0.6207155267730217,0
7204,0.7600854452686121,16.833333333333332,0.7833062512055515,0.75,4,4.5,0.11,0.05793240371715868,0,1
22654,0.8101706699748905,97.75,0.882752076299039,0.2391304347826087,28,4.6,0.027,0,0.35644919219563875,1
2016,0.5865059779631314,10.25,0.6218856600249274,0.625,39,3.9,0.179,0,0.6939484126984127,0
19279,0.686601429605924,16,0.743572216143934,0.6666666666666666,26,3.5,0.145,0.01669795151585775,0.16661047280649427,1
15353,0.7583635065131481,17.916666666666668,0.7468211832510357,0.5641025641025641,30,3.2,0.066,0,0.6195082234163817,0
21384,0.8823777934164216,89.75,0.8300379074083922,0.34782608695652173,30,3.3,0.262,0,0.29601571268237936,1
8825,0.566302173566194,17.083333333333332,0.6982304814005552,1,37,2.5,0.235,0.0014982383351443906,0.5309915014164306,0
7718,0.6099645952546806,19.416666666666668,0.8365150475987905,1,19,4.2,0.088,0,0.6478781988986071,1
11373,0.7420096553380331,92.08333333333333,0.8596993170058859,0.6,48,4.6,0.112,0.00189774829144147,0.22440096724554848,1
17273,0.5875893762201749,11.833333333333334,0.7492324814821851,0.20454545454545456,59,4.7,0.112,0,0.6781682394488509,0
7559,0.6754360329672573,17.5,0.7626678896309121,1,26,3.9,0.256,0,0.4429450287755507,0
17495,0.7307751138634162,99.91666666666667,0.9128969277493453,0.3333333333333333,17,3.6,0.156,0.0013005765502925816,0.08162332094884253,1
2166,0.7275012719436954,16.25,0.7411907101344504,0.5476190476190477,78,4.3,0.119,0.0007102923655027037,0.37903970452446906,1
9367,0.6118659222292997,18.833333333333332,0.7578065100282476,0.06818181818181818,11,3.9,0.149,0.05832155619857288,0.11850112095654959,0
10763,0.9370112941490957,6.416666666666667,0.8149635474185064,1,54,3.8,0.133,0,0.35131242740998836,1
4360,0.8241221515236141,7.583333333333333,0.809982236639664,0.7027027027027027,33,3.9,0.115,0,1.159862385321101,1
20082,0.7563182158876556,6.416666666666667,0.7418882218915352,0.6842105263157895,14,4,0.129,0,0.370281844437805,1
13823,0.7753287198156182,6.833333333333333,0.747705355297839,0.40476190476190477,61,4.4,0.04,0,0.5234943027672273,1
7234,0.8545381246680288,10.666666666666666,0.6744895835000053,1,14,4,0.26,0,0.22036358609248635,1
7070,0.7246367234762249,6.25,0.7921539030917347,0.5555555555555556,45,4.2,0.131,0.15389385948422887,0,1
4934,0.8855904857897845,98.75,0.8844559624582884,0.9375,39,3.6,0.159,0,0.651803810295906,1
15174,0.7455404434323674,10.916666666666666,0.6708692956135862,0.7142857142857143,1,4.8,0.165,0,0.9210136092529739,0
14982,0.6581657574922299,97.33333333333333,0.8365107087358903,0.6216216216216216,1,3.2,0.068,0,0.5082765985849687,1
1826,0.7224807063874592,10.166666666666666,0.7026498828325074,0.5581395348837209,13,4.7,0,0.001012375109186105,0.6905805038335159,1
1934,0.7793988497674638,10.416666666666666,0.7055174028911047,0.625,52,3.7,0.072,0.002014483884128927,0.6008273009307136,1
4207,0.4944071523387483,19.083333333333332,0.779270708190391,0.7,40,4.3,0.085,0,0.24890051111375253,1
14011,0.5644645801601813,16.666666666666668,0.7620924549325936,1,32,3.9,0.07,0,0.8029405467132967,1
1843,0.7739302024070122,92.66666666666667,0.9007689624163042,0.7560975609756098,22,3.8,0.173,0.036949548682844655,0.4770691994572592,1
8298,0.5276009851013008,20.5,0.7973994179776079,0.7027027027027027,37,4.6,0.026,0,0.94528802120993,1
3348,0.6410501704186781,7.166666666666667,0.8040430285307824,0.5,24,4.3,0.058,0,0.8926064227035101,0
14031,0.7157600617865997,17.166666666666668,0.7519042264236769,0.7948717948717948,1,4.8,0.122,0.001636838308199301,0.1725526531484979,1
18779,0.7504522893217535,17.333333333333332,0.7131455021119943,0.5454545454545454,6,4.2,0.09,0.0015569058963796247,0.297734110818223,1
1981,0.8741366055753738,6.666666666666667,0.7849418683239343,1,11,4.4,0.071,0.04330343906069626,0.05402676091895986,1
17461,0.80012925753657,6.166666666666667,0.6906615366956865,0.8,11,3.6,0.015,0,0.7864608688181897,1
12987,0.9124992219210253,6.166666666666667,0.7924014662738215,0.6888888888888889,66,4.1,0.179,0.016425090817132015,0,1
8073,0.7747518959446544,6.416666666666667,0.7754335523923301,0.6842105263157895,47,3.5,0.185,0,1.4250851656859709,0
8957,0.7336222676031603,101.75,0.8667996445363164,0.46153846153846156,50,4.8,0.139,0,0.8771910237802836,1
21132,0.6950057304101398,18.833333333333332,0.7656955346040049,0.7708333333333334,18,3.9,0.223,0.010543548443579858,0.17708160802593284,1
27267,0.7372523681624725,98.33333333333333,0.8506357434788591,0.8604651162790697,31,4.8,0.031,0,0.6343932225767411,1
6087,0.7511530221764966,6.25,0.7069698536555211,0.6938775510204082,1,3.3,0,0,1.2528339083292261,0
18645,0.7425010276782588,7.166666666666667,0.8040430285307824,0.7142857142857143,36,3.5,0,0.0053707755895939695,0.536190297406742,1
11114,0.6325609457947361,6.833333333333333,0.7548810824116856,0.4523809523809524,6,3.5,0.157,0,1.2799748054168354,0
8759,0.7572973571709827,5.916666666666667,0.8387954487005691,0.6046511627906976,16,4.3,0.244,0.028773808498988543,0.064737112519267,1
1917,0.8349044709985272,9.25,0.6577762177797734,0.45,16,3.8,0.133,0,0.715888338116358,0
25053,0.7784796343841349,104,0.8893882440593757,0.4523809523809524,3,4.8,0.023,0,0.8316369297090169,1
2429,0.6802672858356551,18.25,0.7610253130935247,0.9318181818181818,30,4.4,0.237,0.0256673102825055,0,1
8873,0.6405942157000393,9.333333333333334,0.6178404543029876,0.6739130434782609,28,4.1,0,0,0.5869491716443143,1
29941,0.7375523543525152,9.75,0.7590107319680054,1,19,3.5,0.213,0.059924298214209686,0.019972612805183528,1
23175,0.6568645192105325,18.833333333333332,0.8124812380494062,0.7391304347826086,60,4.1,0.061,0.0011027745402745403,0.5158255841549979,1
16845,0.8081075510889815,7.166666666666667,0.8405661720836967,0.5833333333333334,8,3.8,0.261,0.04074646246154675,0.29665469441063846,1
4817,0.9182837163081423,6.25,0.7459658815565646,0.47619047619047616,14,3.7,0.092,0,0.772057297072867,1
15574,0.8113949449019837,93,0.8598708401267052,0.6829268292682927,37,4.1,0.102,0,1.1472967766790805,1
1734,0.6592410618871003,19.333333333333332,0.8131079018217344,0.36363636363636365,60,3.6,0.149,0,0.986159169550173,0
17086,0.7205786512526626,6.166666666666667,0.736573125815974,0.8055555555555556,18,3.5,0,0,0.4330445979164228,1
12378,0.7008896645669865,101.83333333333333,0.8975680181452121,0.6341463414634146,43,3.5,0.176,0,0.5349006301502666,1
16798,0.6693525438537813,16.416666666666668,0.7769383498201032,0.8571428571428571,91,4.7,0.215,0,1.1101916894868438,1
15504,0.7246119663856023,11.916666666666666,0.8488798406645153,0.7,65,3.2,0.087,0.06713954137295342,0.006256449948400413,1
1911,0.7196842865010808,96.16666666666667,0.8809950474862884,0.8974358974358975,1,3.7,0,0,0.4234493588065951,1
14213,0.7905344801345711,108.08333333333333,0.928487001957918,0.525,50,4.3,0.247,0.04838674915856769,0.25948988566402814,1
17420,0.869369724966591,6,0.7848342585440324,0.972972972972973,1,3.4,0.265,0,0.8614810562571756,0
8663,0.7573731352972014,9,0.6457198801905742,0.5813953488372093,21,4.1,0.269,0.0023730010380967168,0.22487734487734487,0
22455,0.6892232792546324,15.5,0.6009897781660329,0.5853658536585366,38,3.8,0.018,0,0.8774187801999599,0
16758,0.8512722399085733,9.75,0.7483344980455477,0.7727272727272727,46,3.5,0.105,0,0.8011934954497986,1
3975,0.6436322487167574,100.58333333333333,0.8780696190862832,0.3783783783783784,1,4.1,0.065,0,0.4266666666666667,1
5692,0.5885900845611737,17.5,0.6721540099417427,0.7027027027027027,43,4.4,0.153,0.1309680252374222,0.09803232607167955,1
1983,0.7260530682533637,92.58333333333333,0.880010878268516,0.3488372093023256,46,4.2,0.209,0.002434590553856609,0.4654563792233989,1
19375,0.7060389558058915,6,0.6957096902749077,0.5675675675675675,61,3.8,0.06,0,0.34917030116906245,1
16119,0.8088648709162641,94.66666666666667,0.8456918673509829,0.3953488372093023,1,3.6,0.131,0.0017319750802126351,0.38092874647144587,1
2163,0.5775638510546475,17.333333333333332,0.7416340607202999,0.627906976744186,21,4,0.175,0.00008720524626761545,0.5654184003698567,0
8936,0.8437344799760848,11.166666666666666,0.6458564024565769,0.9512195121951219,1,4.4,0.037,0,0.17714861235452103,1